IQ-TREE multicore version 2.2.0.3 COVID-edition for Linux 64-bit built May 11 2022
Developed by Bui Quang Minh, James Barbetti, Nguyen Lam Tung,
Olga Chernomor, Heiko Schmidt, Dominik Schrempf, Michael Woodhams, Ly Trong Nhan.

Host:    SGBGA-D142152S (AVX2, FMA3, 251 GB RAM)
Command: iqtree2 -p 03_ML_1/fasta_files_aligned_trimmed -m MFP --merge --rcluster-max 25 -nstop 500 -T AUTO -bb 1000 --runs 3 --prefix 03_ML_1/MLtree
Seed:    193268 (Using SPRNG - Scalable Parallel Random Number Generator)
Time:    Thu Oct 16 22:09:40 2025
Kernel:  AVX+FMA - auto-detect threads (32 CPU cores detected)

Reading 100 alignment files in directory 03_ML_1/fasta_files_aligned_trimmed
Reading alignment file 03_ML_1/fasta_files_aligned_trimmed/109109at33208_aligned_trim.faa ... Fasta format detected
Reading fasta file: done in 0.000954973 secs using 94.03% CPU
Alignment most likely contains protein sequences
Constructing alignment: done in 0.00399642 secs using 1528% CPU
Alignment has 27 sequences with 688 columns, 568 distinct patterns
329 parsimony-informative, 148 singleton sites, 211 constant sites
                 Gap/Ambiguity  Composition  p-value
Analyzing sequences: done in 0.00451581 secs using 1623% CPU
   1  GCA.949358305.1    0.15%    passed     99.97%
   2  GCA.905147815.2    0.00%    passed     96.46%
   3  GCF.038396675.1    5.81%    passed     97.20%
   4  GCA.907164885.2    2.62%    passed    100.00%
   5  GCA.949752735.1    0.44%    passed     99.13%
   6  GCA.012295275.1    0.87%    passed     99.97%
   7  GCA.965235105.1    0.00%    passed     99.98%
   8  GCA.964340945.1    0.15%    passed     99.99%
   9  GCA.034508935.3    0.44%    passed    100.00%
  10  GCA.029030555.1    0.29%    passed     99.95%
  11  GCA.000376725.2    0.15%    passed     99.99%
  12  GCA.037127315.1    0.58%    passed     99.97%
  13  GCF.036711975.1    0.00%    passed    100.00%
  14  GCF.030347505.1    0.00%    passed    100.00%
  15  GCA.964019055.1    3.49%    passed     99.79%
  16  GCA.023014485.1    1.31%    passed     99.57%
  17  GCA.964340655.1    9.16%    passed     74.06%
  18  GCA.037379345.1    0.29%    passed    100.00%
  19  GCA.032361705.1    0.58%    passed     94.38%
  20  GCF.021130785.1    5.23%    passed     99.99%
  21  GCA.037976565.1    8.72%    passed     97.23%
  22  GCF.003227725.1    0.00%    passed     99.95%
  23  GCA.965247725.1    0.00%    passed    100.00%
  24  GCF.001194135.2    5.96%    passed     99.98%
  25  GCA.014526335.2   19.62%    passed     91.74%
  26  GCA.951509405.1    0.00%    passed    100.00%
  27  GCF.043290135.1    0.58%    passed     99.88%
****  TOTAL              2.46%  0 sequences failed composition chi2 test (p-value<5%; df=19)
Reading alignment file 03_ML_1/fasta_files_aligned_trimmed/123923at33208_aligned_trim.faa ... Fasta format detected
Reading fasta file: done in 0.000569099 secs using 98.05% CPU
Alignment most likely contains protein sequences
Constructing alignment: done in 0.0023685 secs using 1387% CPU
Alignment has 29 sequences with 625 columns, 618 distinct patterns
541 parsimony-informative, 53 singleton sites, 31 constant sites
                 Gap/Ambiguity  Composition  p-value
Analyzing sequences: done in 0.00452462 secs using 1566% CPU
   1  GCA.029582155.1   21.12%    passed     75.27%
   2  GCA.949358305.1    3.68%    passed     97.95%
   3  GCA.905147815.2    4.16%    failed      0.01%
   4  GCF.038396675.1    2.08%    failed      0.06%
   5  GCA.907164885.2    8.32%    passed     32.58%
   6  GCA.949752735.1   19.84%    passed     79.98%
   7  GCA.012295275.1   20.32%    passed     98.96%
   8  GCA.965235105.1   40.00%    failed      0.31%
   9  GCA.964340945.1   20.96%    passed     83.15%
  10  GCA.034508935.3    7.52%    passed     99.66%
  11  GCA.029030555.1   15.04%    passed     29.51%
  12  GCA.000376725.2    2.88%    passed     98.38%
  13  GCA.037127315.1    4.32%    passed     98.34%
  14  GCF.036711975.1    4.00%    passed     79.37%
  15  GCF.030347505.1    8.80%    passed     59.27%
  16  GCA.002278615.1   18.88%    passed     86.37%
  17  GCA.964019055.1   16.00%    passed     93.46%
  18  GCA.023014485.1   46.56%    passed     70.30%
  19  GCA.964340655.1    3.84%    failed      0.02%
  20  GCA.037379345.1   32.80%    passed     99.97%
  21  GCF.021130785.1   32.16%    passed      5.68%
  22  GCA.037976565.1    5.76%    passed     84.38%
  23  GCA.020423425.1   16.80%    failed      0.00%
  24  GCF.003227725.1    2.88%    passed     92.54%
  25  GCA.965247725.1    2.88%    passed     91.20%
  26  GCF.001194135.2    2.08%    passed     91.21%
  27  GCA.014526335.2   51.68%    passed     20.27%
  28  GCA.951509405.1    6.72%    passed     20.66%
  29  GCF.043290135.1   43.68%    passed     75.34%
WARNING: 1 sequences contain more than 50% gaps/ambiguity
****  TOTAL             16.06%  5 sequences failed composition chi2 test (p-value<5%; df=19)
Reading alignment file 03_ML_1/fasta_files_aligned_trimmed/130245at33208_aligned_trim.faa ... Fasta format detected
Reading fasta file: done in 0.000693653 secs using 95.29% CPU
Alignment most likely contains protein sequences
Constructing alignment: done in 0.00267813 secs using 1220% CPU
Alignment has 29 sequences with 689 columns, 651 distinct patterns
452 parsimony-informative, 131 singleton sites, 106 constant sites
                 Gap/Ambiguity  Composition  p-value
Analyzing sequences: done in 0.00249838 secs using 1641% CPU
   1  GCA.029582155.1    1.89%    passed     99.97%
   2  GCA.905147815.2    1.60%    passed     98.57%
   3  GCF.038396675.1    2.03%    passed     97.87%
   4  GCA.907164885.2    4.35%    passed     99.91%
   5  GCA.949752735.1   10.16%    passed     83.00%
   6  GCA.012295275.1    1.74%    passed     99.83%
   7  GCA.965235105.1    9.58%    passed     78.59%
   8  GCA.964340945.1    4.79%    passed     93.88%
   9  GCA.034508935.3    2.61%    passed     98.78%
  10  GCA.029030555.1    1.60%    passed     99.05%
  11  GCA.000376725.2    5.66%    passed     98.19%
  12  GCA.037127315.1    1.89%    passed     91.48%
  13  GCF.036711975.1    1.60%    passed     99.98%
  14  GCF.030347505.1    4.21%    passed     98.40%
  15  GCA.002278615.1   36.72%    passed     89.83%
  16  GCA.964019055.1    2.32%    passed    100.00%
  17  GCA.023014485.1   18.87%    passed     99.60%
  18  GCA.964340655.1    1.60%    passed     99.47%
  19  GCA.037379345.1    3.34%    passed     99.80%
  20  GCA.032361705.1   45.72%    passed     96.77%
  21  GCF.021130785.1    2.03%    passed     98.18%
  22  GCA.037976565.1    7.55%    passed     34.87%
  23  GCA.020423425.1    1.60%    passed     99.96%
  24  GCF.003227725.1    2.47%    passed     98.77%
  25  GCA.965247725.1    1.74%    passed     99.73%
  26  GCF.001194135.2    3.77%    passed     81.84%
  27  GCA.014526335.2   39.62%    passed     17.41%
  28  GCA.951509405.1    2.90%    passed     99.78%
  29  GCF.043290135.1    8.42%    passed     88.43%
****  TOTAL              8.01%  0 sequences failed composition chi2 test (p-value<5%; df=19)
Reading alignment file 03_ML_1/fasta_files_aligned_trimmed/139188at33208_aligned_trim.faa ... Fasta format detected
Reading fasta file: done in 0.000689839 secs using 2273% CPU
Alignment most likely contains protein sequences
Constructing alignment: done in 0.00306712 secs using 1067% CPU
Alignment has 27 sequences with 754 columns, 747 distinct patterns
652 parsimony-informative, 72 singleton sites, 30 constant sites
                 Gap/Ambiguity  Composition  p-value
Analyzing sequences: done in 0.00449084 secs using 1442% CPU
   1  GCA.949358305.1    1.33%    passed     80.11%
   2  GCA.905147815.2    9.55%    failed      0.00%
   3  GCF.038396675.1    7.29%    failed      4.65%
   4  GCA.907164885.2   14.19%    passed     53.35%
   5  GCA.949752735.1   15.65%    passed     47.85%
   6  GCA.012295275.1   10.34%    passed     90.32%
   7  GCA.965235105.1   13.53%    passed     89.31%
   8  GCA.964340945.1   15.52%    passed     92.78%
   9  GCA.034508935.3   17.64%    passed     38.21%
  10  GCA.029030555.1   28.25%    failed      0.00%
  11  GCA.000376725.2    8.22%    passed     37.76%
  12  GCA.037127315.1    4.51%    passed     50.43%
  13  GCF.036711975.1    0.53%    failed      3.06%
  14  GCF.030347505.1    5.97%    passed     27.63%
  15  GCA.002278615.1    5.31%    passed     68.36%
  16  GCA.964019055.1   11.14%    passed     47.55%
  17  GCA.964340655.1   22.81%    failed      0.00%
  18  GCA.037379345.1   16.84%    passed     59.51%
  19  GCA.032361705.1   27.98%    passed     88.97%
  20  GCF.021130785.1    6.23%    passed     38.97%
  21  GCA.037976565.1    6.10%    passed     85.88%
  22  GCA.020423425.1   13.00%    passed     10.74%
  23  GCF.003227725.1    2.12%    passed     84.85%
  24  GCA.965247725.1    2.12%    passed     80.34%
  25  GCF.001194135.2    2.79%    passed     47.28%
  26  GCA.951509405.1    3.18%    passed     72.65%
  27  GCF.043290135.1   18.30%    passed     98.27%
****  TOTAL             10.76%  5 sequences failed composition chi2 test (p-value<5%; df=19)
Reading alignment file 03_ML_1/fasta_files_aligned_trimmed/176247at33208_aligned_trim.faa ... Fasta format detected
Reading fasta file: done in 0.000246999 secs using 92.31% CPU
Alignment most likely contains protein sequences
Constructing alignment: done in 0.000828406 secs using 656.6% CPU
Alignment has 28 sequences with 206 columns, 197 distinct patterns
145 parsimony-informative, 25 singleton sites, 36 constant sites
                 Gap/Ambiguity  Composition  p-value
Analyzing sequences: done in 0.00462977 secs using 1458% CPU
   1  GCA.029582155.1    2.43%    passed     91.01%
   2  GCA.949358305.1   17.96%    passed     85.71%
   3  GCA.905147815.2    1.94%    passed     99.95%
   4  GCF.038396675.1    2.91%    passed     98.12%
   5  GCA.907164885.2    1.94%    passed     97.15%
   6  GCA.949752735.1    2.43%    passed     98.97%
   7  GCA.012295275.1    2.43%    passed     99.99%
   8  GCA.965235105.1    2.43%    passed     98.20%
   9  GCA.964340945.1    2.43%    passed     99.85%
  10  GCA.034508935.3    2.43%    passed     99.99%
  11  GCA.029030555.1    1.94%    passed     99.92%
  12  GCA.000376725.2    1.94%    passed     78.26%
  13  GCA.032362205.1    4.85%    passed     99.92%
  14  GCA.037127315.1    3.88%    passed     99.91%
  15  GCF.030347505.1    2.43%    passed     72.81%
  16  GCA.002278615.1    2.43%    passed     97.54%
  17  GCA.964019055.1    2.91%    passed     98.80%
  18  GCA.023014485.1   26.21%    passed     83.01%
  19  GCA.964340655.1    0.97%    passed     63.71%
  20  GCA.037379345.1    2.43%    passed     98.28%
  21  GCA.037976565.1   24.76%    passed     83.44%
  22  GCA.020423425.1    1.94%    passed     98.05%
  23  GCF.003227725.1    3.40%    passed     76.68%
  24  GCA.965247725.1    3.40%    passed     96.15%
  25  GCF.001194135.2    2.43%    passed     99.54%
  26  GCA.014526335.2   18.45%    passed     85.14%
  27  GCA.951509405.1    1.94%    passed     91.70%
  28  GCF.043290135.1    2.43%    passed     95.08%
****  TOTAL              5.29%  0 sequences failed composition chi2 test (p-value<5%; df=19)
Reading alignment file 03_ML_1/fasta_files_aligned_trimmed/202545at33208_aligned_trim.faa ... Fasta format detected
Reading fasta file: done in 0.000538973 secs using 166.1% CPU
Alignment most likely contains protein sequences
Constructing alignment: done in 0.00235675 secs using 1400% CPU
Alignment has 28 sequences with 539 columns, 530 distinct patterns
402 parsimony-informative, 92 singleton sites, 45 constant sites
                 Gap/Ambiguity  Composition  p-value
Analyzing sequences: done in 0.0036514 secs using 1662% CPU
   1  GCA.029582155.1   31.73%    passed     97.02%
   2  GCA.949358305.1    1.30%    passed     99.72%
   3  GCA.905147815.2    0.74%    passed     92.83%
   4  GCF.038396675.1    2.97%    passed     37.22%
   5  GCA.907164885.2    3.15%    passed     98.34%
   6  GCA.012295275.1    7.79%    passed     97.61%
   7  GCA.965235105.1    8.35%    passed     99.74%
   8  GCA.964340945.1   27.27%    passed     89.07%
   9  GCA.034508935.3    5.94%    passed     67.52%
  10  GCA.029030555.1    0.74%    passed     98.22%
  11  GCA.000376725.2   14.84%    passed     93.05%
  12  GCA.037127315.1   23.93%    passed     94.68%
  13  GCF.036711975.1    2.60%    passed     98.14%
  14  GCF.030347505.1    1.67%    passed     91.60%
  15  GCA.002278615.1   18.74%    passed     99.49%
  16  GCA.964019055.1    9.83%    passed     54.32%
  17  GCA.023014485.1    8.16%    passed     98.30%
  18  GCA.964340655.1    0.74%    passed     90.29%
  19  GCA.037379345.1   11.32%    passed     97.89%
  20  GCF.021130785.1    2.97%    passed     98.36%
  21  GCA.037976565.1    3.90%    passed     67.86%
  22  GCA.020423425.1    3.71%    passed     82.67%
  23  GCF.003227725.1    0.93%    passed     74.53%
  24  GCA.965247725.1    0.37%    passed     99.69%
  25  GCF.001194135.2   23.01%    passed     98.91%
  26  GCA.014526335.2   50.28%    passed     48.37%
  27  GCA.951509405.1    0.93%    passed     97.61%
  28  GCF.043290135.1    7.79%    passed     97.04%
WARNING: 1 sequences contain more than 50% gaps/ambiguity
****  TOTAL              9.85%  0 sequences failed composition chi2 test (p-value<5%; df=19)
Reading alignment file 03_ML_1/fasta_files_aligned_trimmed/207599at33208_aligned_trim.faa ... Fasta format detected
Reading fasta file: done in 0.000536996 secs using 2719% CPU
Alignment most likely contains protein sequences
Constructing alignment: done in 0.00202707 secs using 1536% CPU
Alignment has 29 sequences with 465 columns, 438 distinct patterns
373 parsimony-informative, 39 singleton sites, 53 constant sites
                 Gap/Ambiguity  Composition  p-value
Analyzing sequences: done in 0.00466701 secs using 1567% CPU
   1  GCA.029582155.1    0.22%    passed     96.80%
   2  GCA.949358305.1    4.95%    passed     99.98%
   3  GCA.905147815.2    1.29%    passed     49.23%
   4  GCF.038396675.1   31.40%    passed     96.90%
   5  GCA.907164885.2    0.00%    passed     42.70%
   6  GCA.949752735.1    1.51%    passed     99.98%
   7  GCA.012295275.1    0.22%    passed     99.32%
   8  GCA.965235105.1    0.22%    passed     39.43%
   9  GCA.964340945.1    0.43%    passed     99.80%
  10  GCA.034508935.3    1.29%    passed     85.57%
  11  GCA.029030555.1    1.08%    passed     95.21%
  12  GCA.000376725.2   27.74%    passed     58.90%
  13  GCA.032362205.1    9.46%    passed     96.73%
  14  GCA.037127315.1    6.24%    passed     97.83%
  15  GCF.036711975.1    1.72%    passed     84.07%
  16  GCF.030347505.1    3.44%    passed     87.19%
  17  GCA.002278615.1   28.39%    passed     95.53%
  18  GCA.964019055.1    2.37%    passed     99.99%
  19  GCA.023014485.1   10.11%    passed     98.77%
  20  GCA.964340655.1    1.08%    passed     85.51%
  21  GCA.037379345.1    0.43%    passed     92.40%
  22  GCF.021130785.1    8.17%    passed     99.95%
  23  GCA.020423425.1    3.44%    passed     90.89%
  24  GCF.003227725.1    0.65%    passed     97.79%
  25  GCA.965247725.1    2.37%    passed     85.94%
  26  GCF.001194135.2    0.00%    passed     99.86%
  27  GCA.014526335.2   13.76%    passed     93.15%
  28  GCA.951509405.1    6.24%    passed     95.57%
  29  GCF.043290135.1    2.37%    passed     16.92%
****  TOTAL              5.88%  0 sequences failed composition chi2 test (p-value<5%; df=19)
Reading alignment file 03_ML_1/fasta_files_aligned_trimmed/210614at33208_aligned_trim.faa ... Fasta format detected
Reading fasta file: done in 0.000798464 secs using 1979% CPU
Alignment most likely contains protein sequences
Constructing alignment: done in 0.00281317 secs using 1135% CPU
Alignment has 30 sequences with 721 columns, 715 distinct patterns
562 parsimony-informative, 102 singleton sites, 57 constant sites
                 Gap/Ambiguity  Composition  p-value
Analyzing sequences: done in 0.00470955 secs using 1644% CPU
   1  GCA.029582155.1   11.51%    passed     86.89%
   2  GCA.949358305.1   14.70%    passed     34.17%
   3  GCA.905147815.2    4.30%    passed     99.14%
   4  GCF.038396675.1    3.74%    passed     21.71%
   5  GCA.907164885.2    3.61%    passed     99.89%
   6  GCA.949752735.1   27.88%    passed     83.13%
   7  GCA.012295275.1    4.85%    passed     99.55%
   8  GCA.965235105.1    7.91%    failed      0.00%
   9  GCA.964340945.1   11.23%    passed     92.02%
  10  GCA.034508935.3   11.23%    passed     94.41%
  11  GCA.029030555.1    4.99%    passed     99.90%
  12  GCA.000376725.2    4.44%    passed     89.28%
  13  GCA.037127315.1   34.12%    passed     46.13%
  14  GCF.036711975.1    5.13%    passed     93.63%
  15  GCF.030347505.1    5.27%    passed     90.29%
  16  GCA.002278615.1    3.88%    passed     90.57%
  17  GCA.964019055.1    5.83%    passed     99.88%
  18  GCA.023014485.1   40.36%    passed     92.06%
  19  GCA.964340655.1    6.93%    passed    100.00%
  20  GCA.037379345.1    7.21%    passed     25.56%
  21  GCA.032361705.1   43.13%    passed     13.42%
  22  GCF.021130785.1    5.13%    passed     32.20%
  23  GCA.037976565.1    3.74%    passed     99.95%
  24  GCA.020423425.1   10.82%    passed     91.97%
  25  GCF.003227725.1    4.02%    passed     74.29%
  26  GCA.965247725.1    4.02%    passed     46.96%
  27  GCF.001194135.2   11.79%    passed     81.28%
  28  GCA.014526335.2   24.27%    passed     99.04%
  29  GCA.951509405.1    5.55%    passed     89.99%
  30  GCF.043290135.1    3.61%    passed     66.19%
****  TOTAL             11.17%  1 sequences failed composition chi2 test (p-value<5%; df=19)
Reading alignment file 03_ML_1/fasta_files_aligned_trimmed/239016at33208_aligned_trim.faa ... Fasta format detected
Reading fasta file: done in 0.000477939 secs using 3235% CPU
Alignment most likely contains protein sequences
Constructing alignment: done in 0.00184129 secs using 1635% CPU
Alignment has 27 sequences with 467 columns, 465 distinct patterns
396 parsimony-informative, 43 singleton sites, 28 constant sites
                 Gap/Ambiguity  Composition  p-value
Analyzing sequences: done in 0.00223467 secs using 1987% CPU
   1  GCA.029582155.1    1.50%    passed     81.27%
   2  GCA.949358305.1    1.07%    passed     90.29%
   3  GCA.905147815.2    3.85%    failed      0.00%
   4  GCF.038396675.1    2.14%    passed     80.70%
   5  GCA.907164885.2    1.28%    passed     59.38%
   6  GCA.949752735.1    4.93%    passed     75.17%
   7  GCA.012295275.1    1.07%    passed     98.44%
   8  GCA.965235105.1   43.04%    passed     67.13%
   9  GCA.964340945.1   13.49%    passed     68.45%
  10  GCA.034508935.3   24.84%    passed     99.20%
  11  GCA.029030555.1    3.21%    failed      0.02%
  12  GCA.000376725.2    9.42%    passed     97.78%
  13  GCA.037127315.1    1.28%    passed     99.93%
  14  GCF.030347505.1    2.36%    passed     55.91%
  15  GCA.002278615.1   10.71%    passed     58.31%
  16  GCA.964019055.1    7.28%    passed     84.04%
  17  GCA.964340655.1    4.93%    failed      0.00%
  18  GCA.037379345.1    4.07%    passed     92.50%
  19  GCA.032361705.1   44.75%    passed     65.37%
  20  GCA.037976565.1    3.85%    passed     98.68%
  21  GCA.020423425.1    9.85%    passed     11.19%
  22  GCF.003227725.1    4.07%    passed     96.96%
  23  GCA.965247725.1    1.07%    passed     80.94%
  24  GCF.001194135.2    4.71%    passed     53.99%
  25  GCA.014526335.2   26.12%    passed     90.56%
  26  GCA.951509405.1    1.93%    passed     72.72%
  27  GCF.043290135.1    2.14%    passed     94.55%
****  TOTAL              8.85%  3 sequences failed composition chi2 test (p-value<5%; df=19)
Reading alignment file 03_ML_1/fasta_files_aligned_trimmed/257141at33208_aligned_trim.faa ... Fasta format detected
Reading fasta file: done in 0.000575921 secs using 2531% CPU
Alignment most likely contains protein sequences
Constructing alignment: done in 0.00202045 secs using 1344% CPU
Alignment has 30 sequences with 504 columns, 468 distinct patterns
390 parsimony-informative, 50 singleton sites, 64 constant sites
                 Gap/Ambiguity  Composition  p-value
Analyzing sequences: done in 0.00222782 secs using 1693% CPU
   1  GCA.029582155.1    8.13%    passed     98.13%
   2  GCA.949358305.1    0.00%    passed     89.13%
   3  GCA.905147815.2    0.00%    passed     99.01%
   4  GCF.038396675.1    6.94%    passed     46.25%
   5  GCA.907164885.2    0.40%    passed     98.31%
   6  GCA.949752735.1    0.00%    passed     98.30%
   7  GCA.012295275.1   10.12%    passed     99.69%
   8  GCA.965235105.1   27.78%    passed     98.55%
   9  GCA.964340945.1    0.20%    passed     98.99%
  10  GCA.034508935.3    0.00%    passed     77.22%
  11  GCA.029030555.1    0.20%    passed     76.18%
  12  GCA.000376725.2    0.00%    passed     29.76%
  13  GCA.032362205.1    0.79%    passed     39.11%
  14  GCA.037127315.1    1.59%    passed     98.14%
  15  GCF.036711975.1    0.00%    passed     99.87%
  16  GCF.030347505.1    0.20%    passed     82.79%
  17  GCA.002278615.1    0.40%    passed     99.64%
  18  GCA.964019055.1    0.20%    passed     99.66%
  19  GCA.964340655.1    0.00%    passed     90.22%
  20  GCA.037379345.1    0.00%    passed     99.44%
  21  GCA.032361705.1   45.04%    passed     32.63%
  22  GCF.021130785.1    0.79%    passed     60.44%
  23  GCA.037976565.1    2.18%    passed     93.17%
  24  GCA.020423425.1    0.60%    passed     99.99%
  25  GCF.003227725.1    0.00%    passed     97.24%
  26  GCA.965247725.1    0.00%    passed     97.92%
  27  GCF.001194135.2    0.40%    passed     99.24%
  28  GCA.014526335.2    2.98%    failed      3.42%
  29  GCA.951509405.1    0.40%    passed     98.53%
  30  GCF.043290135.1    0.60%    passed     31.05%
****  TOTAL              3.66%  1 sequences failed composition chi2 test (p-value<5%; df=19)
Reading alignment file 03_ML_1/fasta_files_aligned_trimmed/274769at33208_aligned_trim.faa ... Fasta format detected
Reading fasta file: done in 0.000391231 secs using 321.8% CPU
Alignment most likely contains protein sequences
Constructing alignment: done in 0.0013806 secs using 1330% CPU
Alignment has 27 sequences with 355 columns, 311 distinct patterns
201 parsimony-informative, 80 singleton sites, 74 constant sites
                 Gap/Ambiguity  Composition  p-value
Analyzing sequences: done in 0.00409239 secs using 1910% CPU
   1  GCA.029582155.1    0.56%    passed     99.53%
   2  GCA.949358305.1    1.13%    passed     99.70%
   3  GCA.905147815.2    1.69%    passed     78.60%
   4  GCF.038396675.1    2.25%    passed     99.97%
   5  GCA.907164885.2    3.10%    passed     92.35%
   6  GCA.949752735.1    9.58%    passed     99.29%
   7  GCA.012295275.1    0.85%    passed     99.84%
   8  GCA.965235105.1    0.85%    passed     89.37%
   9  GCA.964340945.1    0.85%    passed     95.10%
  10  GCA.034508935.3    6.48%    passed     96.50%
  11  GCA.029030555.1    1.13%    passed     90.64%
  12  GCA.037127315.1    3.10%    passed     99.88%
  13  GCF.036711975.1    0.85%    passed    100.00%
  14  GCF.030347505.1    1.97%    passed     99.97%
  15  GCA.002278615.1    7.04%    passed     99.99%
  16  GCA.964019055.1    0.85%    passed     99.15%
  17  GCA.023014485.1    8.45%    passed     99.93%
  18  GCA.964340655.1    1.97%    passed     87.72%
  19  GCA.037379345.1    1.97%    passed     88.38%
  20  GCF.021130785.1    1.13%    passed     98.33%
  21  GCA.037976565.1    4.51%    passed     98.11%
  22  GCA.020423425.1    2.54%    passed     99.97%
  23  GCF.003227725.1    1.97%    passed     99.26%
  24  GCA.965247725.1    0.85%    passed     99.97%
  25  GCF.001194135.2    0.85%    passed     99.89%
  26  GCA.951509405.1    0.85%    passed     99.78%
  27  GCF.043290135.1    7.61%    passed     99.88%
****  TOTAL              2.78%  0 sequences failed composition chi2 test (p-value<5%; df=19)
Reading alignment file 03_ML_1/fasta_files_aligned_trimmed/280914at33208_aligned_trim.faa ... Fasta format detected
Reading fasta file: done in 0.000582688 secs using 196.7% CPU
Alignment most likely contains protein sequences
Constructing alignment: done in 0.00231174 secs using 877.3% CPU
Alignment has 29 sequences with 573 columns, 568 distinct patterns
488 parsimony-informative, 42 singleton sites, 43 constant sites
                 Gap/Ambiguity  Composition  p-value
Analyzing sequences: done in 0.00412111 secs using 2102% CPU
   1  GCA.029582155.1   29.32%    passed      9.67%
   2  GCA.949358305.1    5.06%    passed     99.75%
   3  GCA.905147815.2    5.41%    passed      8.18%
   4  GCF.038396675.1    4.71%    passed     61.64%
   5  GCA.907164885.2    4.54%    passed     84.27%
   6  GCA.949752735.1   41.71%    passed     23.49%
   7  GCA.012295275.1   11.52%    passed     97.84%
   8  GCA.965235105.1   27.40%    passed     34.52%
   9  GCA.964340945.1   43.28%    passed     53.48%
  10  GCA.034508935.3   25.13%    passed     86.79%
  11  GCA.029030555.1    6.28%    passed     15.34%
  12  GCA.000376725.2    5.24%    passed     88.79%
  13  GCA.037127315.1    3.32%    passed     98.57%
  14  GCF.030347505.1    7.16%    passed     57.88%
  15  GCA.002278615.1   34.90%    passed     67.50%
  16  GCA.964019055.1   10.99%    passed     99.81%
  17  GCA.023014485.1    4.36%    failed      0.34%
  18  GCA.964340655.1    5.41%    failed      0.44%
  19  GCA.037379345.1   15.53%    passed     89.77%
  20  GCA.032361705.1    3.66%    passed     91.56%
  21  GCF.021130785.1   13.79%    failed      2.72%
  22  GCA.037976565.1   12.74%    passed     88.27%
  23  GCA.020423425.1   19.55%    passed     54.96%
  24  GCF.003227725.1    7.68%    passed     83.66%
  25  GCA.965247725.1    7.85%    passed     66.96%
  26  GCF.001194135.2    3.14%    passed     93.69%
  27  GCA.014526335.2   39.27%    passed     78.44%
  28  GCA.951509405.1    6.46%    passed     97.94%
  29  GCF.043290135.1   31.94%    passed     23.30%
****  TOTAL             15.08%  3 sequences failed composition chi2 test (p-value<5%; df=19)
Reading alignment file 03_ML_1/fasta_files_aligned_trimmed/281693at33208_aligned_trim.faa ... Fasta format detected
Reading fasta file: done in 0.000771924 secs using 2691% CPU
Alignment most likely contains protein sequences
Constructing alignment: done in 0.00307899 secs using 526.4% CPU
Alignment has 29 sequences with 778 columns, 764 distinct patterns
605 parsimony-informative, 105 singleton sites, 68 constant sites
                 Gap/Ambiguity  Composition  p-value
Analyzing sequences: done in 0.00408645 secs using 2071% CPU
   1  GCA.029582155.1    0.26%    passed     99.92%
   2  GCA.949358305.1    5.91%    passed     99.01%
   3  GCA.905147815.2    3.21%    passed     98.94%
   4  GCF.038396675.1    0.00%    passed     68.31%
   5  GCA.907164885.2    0.13%    passed     95.07%
   6  GCA.949752735.1    4.37%    passed     99.36%
   7  GCA.012295275.1    0.13%    passed     99.84%
   8  GCA.965235105.1   23.01%    passed     85.97%
   9  GCA.964340945.1    0.00%    passed     94.87%
  10  GCA.034508935.3    0.39%    passed     99.43%
  11  GCA.029030555.1    0.00%    passed     91.36%
  12  GCA.000376725.2    6.43%    passed     98.31%
  13  GCA.037127315.1    2.31%    passed     98.60%
  14  GCF.036711975.1    0.00%    passed     93.92%
  15  GCF.030347505.1    0.00%    passed     71.19%
  16  GCA.002278615.1    8.23%    passed     96.61%
  17  GCA.964019055.1   11.83%    passed     82.18%
  18  GCA.023014485.1   35.09%    passed     82.05%
  19  GCA.964340655.1    9.25%    passed     97.79%
  20  GCA.037379345.1    0.00%    passed     97.24%
  21  GCF.021130785.1   16.71%    passed     81.85%
  22  GCA.037976565.1    3.60%    passed     53.25%
  23  GCA.020423425.1    0.39%    passed     62.68%
  24  GCF.003227725.1    0.13%    passed     77.51%
  25  GCA.965247725.1    3.98%    passed     99.99%
  26  GCF.001194135.2    6.04%    passed     99.67%
  27  GCA.014526335.2   20.05%    passed     98.66%
  28  GCA.951509405.1    0.51%    passed     95.29%
  29  GCF.043290135.1   21.47%    failed      0.16%
****  TOTAL              6.32%  1 sequences failed composition chi2 test (p-value<5%; df=19)
Reading alignment file 03_ML_1/fasta_files_aligned_trimmed/284059at33208_aligned_trim.faa ... Fasta format detected
Reading fasta file: done in 0.000368558 secs using 95.51% CPU
Alignment most likely contains protein sequences
Constructing alignment: done in 0.00155591 secs using 907.1% CPU
Alignment has 28 sequences with 369 columns, 361 distinct patterns
294 parsimony-informative, 49 singleton sites, 25 constant sites
                 Gap/Ambiguity  Composition  p-value
Analyzing sequences: done in 0.00405718 secs using 2171% CPU
   1  GCA.029582155.1    0.27%    passed     99.98%
   2  GCA.949358305.1    0.00%    passed     99.96%
   3  GCA.905147815.2    0.00%    passed     55.94%
   4  GCF.038396675.1    7.32%    passed     96.87%
   5  GCA.907164885.2    2.44%    passed     95.59%
   6  GCA.949752735.1    0.00%    passed     94.74%
   7  GCA.012295275.1    9.21%    passed     99.36%
   8  GCA.965235105.1    0.00%    passed     99.90%
   9  GCA.964340945.1    0.27%    passed     98.88%
  10  GCA.034508935.3    0.54%    passed     95.66%
  11  GCA.029030555.1    0.00%    passed     90.72%
  12  GCA.000376725.2    5.15%    passed     80.85%
  13  GCA.037127315.1    0.00%    passed     99.38%
  14  GCF.036711975.1    0.00%    passed     94.64%
  15  GCF.030347505.1    0.00%    passed     12.62%
  16  GCA.002278615.1   26.29%    passed     74.68%
  17  GCA.964019055.1    0.00%    passed     85.08%
  18  GCA.023014485.1    0.00%    passed     99.75%
  19  GCA.964340655.1    0.00%    passed     63.55%
  20  GCA.037379345.1    0.00%    passed     99.99%
  21  GCF.021130785.1    1.08%    passed     94.99%
  22  GCA.037976565.1    5.96%    passed     99.34%
  23  GCA.020423425.1    7.05%    passed     48.27%
  24  GCF.003227725.1    0.00%    passed     99.65%
  25  GCA.965247725.1    0.00%    passed     94.26%
  26  GCF.001194135.2    0.00%    passed     99.62%
  27  GCA.951509405.1    1.08%    passed     16.29%
  28  GCF.043290135.1    8.94%    failed      4.44%
****  TOTAL              2.70%  1 sequences failed composition chi2 test (p-value<5%; df=19)
Reading alignment file 03_ML_1/fasta_files_aligned_trimmed/285966at33208_aligned_trim.faa ... Fasta format detected
Reading fasta file: done in 0.000466788 secs using 98.12% CPU
Alignment most likely contains protein sequences
Constructing alignment: done in 0.00162351 secs using 1013% CPU
Alignment has 29 sequences with 454 columns, 453 distinct patterns
381 parsimony-informative, 57 singleton sites, 16 constant sites
                 Gap/Ambiguity  Composition  p-value
Analyzing sequences: done in 0.0040781 secs using 2165% CPU
   1  GCA.029582155.1    1.54%    passed     98.47%
   2  GCA.949358305.1    1.54%    passed     66.47%
   3  GCA.905147815.2    1.54%    passed     96.24%
   4  GCF.038396675.1    2.20%    passed     13.04%
   5  GCA.907164885.2    1.98%    passed     92.56%
   6  GCA.949752735.1    1.54%    passed     99.61%
   7  GCA.012295275.1    1.54%    passed     83.04%
   8  GCA.965235105.1    1.76%    passed      8.57%
   9  GCA.964340945.1    1.54%    passed     69.69%
  10  GCA.034508935.3    3.08%    passed     97.09%
  11  GCA.029030555.1    1.54%    passed     97.89%
  12  GCA.000376725.2   38.55%    passed     82.72%
  13  GCA.032362205.1    1.54%    passed     79.82%
  14  GCA.037127315.1    1.54%    passed     99.24%
  15  GCF.036711975.1    1.76%    passed     97.27%
  16  GCF.030347505.1    1.76%    passed     96.17%
  17  GCA.002278615.1    1.76%    passed     91.24%
  18  GCA.964019055.1    1.32%    passed     73.81%
  19  GCA.023014485.1   30.18%    passed     45.15%
  20  GCA.964340655.1    1.54%    passed     96.94%
  21  GCA.037379345.1    1.54%    passed     96.33%
  22  GCA.037976565.1    6.61%    passed     91.42%
  23  GCA.020423425.1    1.54%    passed     99.67%
  24  GCF.003227725.1    0.66%    passed     14.05%
  25  GCA.965247725.1    1.10%    passed     99.75%
  26  GCF.001194135.2    2.20%    passed     98.72%
  27  GCA.014526335.2    1.54%    passed     92.40%
  28  GCA.951509405.1    2.42%    passed     79.17%
  29  GCF.043290135.1    1.54%    passed     61.14%
****  TOTAL              4.10%  0 sequences failed composition chi2 test (p-value<5%; df=19)
Reading alignment file 03_ML_1/fasta_files_aligned_trimmed/308610at33208_aligned_trim.faa ... Fasta format detected
Reading fasta file: done in 0.000378526 secs using 4132% CPU
Alignment most likely contains protein sequences
Constructing alignment: done in 0.00106756 secs using 492.3% CPU
Alignment has 28 sequences with 356 columns, 327 distinct patterns
206 parsimony-informative, 69 singleton sites, 81 constant sites
                 Gap/Ambiguity  Composition  p-value
Analyzing sequences: done in 0.00612036 secs using 2233% CPU
   1  GCA.029582155.1    0.84%    passed    100.00%
   2  GCA.949358305.1    0.84%    passed     99.20%
   3  GCA.905147815.2    0.84%    passed     99.89%
   4  GCF.038396675.1    0.84%    passed     77.48%
   5  GCA.907164885.2    0.84%    passed     99.89%
   6  GCA.949752735.1    0.84%    passed     99.94%
   7  GCA.012295275.1    0.84%    passed     99.99%
   8  GCA.965235105.1    0.56%    passed     59.80%
   9  GCA.964340945.1    0.84%    passed     99.68%
  10  GCA.034508935.3    0.84%    passed     99.58%
  11  GCA.029030555.1    0.84%    passed     99.96%
  12  GCA.000376725.2   21.35%    passed     99.44%
  13  GCA.037127315.1    5.90%    passed     99.67%
  14  GCF.036711975.1    0.84%    passed     96.78%
  15  GCF.030347505.1    5.62%    passed     99.07%
  16  GCA.002278615.1    0.28%    passed     99.04%
  17  GCA.964019055.1    1.40%    passed     99.98%
  18  GCA.964340655.1    0.84%    passed    100.00%
  19  GCA.037379345.1    0.84%    passed     96.63%
  20  GCF.021130785.1   10.67%    passed     99.21%
  21  GCA.037976565.1   12.36%    passed     89.63%
  22  GCA.020423425.1    0.84%    passed     99.47%
  23  GCF.003227725.1    0.84%    passed     99.96%
  24  GCA.965247725.1    1.12%    passed     99.67%
  25  GCF.001194135.2    5.62%    passed     91.33%
  26  GCA.014526335.2    8.99%    passed     96.39%
  27  GCA.951509405.1    0.84%    passed     99.46%
  28  GCF.043290135.1    2.25%    passed     95.30%
****  TOTAL              3.20%  0 sequences failed composition chi2 test (p-value<5%; df=19)
Reading alignment file 03_ML_1/fasta_files_aligned_trimmed/313091at33208_aligned_trim.faa ... Fasta format detected
Reading fasta file: done in 0.000326185 secs using 97.49% CPU
Alignment most likely contains protein sequences
Constructing alignment: done in 0.0010534 secs using 1748% CPU
Alignment has 29 sequences with 307 columns, 280 distinct patterns
200 parsimony-informative, 58 singleton sites, 48 constant sites
                 Gap/Ambiguity  Composition  p-value
Analyzing sequences: done in 0.00403407 secs using 2505% CPU
   1  GCA.029582155.1    0.00%    passed     99.64%
   2  GCA.949358305.1    0.00%    passed     99.86%
   3  GCA.905147815.2    0.00%    passed     99.80%
   4  GCF.038396675.1    0.00%    passed     99.63%
   5  GCA.907164885.2    0.00%    passed     99.86%
   6  GCA.949752735.1    5.86%    passed     99.51%
   7  GCA.012295275.1    1.63%    passed     99.84%
   8  GCA.965235105.1    0.00%    passed     94.82%
   9  GCA.964340945.1    0.98%    passed     99.84%
  10  GCA.034508935.3    0.00%    passed     97.10%
  11  GCA.029030555.1    0.00%    passed     99.53%
  12  GCA.000376725.2    0.00%    passed     99.70%
  13  GCA.037127315.1    0.00%    passed     94.07%
  14  GCF.036711975.1    0.00%    passed     99.99%
  15  GCF.030347505.1    0.00%    passed     98.80%
  16  GCA.002278615.1    0.00%    passed     99.88%
  17  GCA.964019055.1    1.30%    passed     94.10%
  18  GCA.023014485.1    0.65%    passed     97.11%
  19  GCA.964340655.1    0.00%    passed     99.83%
  20  GCA.037379345.1    0.00%    passed     99.99%
  21  GCF.021130785.1    5.54%    passed    100.00%
  22  GCA.037976565.1    0.00%    passed     98.57%
  23  GCA.020423425.1    0.00%    passed     99.99%
  24  GCF.003227725.1    0.00%    passed     99.88%
  25  GCA.965247725.1    0.00%    passed     99.76%
  26  GCF.001194135.2    9.77%    passed     95.17%
  27  GCA.014526335.2    0.00%    passed     79.36%
  28  GCA.951509405.1    0.00%    passed     99.52%
  29  GCF.043290135.1    2.28%    passed     91.81%
****  TOTAL              0.97%  0 sequences failed composition chi2 test (p-value<5%; df=19)
Reading alignment file 03_ML_1/fasta_files_aligned_trimmed/338191at33208_aligned_trim.faa ... Fasta format detected
Reading fasta file: done in 0.000511526 secs using 97.16% CPU
Alignment most likely contains protein sequences
Constructing alignment: done in 0.00185887 secs using 2044% CPU
Alignment has 28 sequences with 536 columns, 516 distinct patterns
297 parsimony-informative, 137 singleton sites, 102 constant sites
                 Gap/Ambiguity  Composition  p-value
Analyzing sequences: done in 0.00396348 secs using 2708% CPU
   1  GCA.949358305.1    3.54%    passed     99.99%
   2  GCA.905147815.2    1.49%    passed     99.25%
   3  GCF.038396675.1    2.05%    passed     99.09%
   4  GCA.907164885.2   10.82%    passed     99.20%
   5  GCA.949752735.1   26.12%    passed     22.55%
   6  GCA.012295275.1    7.46%    passed     99.99%
   7  GCA.965235105.1    3.17%    passed     83.05%
   8  GCA.964340945.1    6.34%    passed     99.78%
   9  GCA.034508935.3   11.57%    passed     99.74%
  10  GCA.029030555.1    7.09%    passed     95.61%
  11  GCA.000376725.2    0.56%    passed    100.00%
  12  GCA.032362205.1   40.11%    passed     47.78%
  13  GCA.037127315.1   21.64%    passed     99.84%
  14  GCF.036711975.1    0.56%    passed    100.00%
  15  GCF.030347505.1    2.99%    passed     99.91%
  16  GCA.002278615.1    0.75%    passed    100.00%
  17  GCA.964019055.1    3.73%    passed     87.12%
  18  GCA.023014485.1    1.12%    passed     81.70%
  19  GCA.964340655.1   11.01%    passed     95.83%
  20  GCA.037379345.1    3.54%    passed     99.72%
  21  GCF.021130785.1    4.66%    passed    100.00%
  22  GCA.037976565.1    7.28%    passed     98.77%
  23  GCA.020423425.1    0.93%    passed     99.92%
  24  GCF.003227725.1    1.12%    passed    100.00%
  25  GCA.965247725.1    0.56%    passed     99.81%
  26  GCF.001194135.2   16.23%    passed     99.63%
  27  GCA.951509405.1    0.56%    passed    100.00%
  28  GCF.043290135.1    6.34%    passed     99.83%
****  TOTAL              7.26%  0 sequences failed composition chi2 test (p-value<5%; df=19)
Reading alignment file 03_ML_1/fasta_files_aligned_trimmed/348544at33208_aligned_trim.faa ... Fasta format detected
Reading fasta file: done in 0.000438449 secs using 5630% CPU
Alignment most likely contains protein sequences
Constructing alignment: done in 0.00137093 secs using 1685% CPU
Alignment has 29 sequences with 430 columns, 379 distinct patterns
316 parsimony-informative, 37 singleton sites, 77 constant sites
                 Gap/Ambiguity  Composition  p-value
Analyzing sequences: done in 0.00399237 secs using 2643% CPU
   1  GCA.029582155.1   10.00%    passed     95.68%
   2  GCA.949358305.1    2.79%    passed     98.84%
   3  GCA.905147815.2    0.70%    passed     15.16%
   4  GCF.038396675.1    2.33%    passed     97.42%
   5  GCA.907164885.2    0.47%    passed     71.51%
   6  GCA.949752735.1   20.47%    passed     97.93%
   7  GCA.012295275.1    9.53%    passed     98.18%
   8  GCA.965235105.1   13.02%    passed     61.76%
   9  GCA.964340945.1   17.91%    passed     98.10%
  10  GCA.034508935.3   10.93%    passed     90.71%
  11  GCA.029030555.1    0.47%    passed     26.56%
  12  GCA.000376725.2    0.23%    passed     99.49%
  13  GCA.037127315.1    8.60%    passed     94.18%
  14  GCF.036711975.1    0.00%    passed     99.83%
  15  GCF.030347505.1    0.70%    passed     99.92%
  16  GCA.002278615.1    0.47%    passed     96.33%
  17  GCA.964019055.1   11.40%    passed     62.51%
  18  GCA.023014485.1   21.16%    passed     74.46%
  19  GCA.964340655.1    0.23%    passed     44.80%
  20  GCA.037379345.1   11.40%    passed     97.70%
  21  GCF.021130785.1    1.16%    passed     91.92%
  22  GCA.037976565.1    4.42%    passed     97.98%
  23  GCA.020423425.1    0.23%    passed     99.73%
  24  GCF.003227725.1    0.23%    passed     99.98%
  25  GCA.965247725.1    0.47%    passed     99.55%
  26  GCF.001194135.2    3.02%    passed     98.10%
  27  GCA.014526335.2    8.37%    passed     52.67%
  28  GCA.951509405.1    0.00%    passed     99.90%
  29  GCF.043290135.1   19.07%    passed     20.45%
****  TOTAL              6.20%  0 sequences failed composition chi2 test (p-value<5%; df=19)
Reading alignment file 03_ML_1/fasta_files_aligned_trimmed/355739at33208_aligned_trim.faa ... Fasta format detected
Reading fasta file: done in 0.00031368 secs using 97.55% CPU
Alignment most likely contains protein sequences
Constructing alignment: done in 0.00112768 secs using 1311% CPU
Alignment has 29 sequences with 283 columns, 272 distinct patterns
218 parsimony-informative, 34 singleton sites, 31 constant sites
                 Gap/Ambiguity  Composition  p-value
Analyzing sequences: done in 0.00400721 secs using 2900% CPU
   1  GCA.029582155.1    5.30%    passed     63.17%
   2  GCA.949358305.1    0.00%    passed     98.05%
   3  GCA.905147815.2    0.00%    passed     74.45%
   4  GCF.038396675.1    0.00%    passed     15.88%
   5  GCA.949752735.1   37.10%    passed     33.08%
   6  GCA.012295275.1    2.47%    passed     98.13%
   7  GCA.965235105.1    1.77%    passed     75.00%
   8  GCA.964340945.1   18.73%    passed     64.05%
   9  GCA.034508935.3   12.01%    passed     98.38%
  10  GCA.029030555.1    3.18%    passed     55.12%
  11  GCA.000376725.2    0.35%    passed     99.96%
  12  GCA.037127315.1   19.08%    passed     98.22%
  13  GCF.036711975.1    0.00%    passed     92.90%
  14  GCF.030347505.1    0.00%    passed     87.71%
  15  GCA.002278615.1    0.71%    passed     95.44%
  16  GCA.964019055.1    0.35%    passed     80.99%
  17  GCA.023014485.1    7.77%    passed     99.28%
  18  GCA.964340655.1    0.00%    passed     79.20%
  19  GCA.037379345.1    2.12%    passed     87.82%
  20  GCA.032361705.1   13.43%    passed     85.98%
  21  GCF.021130785.1    1.06%    passed     90.38%
  22  GCA.037976565.1    0.00%    passed     73.60%
  23  GCA.020423425.1    2.83%    passed     99.19%
  24  GCF.003227725.1    0.00%    passed     96.75%
  25  GCA.965247725.1    1.41%    passed     99.99%
  26  GCF.001194135.2    6.36%    passed     90.98%
  27  GCA.014526335.2   19.79%    passed     96.14%
  28  GCA.951509405.1    0.35%    passed     94.12%
  29  GCF.043290135.1    7.77%    passed     28.85%
****  TOTAL              5.65%  0 sequences failed composition chi2 test (p-value<5%; df=19)
Reading alignment file 03_ML_1/fasta_files_aligned_trimmed/359075at33208_aligned_trim.faa ... Fasta format detected
Reading fasta file: done in 0.00041876 secs using 6306% CPU
Alignment most likely contains protein sequences
Constructing alignment: done in 0.00137736 secs using 1931% CPU
Alignment has 29 sequences with 376 columns, 373 distinct patterns
215 parsimony-informative, 117 singleton sites, 44 constant sites
                 Gap/Ambiguity  Composition  p-value
Analyzing sequences: done in 0.00401052 secs using 2792% CPU
   1  GCA.029582155.1   12.23%    passed     99.57%
   2  GCA.949358305.1   11.44%    passed     99.98%
   3  GCA.905147815.2    3.72%    passed     99.44%
   4  GCF.038396675.1   12.77%    passed     96.36%
   5  GCA.907164885.2   10.64%    passed     97.34%
   6  GCA.949752735.1   31.12%    passed     99.49%
   7  GCA.012295275.1    8.24%    passed     98.98%
   8  GCA.965235105.1    2.93%    passed     98.72%
   9  GCA.964340945.1   14.36%    passed     99.63%
  10  GCA.034508935.3    6.38%    passed     99.92%
  11  GCA.029030555.1    3.72%    passed     97.15%
  12  GCA.000376725.2    3.46%    passed     99.61%
  13  GCA.037127315.1   34.31%    passed     98.33%
  14  GCF.030347505.1    4.79%    passed     99.91%
  15  GCA.002278615.1    3.72%    passed     99.92%
  16  GCA.964019055.1   12.77%    passed     98.87%
  17  GCA.023014485.1   10.37%    passed     97.38%
  18  GCA.964340655.1    9.04%    passed     30.48%
  19  GCA.037379345.1   14.10%    passed     99.32%
  20  GCA.032361705.1   41.22%    passed     90.65%
  21  GCF.021130785.1    3.72%    passed    100.00%
  22  GCA.037976565.1    4.26%    passed     95.76%
  23  GCA.020423425.1    3.19%    passed     99.99%
  24  GCF.003227725.1    3.19%    passed     99.89%
  25  GCA.965247725.1    6.12%    passed     70.87%
  26  GCF.001194135.2   34.31%    passed     98.20%
  27  GCA.014526335.2   26.60%    passed     99.41%
  28  GCA.951509405.1    5.59%    passed     99.60%
  29  GCF.043290135.1    5.32%    passed    100.00%
****  TOTAL             11.85%  0 sequences failed composition chi2 test (p-value<5%; df=19)
Reading alignment file 03_ML_1/fasta_files_aligned_trimmed/364383at33208_aligned_trim.faa ... Fasta format detected
Reading fasta file: done in 0.000401516 secs using 96.63% CPU
Alignment most likely contains protein sequences
Constructing alignment: done in 0.00137009 secs using 1991% CPU
Alignment has 28 sequences with 386 columns, 352 distinct patterns
290 parsimony-informative, 42 singleton sites, 54 constant sites
                 Gap/Ambiguity  Composition  p-value
Analyzing sequences: done in 0.00404181 secs using 2863% CPU
   1  GCA.029582155.1    0.00%    passed     99.95%
   2  GCA.949358305.1    0.52%    passed     99.25%
   3  GCA.905147815.2    3.89%    passed     12.94%
   4  GCF.038396675.1    1.81%    passed     41.16%
   5  GCA.907164885.2    0.00%    passed    100.00%
   6  GCA.949752735.1    0.00%    passed     97.98%
   7  GCA.012295275.1    0.78%    passed     96.58%
   8  GCA.965235105.1    0.78%    passed     89.32%
   9  GCA.964340945.1    0.26%    passed     96.09%
  10  GCA.034508935.3    0.00%    passed     99.96%
  11  GCA.029030555.1    3.89%    passed     19.87%
  12  GCA.000376725.2    0.00%    passed     99.73%
  13  GCA.037127315.1    3.11%    passed     99.62%
  14  GCF.036711975.1    0.00%    passed     99.97%
  15  GCF.030347505.1    0.00%    passed     99.99%
  16  GCA.002278615.1    0.00%    passed     91.26%
  17  GCA.964019055.1    0.00%    passed     81.49%
  18  GCA.964340655.1    3.89%    passed     33.62%
  19  GCA.037379345.1    0.00%    passed     99.96%
  20  GCA.032361705.1    2.33%    passed     99.99%
  21  GCF.021130785.1    0.78%    passed     45.17%
  22  GCA.037976565.1    5.18%    passed     95.63%
  23  GCA.020423425.1    0.00%    passed     99.83%
  24  GCF.003227725.1    0.00%    passed     99.84%
  25  GCA.965247725.1    0.78%    passed     99.97%
  26  GCF.001194135.2    0.26%    passed     98.64%
  27  GCA.014526335.2    1.55%    passed     97.96%
  28  GCA.951509405.1    0.00%    passed     89.10%
****  TOTAL              1.06%  0 sequences failed composition chi2 test (p-value<5%; df=19)
Reading alignment file 03_ML_1/fasta_files_aligned_trimmed/365323at33208_aligned_trim.faa ... Fasta format detected
Reading fasta file: done in 0.000366384 secs using 5938% CPU
Alignment most likely contains protein sequences
Constructing alignment: done in 0.0012886 secs using 1865% CPU
Alignment has 29 sequences with 330 columns, 305 distinct patterns
233 parsimony-informative, 45 singleton sites, 51 constant sites
                 Gap/Ambiguity  Composition  p-value
Analyzing sequences: done in 0.00403119 secs using 3087% CPU
   1  GCA.029582155.1    0.00%    passed     99.62%
   2  GCA.949358305.1    0.61%    passed    100.00%
   3  GCA.905147815.2    0.00%    passed     97.16%
   4  GCF.038396675.1    0.30%    passed     27.41%
   5  GCA.907164885.2    0.00%    passed     98.29%
   6  GCA.949752735.1    1.82%    passed     98.82%
   7  GCA.012295275.1    0.30%    passed     99.74%
   8  GCA.965235105.1    3.64%    passed     45.23%
   9  GCA.964340945.1    3.33%    passed     87.29%
  10  GCA.034508935.3    4.55%    passed     99.87%
  11  GCA.029030555.1    0.00%    passed     99.78%
  12  GCA.000376725.2    0.00%    failed      2.31%
  13  GCA.037127315.1    0.00%    passed     98.84%
  14  GCF.036711975.1    1.82%    passed     83.37%
  15  GCF.030347505.1    0.30%    passed     94.77%
  16  GCA.002278615.1    0.91%    passed     87.66%
  17  GCA.964019055.1   17.27%    passed     62.87%
  18  GCA.023014485.1    2.42%    passed     99.28%
  19  GCA.964340655.1    0.30%    passed     92.17%
  20  GCA.037379345.1    0.30%    passed     99.85%
  21  GCA.032361705.1    0.30%    passed     99.98%
  22  GCF.021130785.1    0.00%    passed     97.93%
  23  GCA.037976565.1    8.18%    passed     87.36%
  24  GCA.020423425.1    0.61%    passed     96.39%
  25  GCF.003227725.1    0.00%    passed     99.51%
  26  GCA.965247725.1    0.30%    passed     95.61%
  27  GCF.001194135.2    0.00%    passed     92.56%
  28  GCA.951509405.1    0.00%    passed     93.14%
  29  GCF.043290135.1    4.55%    passed     15.26%
****  TOTAL              1.79%  1 sequences failed composition chi2 test (p-value<5%; df=19)
Reading alignment file 03_ML_1/fasta_files_aligned_trimmed/366814at33208_aligned_trim.faa ... Fasta format detected
Reading fasta file: done in 0.000382876 secs using 98.47% CPU
Alignment most likely contains protein sequences
Constructing alignment: done in 0.00126489 secs using 2077% CPU
Alignment has 27 sequences with 392 columns, 336 distinct patterns
213 parsimony-informative, 82 singleton sites, 97 constant sites
                 Gap/Ambiguity  Composition  p-value
Analyzing sequences: done in 0.00320025 secs using 2482% CPU
   1  GCA.029582155.1    3.57%    passed     99.97%
   2  GCA.949358305.1    2.04%    passed     99.88%
   3  GCA.905147815.2    2.55%    passed    100.00%
   4  GCF.038396675.1    1.53%    passed     99.94%
   5  GCA.907164885.2    9.69%    passed     99.65%
   6  GCA.949752735.1    5.36%    passed     99.54%
   7  GCA.012295275.1    2.55%    passed     99.98%
   8  GCA.965235105.1    1.53%    passed     99.83%
   9  GCA.964340945.1    4.85%    passed     97.98%
  10  GCA.034508935.3    2.04%    passed     98.95%
  11  GCA.029030555.1    1.28%    passed    100.00%
  12  GCA.000376725.2    2.30%    passed     99.99%
  13  GCA.037127315.1    2.55%    passed     99.92%
  14  GCF.036711975.1    3.32%    passed     98.96%
  15  GCF.030347505.1    2.04%    passed     99.95%
  16  GCA.002278615.1    2.30%    passed     99.99%
  17  GCA.964019055.1    1.53%    passed     94.83%
  18  GCA.023014485.1   13.27%    passed     83.27%
  19  GCA.964340655.1    2.30%    passed    100.00%
  20  GCA.037379345.1    8.42%    passed     99.96%
  21  GCA.037976565.1   10.20%    passed     99.94%
  22  GCA.020423425.1    2.55%    passed    100.00%
  23  GCF.003227725.1    1.53%    passed     99.89%
  24  GCF.001194135.2    6.12%    passed     99.83%
  25  GCA.014526335.2    1.53%    passed     99.88%
  26  GCA.951509405.1    8.67%    passed     97.23%
  27  GCF.043290135.1    9.69%    passed     99.99%
****  TOTAL              4.27%  0 sequences failed composition chi2 test (p-value<5%; df=19)
Reading alignment file 03_ML_1/fasta_files_aligned_trimmed/391896at33208_aligned_trim.faa ... Fasta format detected
Reading fasta file: done in 0.000327474 secs using 96.19% CPU
Alignment most likely contains protein sequences
Constructing alignment: done in 0.00134997 secs using 1307% CPU
Alignment has 28 sequences with 324 columns, 263 distinct patterns
192 parsimony-informative, 52 singleton sites, 80 constant sites
                 Gap/Ambiguity  Composition  p-value
Analyzing sequences: done in 0.00425567 secs using 1626% CPU
   1  GCA.029582155.1    3.09%    passed     92.77%
   2  GCA.949358305.1    0.00%    passed     99.50%
   3  GCA.905147815.2    0.00%    passed    100.00%
   4  GCF.038396675.1    0.62%    passed     81.77%
   5  GCA.907164885.2    0.00%    passed     99.98%
   6  GCA.949752735.1    4.32%    passed     99.96%
   7  GCA.965235105.1    0.31%    passed     99.67%
   8  GCA.964340945.1    0.00%    passed     97.19%
   9  GCA.034508935.3    1.85%    passed     94.75%
  10  GCA.029030555.1    0.00%    passed     96.59%
  11  GCA.000376725.2    1.85%    passed     86.14%
  12  GCA.037127315.1    5.86%    passed     90.86%
  13  GCF.036711975.1    0.00%    passed    100.00%
  14  GCF.030347505.1    0.62%    passed     99.99%
  15  GCA.964019055.1    0.93%    passed     97.07%
  16  GCA.023014485.1    0.00%    passed     99.80%
  17  GCA.964340655.1    0.00%    passed     99.98%
  18  GCA.037379345.1    4.63%    passed     99.94%
  19  GCA.032361705.1    0.00%    passed     98.95%
  20  GCF.021130785.1    0.31%    passed     98.90%
  21  GCA.037976565.1    0.00%    passed     99.44%
  22  GCA.020423425.1    0.00%    passed     99.99%
  23  GCF.003227725.1    0.00%    passed     91.10%
  24  GCA.965247725.1    0.00%    passed     78.21%
  25  GCF.001194135.2    0.93%    passed     97.77%
  26  GCA.014526335.2    0.00%    passed     59.40%
  27  GCA.951509405.1    0.00%    passed     99.95%
  28  GCF.043290135.1    0.00%    passed     99.94%
****  TOTAL              0.90%  0 sequences failed composition chi2 test (p-value<5%; df=19)
Reading alignment file 03_ML_1/fasta_files_aligned_trimmed/393291at33208_aligned_trim.faa ... Fasta format detected
Reading fasta file: done in 0.000339906 secs using 96.5% CPU
Alignment most likely contains protein sequences
Constructing alignment: done in 0.00112848 secs using 2217% CPU
Alignment has 27 sequences with 331 columns, 306 distinct patterns
178 parsimony-informative, 108 singleton sites, 45 constant sites
                 Gap/Ambiguity  Composition  p-value
Analyzing sequences: done in 0.00394309 secs using 3008% CPU
   1  GCA.029582155.1    2.11%    passed     96.23%
   2  GCA.949358305.1    3.63%    failed      0.01%
   3  GCA.905147815.2    0.00%    passed     81.17%
   4  GCF.038396675.1    0.91%    passed     62.74%
   5  GCA.907164885.2    0.00%    passed    100.00%
   6  GCA.012295275.1    0.00%    passed     99.84%
   7  GCA.965235105.1    3.02%    passed     97.33%
   8  GCA.964340945.1   11.78%    passed     99.10%
   9  GCA.034508935.3    1.51%    passed     99.81%
  10  GCA.029030555.1   10.27%    passed     66.22%
  11  GCA.000376725.2    0.91%    passed    100.00%
  12  GCA.037127315.1    0.00%    passed     99.97%
  13  GCF.036711975.1    1.21%    passed    100.00%
  14  GCF.030347505.1    0.91%    passed     99.99%
  15  GCA.002278615.1    0.00%    passed     99.99%
  16  GCA.964019055.1    0.91%    passed     92.16%
  17  GCA.023014485.1    4.83%    passed     99.45%
  18  GCA.964340655.1    0.30%    passed     78.57%
  19  GCA.037379345.1    0.00%    passed    100.00%
  20  GCF.021130785.1    3.32%    passed     99.64%
  21  GCA.037976565.1    0.30%    passed     99.47%
  22  GCA.020423425.1    0.60%    passed    100.00%
  23  GCF.003227725.1   16.01%    passed     99.96%
  24  GCA.965247725.1    0.91%    passed     97.47%
  25  GCF.001194135.2    6.95%    passed     99.94%
  26  GCA.014526335.2    8.16%    passed     99.90%
  27  GCA.951509405.1    0.00%    passed    100.00%
****  TOTAL              2.91%  1 sequences failed composition chi2 test (p-value<5%; df=19)
Reading alignment file 03_ML_1/fasta_files_aligned_trimmed/415618at33208_aligned_trim.faa ... Fasta format detected
Reading fasta file: done in 0.000168311 secs using 95.06% CPU
Alignment most likely contains protein sequences
Constructing alignment: done in 0.000478422 secs using 99.28% CPU
Alignment has 27 sequences with 134 columns, 131 distinct patterns
91 parsimony-informative, 23 singleton sites, 20 constant sites
                 Gap/Ambiguity  Composition  p-value
Analyzing sequences: done in 0.00600046 secs using 1456% CPU
   1  GCA.949358305.1    1.49%    passed    100.00%
   2  GCA.905147815.2    1.49%    passed      8.83%
   3  GCF.038396675.1    1.49%    passed     99.69%
   4  GCA.907164885.2   16.42%    passed     95.83%
   5  GCA.949752735.1    1.49%    passed     99.97%
   6  GCA.012295275.1   16.42%    passed     77.88%
   7  GCA.964340945.1   17.16%    passed     59.64%
   8  GCA.034508935.3    3.73%    passed     89.47%
   9  GCA.029030555.1    1.49%    passed     15.39%
  10  GCA.000376725.2    1.49%    passed    100.00%
  11  GCA.037127315.1    1.49%    passed     98.54%
  12  GCF.036711975.1    1.49%    passed     99.98%
  13  GCF.030347505.1    1.49%    passed     83.86%
  14  GCA.002278615.1    2.24%    passed     98.07%
  15  GCA.964019055.1    1.49%    passed     85.65%
  16  GCA.023014485.1    1.49%    passed     99.85%
  17  GCA.964340655.1    1.49%    passed     67.78%
  18  GCA.037379345.1   15.67%    passed     40.09%
  19  GCA.032361705.1   23.88%    passed     85.77%
  20  GCA.037976565.1    0.75%    passed     99.92%
  21  GCA.020423425.1   17.91%    passed     99.53%
  22  GCF.003227725.1    1.49%    passed     99.96%
  23  GCA.965247725.1    1.49%    passed     98.61%
  24  GCF.001194135.2    1.49%    passed     98.14%
  25  GCA.014526335.2    1.49%    passed     99.64%
  26  GCA.951509405.1    1.49%    passed     99.97%
  27  GCF.043290135.1    1.49%    passed     99.33%
****  TOTAL              5.22%  0 sequences failed composition chi2 test (p-value<5%; df=19)
Reading alignment file 03_ML_1/fasta_files_aligned_trimmed/424392at33208_aligned_trim.faa ... Fasta format detected
Reading fasta file: done in 0.000301732 secs using 95.45% CPU
Alignment most likely contains protein sequences
Constructing alignment: done in 0.00103892 secs using 1423% CPU
Alignment has 29 sequences with 247 columns, 216 distinct patterns
137 parsimony-informative, 53 singleton sites, 57 constant sites
                 Gap/Ambiguity  Composition  p-value
Analyzing sequences: done in 0.00429873 secs using 1619% CPU
   1  GCA.029582155.1    0.81%    passed     99.90%
   2  GCA.905147815.2    0.00%    passed     99.99%
   3  GCF.038396675.1    0.00%    passed     97.35%
   4  GCA.907164885.2    0.00%    passed     99.94%
   5  GCA.949752735.1    0.00%    passed     99.90%
   6  GCA.012295275.1   11.34%    passed     99.90%
   7  GCA.965235105.1    2.02%    passed     99.95%
   8  GCA.964340945.1    0.81%    passed     99.88%
   9  GCA.034508935.3    0.00%    passed     99.98%
  10  GCA.029030555.1    0.00%    passed    100.00%
  11  GCA.000376725.2    0.00%    passed     99.88%
  12  GCA.037127315.1    0.00%    passed     99.90%
  13  GCF.036711975.1    0.00%    passed     99.98%
  14  GCF.030347505.1    0.00%    passed     99.99%
  15  GCA.002278615.1    0.00%    passed     99.98%
  16  GCA.964019055.1    0.00%    passed     99.69%
  17  GCA.023014485.1    0.00%    passed     99.84%
  18  GCA.964340655.1    0.00%    passed    100.00%
  19  GCA.037379345.1    0.00%    passed     99.93%
  20  GCA.032361705.1    0.00%    passed     85.78%
  21  GCF.021130785.1    0.40%    passed     99.89%
  22  GCA.037976565.1    2.83%    passed     88.04%
  23  GCA.020423425.1    0.00%    passed     99.97%
  24  GCF.003227725.1    0.00%    passed     99.94%
  25  GCA.965247725.1    0.00%    passed     99.97%
  26  GCF.001194135.2    0.00%    passed     99.96%
  27  GCA.014526335.2   10.12%    passed     98.48%
  28  GCA.951509405.1    0.00%    passed     99.99%
  29  GCF.043290135.1    0.00%    passed     99.99%
****  TOTAL              0.98%  0 sequences failed composition chi2 test (p-value<5%; df=19)
Reading alignment file 03_ML_1/fasta_files_aligned_trimmed/424569at33208_aligned_trim.faa ... Fasta format detected
Reading fasta file: done in 0.000253849 secs using 6002% CPU
Alignment most likely contains protein sequences
Constructing alignment: done in 0.000757996 secs using 98.55% CPU
Alignment has 28 sequences with 182 columns, 175 distinct patterns
113 parsimony-informative, 41 singleton sites, 28 constant sites
                 Gap/Ambiguity  Composition  p-value
Analyzing sequences: done in 0.00429729 secs using 1606% CPU
   1  GCA.029582155.1    0.00%    passed     99.70%
   2  GCA.949358305.1    0.00%    passed     99.48%
   3  GCA.905147815.2    0.00%    passed     99.90%
   4  GCF.038396675.1    0.00%    passed     96.16%
   5  GCA.907164885.2    0.00%    passed     96.95%
   6  GCA.012295275.1    0.00%    passed    100.00%
   7  GCA.034508935.3    0.00%    passed     99.96%
   8  GCA.029030555.1    0.00%    passed     99.91%
   9  GCA.000376725.2    0.00%    passed     97.62%
  10  GCA.032362205.1   19.23%    passed     99.32%
  11  GCA.037127315.1    0.00%    passed     99.81%
  12  GCF.036711975.1    0.00%    passed     99.97%
  13  GCF.030347505.1    0.00%    passed     83.91%
  14  GCA.002278615.1    0.00%    passed     97.87%
  15  GCA.964019055.1    0.00%    passed     99.90%
  16  GCA.023014485.1    0.55%    passed    100.00%
  17  GCA.964340655.1    0.00%    passed     99.86%
  18  GCA.037379345.1    0.00%    passed    100.00%
  19  GCA.032361705.1    1.10%    passed     99.25%
  20  GCF.021130785.1   11.54%    passed      9.81%
  21  GCA.037976565.1    0.00%    passed     97.78%
  22  GCA.020423425.1    0.00%    passed     99.95%
  23  GCF.003227725.1    0.00%    passed     99.96%
  24  GCA.965247725.1    0.00%    passed     99.93%
  25  GCF.001194135.2    0.00%    passed     99.97%
  26  GCA.014526335.2   16.48%    passed     93.42%
  27  GCA.951509405.1    0.00%    passed     99.98%
  28  GCF.043290135.1    0.00%    passed     96.66%
****  TOTAL              1.75%  0 sequences failed composition chi2 test (p-value<5%; df=19)
Reading alignment file 03_ML_1/fasta_files_aligned_trimmed/430701at33208_aligned_trim.faa ... Fasta format detected
Reading fasta file: done in 0.000250055 secs using 6080% CPU
Alignment most likely contains protein sequences
Constructing alignment: done in 0.000806231 secs using 1032% CPU
Alignment has 27 sequences with 204 columns, 201 distinct patterns
158 parsimony-informative, 29 singleton sites, 17 constant sites
                 Gap/Ambiguity  Composition  p-value
Analyzing sequences: done in 0.00428291 secs using 1660% CPU
   1  GCA.029582155.1   23.53%    passed     93.25%
   2  GCA.949358305.1   10.29%    passed     80.43%
   3  GCA.905147815.2    2.45%    passed     96.75%
   4  GCF.038396675.1    9.31%    passed     39.12%
   5  GCA.949752735.1   24.02%    passed     95.59%
   6  GCA.012295275.1   19.12%    passed     83.48%
   7  GCA.964340945.1   17.16%    passed     77.18%
   8  GCA.034508935.3   21.08%    passed     87.88%
   9  GCA.029030555.1    2.45%    passed     81.60%
  10  GCA.000376725.2    2.45%    passed     98.03%
  11  GCA.037127315.1   10.29%    passed     77.40%
  12  GCF.036711975.1    2.45%    passed     75.04%
  13  GCF.030347505.1    2.45%    passed     95.53%
  14  GCA.002278615.1    3.43%    passed     98.06%
  15  GCA.964019055.1    8.33%    passed     98.91%
  16  GCA.023014485.1   10.78%    passed     42.35%
  17  GCA.964340655.1    2.45%    passed     95.57%
  18  GCA.037379345.1    9.80%    passed     98.99%
  19  GCA.032361705.1   10.29%    passed     66.07%
  20  GCA.037976565.1    2.45%    passed     86.57%
  21  GCA.020423425.1    2.45%    passed     99.62%
  22  GCF.003227725.1    2.45%    passed     96.74%
  23  GCA.965247725.1    2.45%    passed     99.26%
  24  GCF.001194135.2   10.78%    passed     64.17%
  25  GCA.014526335.2   22.06%    passed     88.82%
  26  GCA.951509405.1   10.29%    passed     98.48%
  27  GCF.043290135.1   13.73%    passed     41.78%
****  TOTAL              9.59%  0 sequences failed composition chi2 test (p-value<5%; df=19)
Reading alignment file 03_ML_1/fasta_files_aligned_trimmed/435939at33208_aligned_trim.faa ... Fasta format detected
Reading fasta file: done in 0.00026546 secs using 95.68% CPU
Alignment most likely contains protein sequences
Constructing alignment: done in 0.000824214 secs using 669.1% CPU
Alignment has 29 sequences with 209 columns, 200 distinct patterns
154 parsimony-informative, 21 singleton sites, 34 constant sites
                 Gap/Ambiguity  Composition  p-value
Analyzing sequences: done in 0.00431862 secs using 1561% CPU
   1  GCA.029582155.1    0.00%    passed     99.35%
   2  GCA.949358305.1    0.00%    passed     90.05%
   3  GCA.905147815.2    0.00%    passed     97.84%
   4  GCF.038396675.1    0.00%    passed     91.20%
   5  GCA.907164885.2    9.09%    passed     95.36%
   6  GCA.949752735.1    0.00%    passed     73.74%
   7  GCA.012295275.1    0.00%    passed     92.08%
   8  GCA.965235105.1    0.00%    failed      1.36%
   9  GCA.964340945.1    0.96%    passed     95.60%
  10  GCA.034508935.3    0.00%    passed     91.94%
  11  GCA.029030555.1    0.00%    passed     26.13%
  12  GCA.000376725.2    0.00%    passed     94.14%
  13  GCA.037127315.1    0.48%    passed     99.96%
  14  GCF.036711975.1    0.00%    passed     99.83%
  15  GCF.030347505.1    0.48%    passed     66.29%
  16  GCA.002278615.1    0.00%    passed     39.51%
  17  GCA.964019055.1    0.00%    passed     99.99%
  18  GCA.023014485.1    0.00%    passed     90.80%
  19  GCA.964340655.1    0.48%    passed     88.81%
  20  GCA.037379345.1    0.00%    passed     99.96%
  21  GCF.021130785.1    0.00%    passed     94.33%
  22  GCA.037976565.1    0.00%    passed     95.17%
  23  GCA.020423425.1   29.19%    passed     69.07%
  24  GCF.003227725.1    0.00%    passed     99.67%
  25  GCA.965247725.1    0.00%    passed     99.41%
  26  GCF.001194135.2    0.48%    passed     99.89%
  27  GCA.014526335.2    7.66%    passed     92.87%
  28  GCA.951509405.1    2.39%    passed     96.11%
  29  GCF.043290135.1    0.00%    passed     97.65%
****  TOTAL              1.77%  1 sequences failed composition chi2 test (p-value<5%; df=19)
Reading alignment file 03_ML_1/fasta_files_aligned_trimmed/437653at33208_aligned_trim.faa ... Fasta format detected
Reading fasta file: done in 0.00025974 secs using 96.63% CPU
Alignment most likely contains protein sequences
Constructing alignment: done in 0.00062533 secs using 97.87% CPU
Alignment has 30 sequences with 198 columns, 189 distinct patterns
155 parsimony-informative, 23 singleton sites, 20 constant sites
                 Gap/Ambiguity  Composition  p-value
Analyzing sequences: done in 0.00430051 secs using 1593% CPU
   1  GCA.029582155.1    0.00%    passed     94.32%
   2  GCA.949358305.1    0.00%    passed     92.67%
   3  GCA.905147815.2    0.00%    passed     94.11%
   4  GCF.038396675.1    1.52%    passed     69.96%
   5  GCA.907164885.2    0.51%    passed     90.36%
   6  GCA.949752735.1    0.51%    passed     83.10%
   7  GCA.012295275.1    0.00%    passed     99.67%
   8  GCA.965235105.1    0.00%    passed     90.87%
   9  GCA.964340945.1    0.00%    passed     96.64%
  10  GCA.034508935.3    0.00%    passed     96.18%
  11  GCA.029030555.1    0.00%    passed     97.44%
  12  GCA.000376725.2    2.53%    passed     65.09%
  13  GCA.032362205.1    0.00%    passed     88.90%
  14  GCA.037127315.1    3.03%    passed     98.63%
  15  GCF.036711975.1    0.00%    passed     99.55%
  16  GCF.030347505.1    0.00%    passed     99.34%
  17  GCA.002278615.1    0.00%    passed     99.82%
  18  GCA.964019055.1    1.01%    passed     91.35%
  19  GCA.023014485.1    1.01%    passed     92.31%
  20  GCA.964340655.1    0.00%    passed     97.33%
  21  GCA.037379345.1    0.00%    passed     88.19%
  22  GCA.032361705.1    0.00%    passed     99.45%
  23  GCF.021130785.1    0.00%    passed     95.65%
  24  GCA.037976565.1    0.00%    passed     99.01%
  25  GCA.020423425.1    0.00%    passed     99.98%
  26  GCF.003227725.1    0.00%    passed     99.13%
  27  GCA.965247725.1    0.00%    passed     98.49%
  28  GCF.001194135.2    0.00%    passed     70.82%
  29  GCA.951509405.1    0.00%    passed     97.72%
  30  GCF.043290135.1    0.00%    passed     99.95%
****  TOTAL              0.34%  0 sequences failed composition chi2 test (p-value<5%; df=19)
Reading alignment file 03_ML_1/fasta_files_aligned_trimmed/443305at33208_aligned_trim.faa ... Fasta format detected
Reading fasta file: done in 0.000506783 secs using 3059% CPU
Alignment most likely contains protein sequences
Constructing alignment: done in 0.00179553 secs using 1399% CPU
Alignment has 27 sequences with 497 columns, 494 distinct patterns
407 parsimony-informative, 64 singleton sites, 26 constant sites
                 Gap/Ambiguity  Composition  p-value
Analyzing sequences: done in 0.00427532 secs using 1583% CPU
   1  GCA.029582155.1   12.07%    passed     93.84%
   2  GCA.949358305.1    3.22%    passed     36.00%
   3  GCA.905147815.2    1.21%    passed     76.52%
   4  GCF.038396675.1   10.46%    passed     52.90%
   5  GCA.907164885.2   18.31%    failed      0.91%
   6  GCA.949752735.1   16.30%    passed     72.06%
   7  GCA.012295275.1    4.63%    passed     25.89%
   8  GCA.965235105.1   12.68%    passed     17.05%
   9  GCA.964340945.1   11.27%    passed     88.89%
  10  GCA.034508935.3    9.46%    passed     46.48%
  11  GCA.029030555.1    7.24%    passed     62.17%
  12  GCA.000376725.2   11.07%    passed     83.32%
  13  GCA.037127315.1    6.64%    passed     99.97%
  14  GCF.036711975.1    1.21%    failed      1.71%
  15  GCF.030347505.1    1.01%    passed     59.62%
  16  GCA.002278615.1    1.01%    passed     94.79%
  17  GCA.964019055.1    5.03%    passed     71.54%
  18  GCA.023014485.1   36.02%    passed     74.90%
  19  GCA.964340655.1    9.26%    passed     15.36%
  20  GCA.037379345.1   16.70%    passed     81.95%
  21  GCA.037976565.1   23.94%    passed     18.70%
  22  GCA.020423425.1    0.80%    passed     73.25%
  23  GCF.003227725.1    1.01%    passed     83.76%
  24  GCA.965247725.1    1.21%    passed     97.49%
  25  GCF.001194135.2    4.23%    passed     99.16%
  26  GCA.014526335.2   29.78%    passed     83.62%
  27  GCA.951509405.1    5.43%    passed     90.74%
****  TOTAL              9.67%  2 sequences failed composition chi2 test (p-value<5%; df=19)
Reading alignment file 03_ML_1/fasta_files_aligned_trimmed/446000at33208_aligned_trim.faa ... Fasta format detected
Reading fasta file: done in 0.000255866 secs using 96.14% CPU
Alignment most likely contains protein sequences
Constructing alignment: done in 0.000800719 secs using 1293% CPU
Alignment has 29 sequences with 214 columns, 206 distinct patterns
143 parsimony-informative, 38 singleton sites, 33 constant sites
                 Gap/Ambiguity  Composition  p-value
Analyzing sequences: done in 0.0042445 secs using 1559% CPU
   1  GCA.029582155.1    0.00%    passed     70.68%
   2  GCA.949358305.1    0.00%    passed     99.94%
   3  GCA.905147815.2    3.27%    passed     88.60%
   4  GCF.038396675.1    0.00%    passed     58.57%
   5  GCA.907164885.2    0.00%    passed     98.81%
   6  GCA.949752735.1    1.87%    passed     99.45%
   7  GCA.012295275.1    0.00%    passed     99.21%
   8  GCA.965235105.1    0.93%    passed     90.67%
   9  GCA.964340945.1    0.00%    passed     97.81%
  10  GCA.034508935.3    0.00%    passed     95.07%
  11  GCA.029030555.1    0.00%    passed     86.82%
  12  GCA.000376725.2    0.00%    passed     99.18%
  13  GCA.037127315.1    0.00%    passed     98.80%
  14  GCF.036711975.1    0.00%    passed     92.93%
  15  GCF.030347505.1    0.47%    passed     44.17%
  16  GCA.002278615.1    1.40%    passed     76.01%
  17  GCA.964019055.1    0.00%    passed     96.74%
  18  GCA.964340655.1    8.41%    passed     93.98%
  19  GCA.037379345.1    0.00%    passed     99.80%
  20  GCA.032361705.1    0.00%    passed     99.83%
  21  GCF.021130785.1    1.87%    passed     99.69%
  22  GCA.037976565.1    1.87%    passed     99.73%
  23  GCA.020423425.1    0.00%    passed     61.96%
  24  GCF.003227725.1    0.00%    passed     96.52%
  25  GCA.965247725.1    0.00%    passed     95.28%
  26  GCF.001194135.2    0.00%    passed     90.11%
  27  GCA.014526335.2   11.21%    passed     99.88%
  28  GCA.951509405.1    0.00%    passed     90.87%
  29  GCF.043290135.1    0.00%    passed     70.53%
****  TOTAL              1.08%  0 sequences failed composition chi2 test (p-value<5%; df=19)
Reading alignment file 03_ML_1/fasta_files_aligned_trimmed/450643at33208_aligned_trim.faa ... Fasta format detected
Reading fasta file: done in 0.000243403 secs using 94.49% CPU
Alignment most likely contains protein sequences
Constructing alignment: done in 0.000735834 secs using 1042% CPU
Alignment has 28 sequences with 181 columns, 180 distinct patterns
158 parsimony-informative, 14 singleton sites, 9 constant sites
                 Gap/Ambiguity  Composition  p-value
Analyzing sequences: done in 0.00427943 secs using 1585% CPU
   1  GCA.029582155.1    2.21%    passed     80.12%
   2  GCA.949358305.1   32.04%    passed     73.69%
   3  GCA.905147815.2    1.66%    passed     81.67%
   4  GCF.038396675.1    3.31%    passed     80.83%
   5  GCA.907164885.2    1.66%    passed     98.96%
   6  GCA.949752735.1   14.92%    passed     99.20%
   7  GCA.012295275.1    2.21%    passed     99.89%
   8  GCA.965235105.1    1.66%    passed     57.49%
   9  GCA.964340945.1   11.05%    passed     91.81%
  10  GCA.034508935.3    1.10%    passed     91.81%
  11  GCA.029030555.1    1.66%    passed     75.71%
  12  GCA.000376725.2    1.66%    passed     98.09%
  13  GCA.037127315.1   19.89%    passed     87.66%
  14  GCF.036711975.1    1.66%    passed     58.39%
  15  GCF.030347505.1    1.66%    passed     97.07%
  16  GCA.002278615.1    2.21%    passed     41.59%
  17  GCA.964019055.1    2.76%    passed     54.10%
  18  GCA.023014485.1    4.42%    passed     56.69%
  19  GCA.964340655.1    1.66%    passed     90.22%
  20  GCA.037379345.1    2.76%    passed     99.65%
  21  GCA.037976565.1   18.23%    passed     59.99%
  22  GCA.020423425.1    1.66%    passed     99.53%
  23  GCF.003227725.1    1.66%    passed     99.85%
  24  GCA.965247725.1    1.66%    passed     99.52%
  25  GCF.001194135.2    4.42%    passed     98.66%
  26  GCA.014526335.2   31.49%    passed     86.49%
  27  GCA.951509405.1    1.66%    passed     86.71%
  28  GCF.043290135.1    1.66%    passed     92.69%
****  TOTAL              6.24%  0 sequences failed composition chi2 test (p-value<5%; df=19)
Reading alignment file 03_ML_1/fasta_files_aligned_trimmed/454911at33208_aligned_trim.faa ... Fasta format detected
Reading fasta file: done in 0.000738164 secs using 2129% CPU
Alignment most likely contains protein sequences
Constructing alignment: done in 0.0025508 secs using 1218% CPU
Alignment has 29 sequences with 699 columns, 682 distinct patterns
570 parsimony-informative, 64 singleton sites, 65 constant sites
                 Gap/Ambiguity  Composition  p-value
Analyzing sequences: done in 0.00429356 secs using 1594% CPU
   1  GCA.029582155.1    7.73%    passed     97.74%
   2  GCA.949358305.1    1.29%    passed     78.10%
   3  GCA.905147815.2    1.57%    passed     41.89%
   4  GCF.038396675.1    3.15%    passed     31.35%
   5  GCA.907164885.2    7.58%    passed     77.15%
   6  GCA.949752735.1   20.89%    passed     81.44%
   7  GCA.012295275.1    1.72%    passed     99.56%
   8  GCA.965235105.1   13.30%    passed     52.90%
   9  GCA.964340945.1    7.01%    passed     87.57%
  10  GCA.034508935.3    1.14%    passed     95.62%
  11  GCA.029030555.1    1.57%    passed     29.16%
  12  GCA.000376725.2    3.29%    passed     94.98%
  13  GCA.037127315.1   11.44%    passed     95.62%
  14  GCF.036711975.1    9.44%    passed     67.08%
  15  GCF.030347505.1    9.59%    passed     91.76%
  16  GCA.002278615.1    9.44%    passed     39.57%
  17  GCA.964019055.1    4.58%    passed     98.98%
  18  GCA.023014485.1   23.46%    passed     62.97%
  19  GCA.964340655.1    1.57%    failed      3.68%
  20  GCA.037379345.1    5.44%    passed     98.38%
  21  GCF.021130785.1   21.75%    passed     36.69%
  22  GCA.037976565.1    3.29%    passed     92.27%
  23  GCA.020423425.1    9.44%    passed     62.07%
  24  GCF.003227725.1    1.00%    passed     95.89%
  25  GCA.965247725.1    1.14%    passed     98.44%
  26  GCF.001194135.2   51.22%    passed     10.56%
  27  GCA.014526335.2   11.02%    passed     93.59%
  28  GCA.951509405.1    2.72%    passed     99.68%
  29  GCF.043290135.1   16.88%    failed      0.00%
WARNING: 1 sequences contain more than 50% gaps/ambiguity
****  TOTAL              9.09%  2 sequences failed composition chi2 test (p-value<5%; df=19)
Reading alignment file 03_ML_1/fasta_files_aligned_trimmed/455941at33208_aligned_trim.faa ... Fasta format detected
Reading fasta file: done in 0.000289146 secs using 96.15% CPU
Alignment most likely contains protein sequences
Constructing alignment: done in 0.00100417 secs using 552.1% CPU
Alignment has 28 sequences with 255 columns, 255 distinct patterns
200 parsimony-informative, 46 singleton sites, 9 constant sites
                 Gap/Ambiguity  Composition  p-value
Analyzing sequences: done in 0.00435406 secs using 1614% CPU
   1  GCA.029582155.1    9.41%    passed     98.27%
   2  GCA.949358305.1    1.18%    passed     56.46%
   3  GCA.905147815.2    1.57%    passed     90.14%
   4  GCF.038396675.1   35.69%    passed     79.11%
   5  GCA.907164885.2    7.45%    passed     44.94%
   6  GCA.012295275.1    0.78%    passed     97.68%
   7  GCA.965235105.1   23.14%    passed     91.45%
   8  GCA.964340945.1    8.24%    passed     83.76%
   9  GCA.034508935.3    0.78%    passed     99.77%
  10  GCA.029030555.1   14.51%    passed     64.19%
  11  GCA.000376725.2    0.78%    passed     63.61%
  12  GCA.032362205.1   14.51%    passed     38.27%
  13  GCA.037127315.1    3.92%    passed     88.59%
  14  GCF.036711975.1    0.78%    passed     99.59%
  15  GCF.030347505.1    0.78%    passed     99.87%
  16  GCA.002278615.1    0.78%    passed     74.21%
  17  GCA.964019055.1    5.49%    passed     95.06%
  18  GCA.023014485.1   26.27%    passed     83.18%
  19  GCA.964340655.1   14.51%    passed     90.12%
  20  GCA.037379345.1    0.78%    passed     99.45%
  21  GCF.021130785.1    0.78%    passed     99.71%
  22  GCA.037976565.1    1.18%    passed     99.37%
  23  GCA.020423425.1    1.57%    passed     42.12%
  24  GCF.003227725.1    0.78%    passed     75.96%
  25  GCA.965247725.1    0.78%    passed     66.27%
  26  GCF.001194135.2    0.78%    passed     83.68%
  27  GCA.951509405.1    1.18%    passed     91.36%
  28  GCF.043290135.1   18.82%    passed     18.79%
****  TOTAL              7.04%  0 sequences failed composition chi2 test (p-value<5%; df=19)
Reading alignment file 03_ML_1/fasta_files_aligned_trimmed/465092at33208_aligned_trim.faa ... Fasta format detected
Reading fasta file: done in 0.000246825 secs using 95.61% CPU
Alignment most likely contains protein sequences
Constructing alignment: done in 0.00083132 secs using 774.3% CPU
Alignment has 28 sequences with 207 columns, 201 distinct patterns
112 parsimony-informative, 56 singleton sites, 39 constant sites
                 Gap/Ambiguity  Composition  p-value
Analyzing sequences: done in 0.0043214 secs using 1593% CPU
   1  GCA.029582155.1    0.48%    passed     99.97%
   2  GCA.949358305.1    0.48%    passed    100.00%
   3  GCA.905147815.2    0.48%    passed    100.00%
   4  GCF.038396675.1   31.40%    passed     41.97%
   5  GCA.907164885.2    0.48%    passed     99.99%
   6  GCA.949752735.1    0.48%    passed    100.00%
   7  GCA.965235105.1    0.48%    passed     99.70%
   8  GCA.964340945.1    0.48%    passed     99.87%
   9  GCA.034508935.3    4.35%    passed     85.27%
  10  GCA.029030555.1    0.48%    passed     99.94%
  11  GCA.000376725.2    0.48%    passed     99.73%
  12  GCA.037127315.1    0.48%    passed     99.84%
  13  GCF.036711975.1    0.48%    passed    100.00%
  14  GCF.030347505.1    0.48%    passed     99.97%
  15  GCA.002278615.1    0.48%    passed     99.99%
  16  GCA.964019055.1    0.48%    passed     82.31%
  17  GCA.023014485.1    0.48%    passed     98.98%
  18  GCA.964340655.1    0.48%    passed     99.99%
  19  GCA.037379345.1    0.48%    passed     99.94%
  20  GCA.032361705.1   51.69%    passed     65.77%
  21  GCF.021130785.1    0.48%    passed    100.00%
  22  GCA.037976565.1   17.39%    passed     95.55%
  23  GCA.020423425.1    0.48%    passed    100.00%
  24  GCF.003227725.1    0.48%    passed     99.99%
  25  GCA.965247725.1    0.48%    passed    100.00%
  26  GCF.001194135.2    0.48%    passed     99.07%
  27  GCA.014526335.2   31.88%    passed     74.01%
  28  GCF.043290135.1    0.48%    passed     99.94%
WARNING: 1 sequences contain more than 50% gaps/ambiguity
****  TOTAL              5.28%  0 sequences failed composition chi2 test (p-value<5%; df=19)
Reading alignment file 03_ML_1/fasta_files_aligned_trimmed/465401at33208_aligned_trim.faa ... Fasta format detected
Reading fasta file: done in 0.000298792 secs using 5119% CPU
Alignment most likely contains protein sequences
Constructing alignment: done in 0.000953556 secs using 1153% CPU
Alignment has 27 sequences with 255 columns, 232 distinct patterns
191 parsimony-informative, 24 singleton sites, 40 constant sites
                 Gap/Ambiguity  Composition  p-value
Analyzing sequences: done in 0.00428977 secs using 1617% CPU
   1  GCA.029582155.1    6.67%    passed     99.85%
   2  GCA.949358305.1    6.27%    passed     93.79%
   3  GCA.905147815.2    1.57%    passed     76.40%
   4  GCA.907164885.2    2.75%    passed     50.49%
   5  GCA.949752735.1    6.27%    passed     94.48%
   6  GCA.012295275.1    1.96%    passed     96.63%
   7  GCA.965235105.1    7.06%    passed     47.50%
   8  GCA.964340945.1    1.96%    passed     98.60%
   9  GCA.034508935.3    1.96%    passed     99.79%
  10  GCA.029030555.1    1.57%    passed     87.96%
  11  GCA.000376725.2    1.18%    passed     60.72%
  12  GCA.032362205.1    1.96%    passed     96.69%
  13  GCA.037127315.1    1.96%    passed     95.09%
  14  GCF.036711975.1    1.96%    passed     89.59%
  15  GCF.030347505.1    2.75%    passed     81.95%
  16  GCA.002278615.1    2.75%    passed     95.40%
  17  GCA.964019055.1    1.96%    passed     97.45%
  18  GCA.023014485.1    3.92%    passed     99.97%
  19  GCA.037379345.1    2.35%    passed     90.99%
  20  GCA.032361705.1    3.92%    passed     98.91%
  21  GCF.021130785.1    2.35%    passed     95.65%
  22  GCA.020423425.1    1.96%    passed     86.72%
  23  GCF.003227725.1    1.57%    passed     93.89%
  24  GCA.965247725.1    2.35%    passed     99.14%
  25  GCF.001194135.2    1.96%    passed     91.54%
  26  GCA.014526335.2    6.27%    passed     93.32%
  27  GCA.951509405.1    1.18%    passed     86.49%
****  TOTAL              2.98%  0 sequences failed composition chi2 test (p-value<5%; df=19)
Reading alignment file 03_ML_1/fasta_files_aligned_trimmed/465651at33208_aligned_trim.faa ... Fasta format detected
Reading fasta file: done in 0.000289161 secs using 95.45% CPU
Alignment most likely contains protein sequences
Constructing alignment: done in 0.00098617 secs using 1520% CPU
Alignment has 29 sequences with 222 columns, 221 distinct patterns
182 parsimony-informative, 30 singleton sites, 10 constant sites
                 Gap/Ambiguity  Composition  p-value
Analyzing sequences: done in 0.00429846 secs using 1597% CPU
   1  GCA.949358305.1   13.96%    passed     99.01%
   2  GCA.905147815.2   20.27%    passed     92.45%
   3  GCF.038396675.1    5.86%    passed     65.54%
   4  GCA.907164885.2   34.23%    passed     96.31%
   5  GCA.949752735.1   37.84%    passed     79.22%
   6  GCA.012295275.1   26.13%    passed     94.98%
   7  GCA.965235105.1   36.04%    passed     38.56%
   8  GCA.964340945.1   26.58%    passed     94.53%
   9  GCA.034508935.3   38.29%    passed     52.99%
  10  GCA.029030555.1    9.46%    passed     85.70%
  11  GCA.000376725.2    1.80%    passed     81.75%
  12  GCA.032362205.1   23.42%    passed     94.94%
  13  GCA.037127315.1   24.32%    passed     64.20%
  14  GCF.036711975.1    4.50%    passed     96.19%
  15  GCF.030347505.1   10.81%    passed     79.25%
  16  GCA.002278615.1   22.07%    passed     28.32%
  17  GCA.964019055.1   24.77%    passed     93.98%
  18  GCA.023014485.1   35.59%    passed     99.80%
  19  GCA.964340655.1    9.91%    passed     91.04%
  20  GCA.037379345.1   38.29%    passed     89.30%
  21  GCA.032361705.1   22.07%    passed     66.69%
  22  GCF.021130785.1   22.52%    failed      0.74%
  23  GCA.037976565.1    3.60%    passed     93.03%
  24  GCA.020423425.1   19.82%    passed     63.89%
  25  GCF.003227725.1   10.36%    passed     29.36%
  26  GCA.965247725.1   19.37%    passed     51.42%
  27  GCF.001194135.2    2.25%    passed     98.34%
  28  GCA.951509405.1   24.32%    passed     86.98%
  29  GCF.043290135.1   17.57%    passed     17.78%
****  TOTAL             20.21%  1 sequences failed composition chi2 test (p-value<5%; df=19)
Reading alignment file 03_ML_1/fasta_files_aligned_trimmed/468757at33208_aligned_trim.faa ... Fasta format detected
Reading fasta file: done in 0.00039144 secs using 3932% CPU
Alignment most likely contains protein sequences
Constructing alignment: done in 0.00124498 secs using 582.7% CPU
Alignment has 30 sequences with 308 columns, 301 distinct patterns
228 parsimony-informative, 53 singleton sites, 27 constant sites
                 Gap/Ambiguity  Composition  p-value
Analyzing sequences: done in 0.00428134 secs using 1592% CPU
   1  GCA.029582155.1    0.32%    passed     95.66%
   2  GCA.949358305.1    0.32%    passed     98.54%
   3  GCA.905147815.2    0.32%    passed     98.70%
   4  GCF.038396675.1    1.62%    passed     99.79%
   5  GCA.907164885.2    0.97%    passed     59.07%
   6  GCA.949752735.1    0.65%    passed     99.87%
   7  GCA.012295275.1    1.30%    passed     78.74%
   8  GCA.965235105.1    0.00%    passed     46.62%
   9  GCA.964340945.1    1.62%    passed    100.00%
  10  GCA.034508935.3    8.44%    passed     99.92%
  11  GCA.029030555.1    0.32%    passed     98.00%
  12  GCA.000376725.2    0.32%    passed     99.01%
  13  GCA.032362205.1   36.36%    passed     48.37%
  14  GCA.037127315.1    0.32%    passed     96.68%
  15  GCF.036711975.1    0.65%    passed     96.92%
  16  GCF.030347505.1    0.32%    passed     97.77%
  17  GCA.002278615.1    0.32%    passed     98.57%
  18  GCA.964019055.1    1.62%    passed     70.07%
  19  GCA.023014485.1    0.65%    passed     93.47%
  20  GCA.964340655.1    0.65%    passed     99.46%
  21  GCA.037379345.1    0.97%    passed     99.96%
  22  GCF.021130785.1   22.73%    passed     94.38%
  23  GCA.037976565.1    0.65%    passed     89.19%
  24  GCA.020423425.1    0.32%    passed     97.99%
  25  GCF.003227725.1    0.32%    passed     95.62%
  26  GCA.965247725.1    0.32%    passed     93.87%
  27  GCF.001194135.2    0.32%    passed     99.67%
  28  GCA.014526335.2   23.70%    passed     99.88%
  29  GCA.951509405.1    0.32%    passed     99.78%
  30  GCF.043290135.1   22.40%    passed     64.53%
****  TOTAL              4.31%  0 sequences failed composition chi2 test (p-value<5%; df=19)
Reading alignment file 03_ML_1/fasta_files_aligned_trimmed/478073at33208_aligned_trim.faa ... Fasta format detected
Reading fasta file: done in 0.000286042 secs using 96.84% CPU
Alignment most likely contains protein sequences
Constructing alignment: done in 0.000942457 secs using 1592% CPU
Alignment has 27 sequences with 256 columns, 155 distinct patterns
102 parsimony-informative, 34 singleton sites, 120 constant sites
                 Gap/Ambiguity  Composition  p-value
Analyzing sequences: done in 0.00437655 secs using 1430% CPU
   1  GCA.029582155.1    0.00%    passed     99.96%
   2  GCA.949358305.1    0.00%    passed    100.00%
   3  GCA.905147815.2    0.00%    passed    100.00%
   4  GCF.038396675.1    0.78%    passed     99.98%
   5  GCA.907164885.2    0.00%    passed     99.97%
   6  GCA.949752735.1    0.00%    passed     99.96%
   7  GCA.012295275.1    0.00%    passed    100.00%
   8  GCA.965235105.1    0.00%    passed     99.98%
   9  GCA.964340945.1    0.00%    passed     99.98%
  10  GCA.034508935.3    0.00%    passed     99.61%
  11  GCA.029030555.1    0.39%    passed    100.00%
  12  GCA.000376725.2    0.00%    passed     99.91%
  13  GCA.037127315.1    0.00%    passed     99.84%
  14  GCF.036711975.1    0.00%    passed    100.00%
  15  GCF.030347505.1    0.00%    passed    100.00%
  16  GCA.002278615.1    0.00%    passed    100.00%
  17  GCA.964019055.1    0.00%    passed     99.97%
  18  GCA.964340655.1    0.00%    passed    100.00%
  19  GCA.037379345.1    0.39%    passed     99.94%
  20  GCA.032361705.1    1.56%    passed    100.00%
  21  GCF.021130785.1    0.00%    passed    100.00%
  22  GCA.020423425.1    0.00%    passed    100.00%
  23  GCF.003227725.1    0.00%    passed    100.00%
  24  GCA.965247725.1    0.00%    passed    100.00%
  25  GCF.001194135.2    0.00%    passed     99.97%
  26  GCA.951509405.1    0.00%    passed    100.00%
  27  GCF.043290135.1    0.00%    passed     99.94%
****  TOTAL              0.12%  0 sequences failed composition chi2 test (p-value<5%; df=19)
Reading alignment file 03_ML_1/fasta_files_aligned_trimmed/478984at33208_aligned_trim.faa ... Fasta format detected
Reading fasta file: done in 0.000312767 secs using 96.56% CPU
Alignment most likely contains protein sequences
Constructing alignment: done in 0.00101059 secs using 1583% CPU
Alignment has 28 sequences with 276 columns, 254 distinct patterns
196 parsimony-informative, 38 singleton sites, 42 constant sites
                 Gap/Ambiguity  Composition  p-value
Analyzing sequences: done in 0.00434038 secs using 1579% CPU
   1  GCA.029582155.1    0.72%    passed     99.98%
   2  GCA.949358305.1    2.54%    passed     99.82%
   3  GCA.905147815.2    0.36%    passed     99.04%
   4  GCF.038396675.1    0.00%    passed     54.77%
   5  GCA.907164885.2    3.62%    passed     69.92%
   6  GCA.949752735.1    1.09%    passed     81.88%
   7  GCA.012295275.1    0.00%    passed     99.88%
   8  GCA.965235105.1    6.16%    passed     73.19%
   9  GCA.964340945.1    0.36%    passed     93.72%
  10  GCA.034508935.3    0.00%    passed     94.57%
  11  GCA.029030555.1    0.36%    passed     77.28%
  12  GCA.000376725.2    0.00%    passed     71.82%
  13  GCA.037127315.1    0.00%    passed    100.00%
  14  GCF.036711975.1    0.00%    passed     99.03%
  15  GCF.030347505.1    0.00%    passed     53.83%
  16  GCA.002278615.1    0.00%    passed     76.52%
  17  GCA.964019055.1    0.00%    passed     94.67%
  18  GCA.023014485.1    1.09%    passed     99.70%
  19  GCA.964340655.1    0.36%    passed     98.47%
  20  GCA.037379345.1    0.00%    passed     99.99%
  21  GCF.021130785.1   24.64%    passed     99.12%
  22  GCA.037976565.1    0.00%    passed     99.98%
  23  GCA.020423425.1    0.00%    passed     22.89%
  24  GCF.003227725.1    0.00%    passed     93.16%
  25  GCA.965247725.1    1.09%    passed     98.92%
  26  GCF.001194135.2    0.00%    passed    100.00%
  27  GCA.951509405.1    0.00%    passed     99.54%
  28  GCF.043290135.1    1.09%    passed     38.37%
****  TOTAL              1.55%  0 sequences failed composition chi2 test (p-value<5%; df=19)
Reading alignment file 03_ML_1/fasta_files_aligned_trimmed/485003at33208_aligned_trim.faa ... Fasta format detected
Reading fasta file: done in 0.000261419 secs using 5826% CPU
Alignment most likely contains protein sequences
Constructing alignment: done in 0.000812058 secs using 1139% CPU
Alignment has 28 sequences with 213 columns, 203 distinct patterns
138 parsimony-informative, 44 singleton sites, 30 constant sites
                 Gap/Ambiguity  Composition  p-value
Analyzing sequences: done in 0.00428015 secs using 1585% CPU
   1  GCA.029582155.1    1.41%    passed     99.34%
   2  GCA.949358305.1    1.41%    passed     94.81%
   3  GCA.905147815.2    2.82%    passed     97.98%
   4  GCF.038396675.1    1.41%    passed     99.90%
   5  GCA.907164885.2    1.41%    passed     98.74%
   6  GCA.949752735.1    1.41%    passed     99.79%
   7  GCA.012295275.1    1.41%    passed     99.11%
   8  GCA.965235105.1    2.82%    passed     99.85%
   9  GCA.964340945.1    0.94%    passed     99.92%
  10  GCA.034508935.3    6.57%    passed     99.52%
  11  GCA.029030555.1    1.41%    passed     99.97%
  12  GCA.000376725.2    1.41%    passed     83.95%
  13  GCA.037127315.1    1.41%    passed     97.88%
  14  GCF.036711975.1    1.41%    passed     95.22%
  15  GCF.030347505.1    1.41%    passed     97.67%
  16  GCA.002278615.1    1.41%    passed     99.96%
  17  GCA.964019055.1    0.94%    passed     99.75%
  18  GCA.023014485.1   11.74%    passed     99.83%
  19  GCA.964340655.1    1.41%    passed     98.52%
  20  GCA.037379345.1    1.41%    passed     42.31%
  21  GCA.037976565.1    1.41%    passed     95.39%
  22  GCA.020423425.1    1.41%    passed     99.67%
  23  GCF.003227725.1    1.41%    passed     99.94%
  24  GCA.965247725.1    1.41%    passed     99.97%
  25  GCF.001194135.2    1.41%    passed     96.90%
  26  GCA.014526335.2   11.27%    passed     97.69%
  27  GCA.951509405.1    1.41%    passed     99.99%
  28  GCF.043290135.1    7.04%    passed     99.98%
****  TOTAL              2.58%  0 sequences failed composition chi2 test (p-value<5%; df=19)
Reading alignment file 03_ML_1/fasta_files_aligned_trimmed/486370at33208_aligned_trim.faa ... Fasta format detected
Reading fasta file: done in 0.000377533 secs using 4071% CPU
Alignment most likely contains protein sequences
Constructing alignment: done in 0.00132944 secs using 1545% CPU
Alignment has 28 sequences with 319 columns, 317 distinct patterns
266 parsimony-informative, 36 singleton sites, 17 constant sites
                 Gap/Ambiguity  Composition  p-value
Analyzing sequences: done in 0.00436786 secs using 1617% CPU
   1  GCA.029582155.1   32.29%    passed     61.91%
   2  GCA.949358305.1   20.69%    passed     98.56%
   3  GCA.905147815.2    1.88%    passed     97.54%
   4  GCF.038396675.1    2.51%    passed     76.94%
   5  GCA.907164885.2   31.66%    passed     93.60%
   6  GCA.949752735.1   35.42%    passed     22.38%
   7  GCA.012295275.1   37.93%    passed     28.22%
   8  GCA.964340945.1   36.99%    passed     65.62%
   9  GCA.029030555.1    2.51%    passed     97.93%
  10  GCA.000376725.2    1.57%    passed     55.25%
  11  GCA.037127315.1   21.00%    passed     31.02%
  12  GCF.036711975.1    1.88%    passed     69.94%
  13  GCF.030347505.1    2.51%    passed     80.60%
  14  GCA.002278615.1    1.57%    passed     94.13%
  15  GCA.964019055.1   25.08%    passed     59.95%
  16  GCA.023014485.1   22.57%    passed     83.96%
  17  GCA.964340655.1    2.19%    passed     99.89%
  18  GCA.037379345.1   34.48%    passed     60.40%
  19  GCA.032361705.1   40.13%    passed     77.84%
  20  GCF.021130785.1    1.88%    passed     90.72%
  21  GCA.037976565.1    9.72%    passed     72.52%
  22  GCA.020423425.1    2.19%    passed     39.56%
  23  GCF.003227725.1    2.19%    passed     93.30%
  24  GCA.965247725.1    1.57%    passed     85.22%
  25  GCF.001194135.2    2.19%    passed     88.58%
  26  GCA.014526335.2   35.11%    passed     78.27%
  27  GCA.951509405.1    2.82%    passed     74.46%
  28  GCF.043290135.1   12.85%    passed     28.84%
****  TOTAL             15.19%  0 sequences failed composition chi2 test (p-value<5%; df=19)
Reading alignment file 03_ML_1/fasta_files_aligned_trimmed/489997at33208_aligned_trim.faa ... Fasta format detected
Reading fasta file: done in 0.000429269 secs using 96.91% CPU
Alignment most likely contains protein sequences
Constructing alignment: done in 0.0015646 secs using 1903% CPU
Alignment has 27 sequences with 414 columns, 405 distinct patterns
344 parsimony-informative, 34 singleton sites, 36 constant sites
                 Gap/Ambiguity  Composition  p-value
Analyzing sequences: done in 0.00423366 secs using 1615% CPU
   1  GCA.029582155.1   24.64%    passed     89.71%
   2  GCA.949358305.1   28.02%    passed     97.88%
   3  GCA.905147815.2    2.42%    passed     99.45%
   4  GCF.038396675.1    7.73%    passed     49.36%
   5  GCA.907164885.2   16.91%    passed     96.57%
   6  GCA.012295275.1   31.64%    passed     47.10%
   7  GCA.964340945.1   23.19%    passed     93.45%
   8  GCA.034508935.3   32.85%    passed     72.56%
   9  GCA.029030555.1    2.42%    passed     99.71%
  10  GCA.000376725.2    4.11%    passed     97.46%
  11  GCA.037127315.1   27.05%    passed     89.92%
  12  GCF.036711975.1    5.31%    passed     85.41%
  13  GCF.030347505.1    5.31%    passed     78.64%
  14  GCA.002278615.1    7.97%    passed     84.40%
  15  GCA.964019055.1   12.56%    passed     17.94%
  16  GCA.023014485.1   14.49%    passed     71.03%
  17  GCA.964340655.1    2.42%    passed     97.52%
  18  GCA.037379345.1   21.50%    passed     91.63%
  19  GCF.021130785.1   19.57%    passed     47.06%
  20  GCA.037976565.1    1.93%    passed     40.17%
  21  GCA.020423425.1    8.70%    passed     88.14%
  22  GCF.003227725.1    2.90%    passed     98.09%
  23  GCA.965247725.1    4.11%    passed     73.01%
  24  GCF.001194135.2    3.14%    passed     97.19%
  25  GCA.014526335.2   22.46%    passed     89.94%
  26  GCA.951509405.1    2.42%    passed     70.89%
  27  GCF.043290135.1   32.85%    failed      0.00%
****  TOTAL             13.65%  1 sequences failed composition chi2 test (p-value<5%; df=19)
Reading alignment file 03_ML_1/fasta_files_aligned_trimmed/495100at33208_aligned_trim.faa ... Fasta format detected
Reading fasta file: done in 0.000435178 secs using 3078% CPU
Alignment most likely contains protein sequences
Constructing alignment: done in 0.00148515 secs using 1268% CPU
Alignment has 29 sequences with 393 columns, 375 distinct patterns
305 parsimony-informative, 39 singleton sites, 49 constant sites
                 Gap/Ambiguity  Composition  p-value
Analyzing sequences: done in 0.00430257 secs using 1610% CPU
   1  GCA.029582155.1    1.53%    passed     97.00%
   2  GCA.949358305.1    5.09%    passed     94.48%
   3  GCA.905147815.2    1.02%    failed      0.00%
   4  GCF.038396675.1    4.07%    passed     74.54%
   5  GCA.907164885.2   20.61%    passed     86.62%
   6  GCA.949752735.1   18.58%    passed     94.96%
   7  GCA.012295275.1    5.34%    passed     98.87%
   8  GCA.965235105.1    6.36%    passed     22.16%
   9  GCA.964340945.1    9.67%    passed     98.03%
  10  GCA.034508935.3    0.25%    passed     69.31%
  11  GCA.029030555.1    0.00%    failed      0.02%
  12  GCA.000376725.2   35.37%    passed     84.59%
  13  GCA.037127315.1    6.87%    passed     96.11%
  14  GCF.036711975.1    0.76%    passed     28.43%
  15  GCF.030347505.1   17.56%    passed     28.43%
  16  GCA.002278615.1   13.23%    passed     76.94%
  17  GCA.964019055.1   22.65%    passed     99.81%
  18  GCA.023014485.1   15.01%    passed     82.78%
  19  GCA.964340655.1    6.87%    failed      0.00%
  20  GCA.037379345.1    2.29%    passed     87.12%
  21  GCF.021130785.1    0.76%    passed     78.33%
  22  GCA.037976565.1    0.25%    passed     92.72%
  23  GCA.020423425.1    3.31%    passed     99.73%
  24  GCF.003227725.1    1.27%    passed     42.79%
  25  GCA.965247725.1   18.83%    passed     80.85%
  26  GCF.001194135.2    0.00%    passed     57.15%
  27  GCA.014526335.2   16.03%    passed     98.82%
  28  GCA.951509405.1   22.90%    passed     51.54%
  29  GCF.043290135.1   24.68%    passed     94.97%
****  TOTAL              9.70%  3 sequences failed composition chi2 test (p-value<5%; df=19)
Reading alignment file 03_ML_1/fasta_files_aligned_trimmed/496219at33208_aligned_trim.faa ... Fasta format detected
Reading fasta file: done in 0.000291918 secs using 3526% CPU
Alignment most likely contains protein sequences
Constructing alignment: done in 0.000901839 secs using 911.7% CPU
Alignment has 29 sequences with 248 columns, 222 distinct patterns
152 parsimony-informative, 53 singleton sites, 43 constant sites
                 Gap/Ambiguity  Composition  p-value
Analyzing sequences: done in 0.00434756 secs using 1619% CPU
   1  GCA.029582155.1    0.00%    passed     99.74%
   2  GCA.949358305.1    0.40%    passed     99.95%
   3  GCA.905147815.2    8.87%    passed     99.84%
   4  GCF.038396675.1    0.81%    passed     97.83%
   5  GCA.907164885.2    1.61%    passed     94.26%
   6  GCA.012295275.1    0.00%    passed    100.00%
   7  GCA.965235105.1    0.00%    passed     11.81%
   8  GCA.964340945.1    2.02%    passed    100.00%
   9  GCA.034508935.3    0.00%    passed     99.39%
  10  GCA.029030555.1    0.00%    passed     99.82%
  11  GCA.000376725.2    0.00%    passed     99.22%
  12  GCA.032362205.1    0.00%    passed     99.93%
  13  GCA.037127315.1    0.00%    passed    100.00%
  14  GCF.036711975.1    0.00%    passed     99.99%
  15  GCF.030347505.1    0.00%    passed    100.00%
  16  GCA.002278615.1    0.00%    passed     99.99%
  17  GCA.964019055.1    0.40%    passed     99.98%
  18  GCA.023014485.1    0.40%    passed     99.70%
  19  GCA.964340655.1    0.00%    passed     99.64%
  20  GCA.037379345.1    0.00%    passed     99.92%
  21  GCA.032361705.1    0.00%    passed     95.31%
  22  GCF.021130785.1    0.00%    passed     94.70%
  23  GCA.037976565.1    0.00%    passed    100.00%
  24  GCA.020423425.1    0.00%    passed     99.98%
  25  GCF.003227725.1    0.00%    passed    100.00%
  26  GCA.965247725.1    0.00%    passed    100.00%
  27  GCF.001194135.2    0.00%    passed    100.00%
  28  GCA.951509405.1    0.00%    passed     99.11%
  29  GCF.043290135.1    0.40%    passed     99.94%
****  TOTAL              0.51%  0 sequences failed composition chi2 test (p-value<5%; df=19)
Reading alignment file 03_ML_1/fasta_files_aligned_trimmed/501546at33208_aligned_trim.faa ... Fasta format detected
Reading fasta file: done in 0.000256957 secs using 1182% CPU
Alignment most likely contains protein sequences
Constructing alignment: done in 0.000720009 secs using 1356% CPU
Alignment has 30 sequences with 158 columns, 158 distinct patterns
121 parsimony-informative, 25 singleton sites, 12 constant sites
                 Gap/Ambiguity  Composition  p-value
Analyzing sequences: done in 0.00426039 secs using 1515% CPU
   1  GCA.029582155.1    8.23%    passed     96.24%
   2  GCA.949358305.1    1.90%    passed     92.37%
   3  GCA.905147815.2    1.90%    passed     95.06%
   4  GCF.038396675.1    2.53%    passed     27.85%
   5  GCA.907164885.2    3.16%    passed     97.33%
   6  GCA.949752735.1   27.85%    passed     97.24%
   7  GCA.012295275.1   18.35%    passed     72.36%
   8  GCA.965235105.1    1.27%    passed     89.84%
   9  GCA.964340945.1   21.52%    passed     92.17%
  10  GCA.034508935.3   15.82%    passed     97.16%
  11  GCA.029030555.1    1.90%    passed     48.58%
  12  GCA.000376725.2    1.90%    passed     99.37%
  13  GCA.032362205.1   10.13%    passed     99.55%
  14  GCA.037127315.1   24.68%    passed     68.79%
  15  GCF.036711975.1    1.90%    passed     89.63%
  16  GCF.030347505.1    3.80%    passed     98.87%
  17  GCA.002278615.1    1.90%    passed     99.98%
  18  GCA.964019055.1   18.99%    passed     86.58%
  19  GCA.023014485.1   10.13%    passed     88.96%
  20  GCA.964340655.1    1.90%    passed     83.37%
  21  GCA.037379345.1   24.68%    passed     96.59%
  22  GCA.032361705.1   10.13%    passed     69.72%
  23  GCF.021130785.1   15.19%    passed     83.23%
  24  GCA.037976565.1    0.63%    passed     89.77%
  25  GCA.020423425.1    3.16%    passed     68.02%
  26  GCF.003227725.1    1.90%    passed     76.02%
  27  GCA.965247725.1    1.90%    passed     98.15%
  28  GCF.001194135.2    1.90%    passed     96.00%
  29  GCA.014526335.2   29.75%    passed     99.20%
  30  GCA.951509405.1   15.19%    passed     98.16%
****  TOTAL              9.47%  0 sequences failed composition chi2 test (p-value<5%; df=19)
Reading alignment file 03_ML_1/fasta_files_aligned_trimmed/514740at33208_aligned_trim.faa ... Fasta format detected
Reading fasta file: done in 0.000251857 secs using 96.09% CPU
Alignment most likely contains protein sequences
Constructing alignment: done in 0.000751592 secs using 719.7% CPU
Alignment has 30 sequences with 195 columns, 169 distinct patterns
127 parsimony-informative, 22 singleton sites, 46 constant sites
                 Gap/Ambiguity  Composition  p-value
Analyzing sequences: done in 0.00425088 secs using 1615% CPU
   1  GCA.029582155.1    0.00%    passed     93.79%
   2  GCA.949358305.1    0.00%    passed    100.00%
   3  GCA.905147815.2    1.54%    passed     40.20%
   4  GCF.038396675.1    6.15%    passed     96.60%
   5  GCA.907164885.2    0.00%    passed     99.89%
   6  GCA.949752735.1   10.77%    passed     91.10%
   7  GCA.012295275.1    0.00%    passed     99.70%
   8  GCA.965235105.1    0.00%    passed     97.98%
   9  GCA.964340945.1    1.03%    passed     94.41%
  10  GCA.034508935.3    0.00%    passed     99.95%
  11  GCA.029030555.1    0.00%    passed     56.69%
  12  GCA.000376725.2    0.00%    passed     99.97%
  13  GCA.037127315.1    0.00%    passed     96.40%
  14  GCF.036711975.1    0.00%    passed     96.36%
  15  GCF.030347505.1    0.00%    passed     99.24%
  16  GCA.002278615.1    0.00%    passed     86.72%
  17  GCA.964019055.1    6.15%    passed     89.52%
  18  GCA.023014485.1    0.00%    passed     99.95%
  19  GCA.964340655.1    0.00%    passed     31.65%
  20  GCA.037379345.1    0.00%    passed     99.27%
  21  GCA.032361705.1    0.51%    passed     99.69%
  22  GCF.021130785.1    0.00%    passed     97.38%
  23  GCA.037976565.1    1.54%    passed     99.85%
  24  GCA.020423425.1    0.00%    passed     31.59%
  25  GCF.003227725.1    0.00%    passed    100.00%
  26  GCA.965247725.1    0.00%    passed    100.00%
  27  GCF.001194135.2    0.00%    passed     93.20%
  28  GCA.014526335.2    6.67%    passed     72.37%
  29  GCA.951509405.1    0.00%    passed     99.89%
  30  GCF.043290135.1    1.03%    passed     99.91%
****  TOTAL              1.18%  0 sequences failed composition chi2 test (p-value<5%; df=19)
Reading alignment file 03_ML_1/fasta_files_aligned_trimmed/517686at33208_aligned_trim.faa ... Fasta format detected
Reading fasta file: done in 0.000164061 secs using 93.26% CPU
Alignment most likely contains protein sequences
Constructing alignment: done in 0.00047216 secs using 1049% CPU
Alignment has 27 sequences with 111 columns, 98 distinct patterns
58 parsimony-informative, 22 singleton sites, 30 constant sites
                 Gap/Ambiguity  Composition  p-value
Analyzing sequences: done in 0.00431792 secs using 1596% CPU
   1  GCA.029582155.1    0.00%    passed     99.99%
   2  GCA.949358305.1    0.00%    passed    100.00%
   3  GCA.905147815.2    0.00%    passed    100.00%
   4  GCF.038396675.1    0.00%    passed     58.68%
   5  GCA.907164885.2    0.00%    passed     99.99%
   6  GCA.949752735.1    0.00%    passed     73.06%
   7  GCA.965235105.1    2.70%    passed     98.58%
   8  GCA.964340945.1    0.00%    passed    100.00%
   9  GCA.034508935.3    0.00%    passed     98.97%
  10  GCA.029030555.1    1.80%    passed    100.00%
  11  GCA.000376725.2    0.90%    passed     99.97%
  12  GCA.032362205.1   12.61%    passed     99.91%
  13  GCA.037127315.1    0.00%    passed     98.49%
  14  GCF.036711975.1    0.00%    passed    100.00%
  15  GCF.030347505.1    0.00%    passed     99.95%
  16  GCA.002278615.1    0.00%    passed    100.00%
  17  GCA.964019055.1    0.00%    passed     99.40%
  18  GCA.023014485.1    0.00%    passed     99.44%
  19  GCA.964340655.1    0.00%    passed    100.00%
  20  GCA.037379345.1    0.00%    passed     99.93%
  21  GCA.037976565.1    0.00%    passed     99.99%
  22  GCA.020423425.1    0.00%    passed    100.00%
  23  GCF.003227725.1    0.00%    passed    100.00%
  24  GCA.965247725.1    0.00%    passed     99.59%
  25  GCF.001194135.2    0.00%    passed     99.04%
  26  GCA.951509405.1    0.00%    passed    100.00%
  27  GCF.043290135.1    0.00%    passed     99.72%
****  TOTAL              0.67%  0 sequences failed composition chi2 test (p-value<5%; df=19)
Reading alignment file 03_ML_1/fasta_files_aligned_trimmed/518569at33208_aligned_trim.faa ... Fasta format detected
Reading fasta file: done in 0.000402346 secs using 3807% CPU
Alignment most likely contains protein sequences
Constructing alignment: done in 0.00136461 secs using 1654% CPU
Alignment has 28 sequences with 365 columns, 352 distinct patterns
277 parsimony-informative, 47 singleton sites, 41 constant sites
                 Gap/Ambiguity  Composition  p-value
Analyzing sequences: done in 0.00636019 secs using 1573% CPU
   1  GCA.029582155.1    0.00%    passed     99.70%
   2  GCA.949358305.1    3.01%    passed     99.88%
   3  GCA.905147815.2    0.00%    passed     65.42%
   4  GCF.038396675.1    0.27%    passed     33.87%
   5  GCA.907164885.2    0.00%    passed     99.56%
   6  GCA.949752735.1    0.00%    passed     98.78%
   7  GCA.012295275.1    0.00%    passed     99.45%
   8  GCA.965235105.1   32.33%    passed     90.29%
   9  GCA.964340945.1    0.82%    passed     96.18%
  10  GCA.034508935.3    0.27%    passed     93.70%
  11  GCA.029030555.1    0.00%    passed     32.03%
  12  GCA.000376725.2    0.27%    passed     98.04%
  13  GCA.032362205.1   25.48%    passed     78.40%
  14  GCF.036711975.1    0.27%    passed     99.89%
  15  GCF.030347505.1    0.27%    passed     92.27%
  16  GCA.002278615.1    0.00%    passed     99.62%
  17  GCA.964019055.1    0.00%    passed     98.80%
  18  GCA.023014485.1    0.27%    passed     99.70%
  19  GCA.964340655.1    0.00%    passed     42.85%
  20  GCA.037379345.1    1.10%    passed     75.10%
  21  GCA.037976565.1    0.82%    passed     99.92%
  22  GCA.020423425.1    0.00%    passed     99.15%
  23  GCF.003227725.1    0.00%    passed    100.00%
  24  GCA.965247725.1    0.00%    passed     97.13%
  25  GCF.001194135.2    1.92%    passed     98.58%
  26  GCA.014526335.2    4.93%    passed     99.20%
  27  GCA.951509405.1    0.27%    passed     92.06%
  28  GCF.043290135.1    0.00%    failed      0.35%
****  TOTAL              2.58%  1 sequences failed composition chi2 test (p-value<5%; df=19)
Reading alignment file 03_ML_1/fasta_files_aligned_trimmed/519303at33208_aligned_trim.faa ... Fasta format detected
Reading fasta file: done in 0.000449682 secs using 97.85% CPU
Alignment most likely contains protein sequences
Constructing alignment: done in 0.00152965 secs using 951.7% CPU
Alignment has 27 sequences with 415 columns, 394 distinct patterns
319 parsimony-informative, 45 singleton sites, 51 constant sites
                 Gap/Ambiguity  Composition  p-value
Analyzing sequences: done in 0.00439079 secs using 1592% CPU
   1  GCA.029582155.1    5.06%    passed     96.51%
   2  GCA.949358305.1   21.93%    passed     79.09%
   3  GCA.905147815.2   11.57%    passed     93.89%
   4  GCF.038396675.1    2.65%    passed     60.21%
   5  GCA.949752735.1    3.61%    passed     97.33%
   6  GCA.012295275.1    2.41%    passed     99.47%
   7  GCA.965235105.1   13.25%    passed     31.06%
   8  GCA.964340945.1    8.92%    passed     90.43%
   9  GCA.034508935.3    6.27%    passed     85.55%
  10  GCA.029030555.1    6.02%    passed     87.92%
  11  GCA.000376725.2    2.89%    passed     98.31%
  12  GCA.037127315.1    1.20%    passed     98.43%
  13  GCF.036711975.1    2.89%    passed      9.60%
  14  GCF.030347505.1    2.89%    passed     79.81%
  15  GCA.002278615.1    4.58%    passed     95.84%
  16  GCA.964019055.1    2.17%    passed     95.02%
  17  GCA.023014485.1    6.75%    passed     96.60%
  18  GCA.964340655.1   13.25%    passed     86.54%
  19  GCA.037379345.1    5.54%    passed     97.21%
  20  GCF.021130785.1   16.39%    passed     13.98%
  21  GCA.037976565.1    1.69%    passed     82.01%
  22  GCA.020423425.1    3.13%    passed     98.61%
  23  GCF.003227725.1    2.41%    passed     89.49%
  24  GCA.965247725.1    0.72%    passed     92.93%
  25  GCF.001194135.2    1.20%    passed     98.55%
  26  GCA.951509405.1    2.17%    passed     99.96%
  27  GCF.043290135.1   11.81%    failed      0.45%
****  TOTAL              6.05%  1 sequences failed composition chi2 test (p-value<5%; df=19)
Reading alignment file 03_ML_1/fasta_files_aligned_trimmed/522988at33208_aligned_trim.faa ... Fasta format detected
Reading fasta file: done in 0.000603712 secs using 2427% CPU
Alignment most likely contains protein sequences
Constructing alignment: done in 0.00196207 secs using 1445% CPU
Alignment has 29 sequences with 522 columns, 501 distinct patterns
416 parsimony-informative, 54 singleton sites, 52 constant sites
                 Gap/Ambiguity  Composition  p-value
Analyzing sequences: done in 0.00638923 secs using 1584% CPU
   1  GCA.029582155.1    5.75%    passed     27.33%
   2  GCA.949358305.1    1.15%    passed     16.11%
   3  GCA.905147815.2    3.07%    passed     94.62%
   4  GCA.907164885.2   19.35%    passed     80.36%
   5  GCA.949752735.1   18.77%    passed     45.29%
   6  GCA.012295275.1    1.92%    passed     87.14%
   7  GCA.965235105.1    5.56%    failed      3.57%
   8  GCA.964340945.1    4.02%    passed     99.09%
   9  GCA.034508935.3   17.43%    passed     96.41%
  10  GCA.029030555.1    3.83%    passed     12.73%
  11  GCA.000376725.2    1.53%    passed     91.57%
  12  GCA.032362205.1   27.01%    passed     73.81%
  13  GCA.037127315.1    9.39%    passed     99.41%
  14  GCF.036711975.1    2.49%    passed     75.98%
  15  GCF.030347505.1   25.86%    passed     93.72%
  16  GCA.002278615.1   35.63%    passed     73.81%
  17  GCA.964019055.1   16.09%    passed     72.41%
  18  GCA.023014485.1   37.74%    passed     46.51%
  19  GCA.964340655.1    5.17%    passed     32.22%
  20  GCA.037379345.1    1.15%    passed     98.54%
  21  GCF.021130785.1   28.35%    passed     20.25%
  22  GCA.037976565.1    1.92%    passed     96.16%
  23  GCA.020423425.1   31.03%    passed     55.83%
  24  GCF.003227725.1    0.96%    passed     71.71%
  25  GCA.965247725.1    0.77%    passed     91.80%
  26  GCF.001194135.2    0.96%    passed     48.35%
  27  GCA.014526335.2   27.20%    passed     72.57%
  28  GCA.951509405.1    2.30%    passed      7.62%
  29  GCF.043290135.1   18.97%    passed     77.11%
****  TOTAL             12.25%  1 sequences failed composition chi2 test (p-value<5%; df=19)
Reading alignment file 03_ML_1/fasta_files_aligned_trimmed/525888at33208_aligned_trim.faa ... Fasta format detected
Reading fasta file: done in 0.000264087 secs using 95.04% CPU
Alignment most likely contains protein sequences
Constructing alignment: done in 0.000781771 secs using 1377% CPU
Alignment has 31 sequences with 185 columns, 178 distinct patterns
135 parsimony-informative, 20 singleton sites, 30 constant sites
                 Gap/Ambiguity  Composition  p-value
Analyzing sequences: done in 0.00492663 secs using 1580% CPU
   1  GCA.029582155.1    0.00%    passed     98.73%
   2  GCA.949358305.1    0.00%    passed     99.97%
   3  GCA.905147815.2    1.62%    passed     99.83%
   4  GCF.038396675.1    0.54%    passed     66.78%
   5  GCA.907164885.2    7.57%    passed     86.92%
   6  GCA.949752735.1    0.00%    passed     85.22%
   7  GCA.012295275.1    2.16%    passed     95.95%
   8  GCA.965235105.1    0.54%    passed     20.47%
   9  GCA.964340945.1    0.54%    passed     97.85%
  10  GCA.034508935.3    0.54%    passed     99.88%
  11  GCA.029030555.1    0.00%    passed     99.81%
  12  GCA.000376725.2    0.00%    passed     93.25%
  13  GCA.032362205.1   31.35%    passed     96.77%
  14  GCA.037127315.1    0.00%    passed     99.51%
  15  GCF.036711975.1    0.00%    passed     99.65%
  16  GCF.030347505.1    0.00%    passed     87.88%
  17  GCA.002278615.1    0.00%    passed     99.82%
  18  GCA.964019055.1    0.00%    passed     99.88%
  19  GCA.023014485.1    0.54%    passed     94.85%
  20  GCA.964340655.1    0.00%    passed     99.66%
  21  GCA.037379345.1    0.00%    passed     99.48%
  22  GCA.032361705.1   23.78%    passed     99.09%
  23  GCF.021130785.1   17.30%    passed     99.36%
  24  GCA.037976565.1    0.00%    passed     96.93%
  25  GCA.020423425.1    0.00%    passed     68.75%
  26  GCF.003227725.1    0.00%    passed     98.53%
  27  GCA.965247725.1    0.00%    passed     89.86%
  28  GCF.001194135.2    0.54%    passed     99.60%
  29  GCA.014526335.2    1.08%    passed     98.41%
  30  GCA.951509405.1    0.00%    passed     99.96%
  31  GCF.043290135.1    0.00%    passed     52.06%
****  TOTAL              2.84%  0 sequences failed composition chi2 test (p-value<5%; df=19)
Reading alignment file 03_ML_1/fasta_files_aligned_trimmed/529093at33208_aligned_trim.faa ... Fasta format detected
Reading fasta file: done in 0.000297055 secs using 94.26% CPU
Alignment most likely contains protein sequences
Constructing alignment: done in 0.00106309 secs using 934.3% CPU
Alignment has 29 sequences with 231 columns, 183 distinct patterns
123 parsimony-informative, 36 singleton sites, 72 constant sites
                 Gap/Ambiguity  Composition  p-value
Analyzing sequences: done in 0.00428219 secs using 1601% CPU
   1  GCA.029582155.1    0.00%    passed     98.64%
   2  GCA.949358305.1    0.00%    passed     99.58%
   3  GCA.905147815.2    0.00%    passed     99.99%
   4  GCF.038396675.1   19.05%    failed      1.93%
   5  GCA.907164885.2    0.00%    passed     99.95%
   6  GCA.949752735.1   19.05%    passed     99.82%
   7  GCA.012295275.1    0.43%    passed    100.00%
   8  GCA.965235105.1   19.48%    passed     99.26%
   9  GCA.964340945.1    0.43%    passed     99.87%
  10  GCA.034508935.3    0.00%    passed     74.47%
  11  GCA.029030555.1    0.00%    passed     99.99%
  12  GCA.000376725.2    0.00%    passed    100.00%
  13  GCA.037127315.1    5.63%    passed     99.22%
  14  GCF.036711975.1    0.00%    passed     97.51%
  15  GCF.030347505.1    0.00%    passed     27.96%
  16  GCA.002278615.1    0.00%    passed    100.00%
  17  GCA.964019055.1   19.91%    passed     99.81%
  18  GCA.023014485.1    0.00%    passed     99.99%
  19  GCA.964340655.1    0.43%    passed     99.96%
  20  GCA.037379345.1   19.05%    passed     99.97%
  21  GCA.032361705.1    0.00%    passed     99.93%
  22  GCF.021130785.1    0.43%    passed    100.00%
  23  GCA.037976565.1    0.00%    passed     99.88%
  24  GCA.020423425.1    0.00%    passed     99.96%
  25  GCF.003227725.1    0.00%    passed     98.27%
  26  GCA.965247725.1    0.00%    passed     97.01%
  27  GCF.001194135.2    0.00%    passed     99.71%
  28  GCA.951509405.1    0.00%    passed     99.96%
  29  GCF.043290135.1    0.43%    passed     99.99%
****  TOTAL              3.60%  1 sequences failed composition chi2 test (p-value<5%; df=19)
Reading alignment file 03_ML_1/fasta_files_aligned_trimmed/533690at33208_aligned_trim.faa ... Fasta format detected
Reading fasta file: done in 0.00119004 secs using 2352% CPU
Alignment most likely contains protein sequences
Constructing alignment: done in 0.000838921 secs using 485% CPU
Alignment has 28 sequences with 236 columns, 221 distinct patterns
166 parsimony-informative, 40 singleton sites, 30 constant sites
                 Gap/Ambiguity  Composition  p-value
Analyzing sequences: done in 0.00426345 secs using 1577% CPU
   1  GCA.029582155.1    0.00%    passed     99.84%
   2  GCA.949358305.1    0.00%    passed     99.44%
   3  GCA.905147815.2    0.85%    passed     98.71%
   4  GCF.038396675.1    0.00%    passed     99.18%
   5  GCA.907164885.2    0.42%    passed     99.69%
   6  GCA.949752735.1   12.29%    passed     91.10%
   7  GCA.012295275.1    8.05%    passed     99.87%
   8  GCA.965235105.1    0.00%    passed     88.80%
   9  GCA.964340945.1    0.42%    passed     99.96%
  10  GCA.034508935.3    0.42%    passed     79.68%
  11  GCA.029030555.1    0.42%    passed     98.89%
  12  GCA.000376725.2    0.42%    passed     93.50%
  13  GCA.037127315.1    0.00%    passed     98.83%
  14  GCF.036711975.1    0.00%    passed     83.82%
  15  GCF.030347505.1    0.00%    passed     96.02%
  16  GCA.002278615.1    0.00%    passed     91.29%
  17  GCA.964019055.1    0.00%    passed     98.81%
  18  GCA.023014485.1    4.66%    passed     76.44%
  19  GCA.964340655.1    0.00%    passed     96.64%
  20  GCA.037379345.1    1.27%    passed     95.57%
  21  GCA.037976565.1    6.36%    passed     93.16%
  22  GCA.020423425.1    0.00%    passed     97.54%
  23  GCF.003227725.1    0.00%    passed    100.00%
  24  GCA.965247725.1    0.00%    passed    100.00%
  25  GCF.001194135.2    0.00%    passed     99.96%
  26  GCA.014526335.2    1.27%    passed     99.91%
  27  GCA.951509405.1    0.00%    passed     85.07%
  28  GCF.043290135.1    2.97%    passed     41.97%
****  TOTAL              1.42%  0 sequences failed composition chi2 test (p-value<5%; df=19)
Reading alignment file 03_ML_1/fasta_files_aligned_trimmed/535367at33208_aligned_trim.faa ... Fasta format detected
Reading fasta file: done in 0.000386981 secs using 3403% CPU
Alignment most likely contains protein sequences
Constructing alignment: done in 0.00116503 secs using 659.8% CPU
Alignment has 29 sequences with 344 columns, 337 distinct patterns
294 parsimony-informative, 24 singleton sites, 26 constant sites
                 Gap/Ambiguity  Composition  p-value
Analyzing sequences: done in 0.00642434 secs using 1611% CPU
   1  GCA.029582155.1   49.42%    passed     68.01%
   2  GCA.949358305.1   26.16%    passed     99.96%
   3  GCA.905147815.2    4.36%    passed     90.00%
   4  GCF.038396675.1    9.01%    passed     91.92%
   5  GCA.949752735.1   37.79%    passed     71.38%
   6  GCA.012295275.1   36.05%    passed     97.96%
   7  GCA.965235105.1   26.16%    passed     20.94%
   8  GCA.964340945.1   49.13%    passed     22.21%
   9  GCA.034508935.3   49.13%    passed     91.32%
  10  GCA.029030555.1    9.30%    passed     54.48%
  11  GCA.000376725.2    8.43%    passed     13.17%
  12  GCA.032362205.1   38.37%    passed     84.41%
  13  GCA.037127315.1   42.15%    passed     99.08%
  14  GCF.036711975.1    6.69%    failed      3.99%
  15  GCF.030347505.1   37.50%    failed      4.65%
  16  GCA.002278615.1   22.67%    failed      4.27%
  17  GCA.964019055.1   27.91%    passed     88.08%
  18  GCA.023014485.1    5.23%    passed     29.38%
  19  GCA.964340655.1    5.52%    passed     45.52%
  20  GCA.037379345.1   37.21%    passed     88.49%
  21  GCA.032361705.1    4.94%    passed     95.18%
  22  GCF.021130785.1   11.34%    passed     39.96%
  23  GCA.037976565.1    1.74%    passed     79.28%
  24  GCA.020423425.1   43.02%    passed     10.28%
  25  GCF.003227725.1    6.40%    passed     44.27%
  26  GCA.965247725.1    9.01%    passed     69.24%
  27  GCF.001194135.2   23.26%    passed     94.14%
  28  GCA.951509405.1   38.66%    passed     93.48%
  29  GCF.043290135.1   29.94%    passed     84.02%
****  TOTAL             24.02%  3 sequences failed composition chi2 test (p-value<5%; df=19)
Reading alignment file 03_ML_1/fasta_files_aligned_trimmed/536251at33208_aligned_trim.faa ... Fasta format detected
Reading fasta file: done in 0.000204613 secs using 95.79% CPU
Alignment most likely contains protein sequences
Constructing alignment: done in 0.000606356 secs using 752.7% CPU
Alignment has 28 sequences with 172 columns, 162 distinct patterns
133 parsimony-informative, 13 singleton sites, 26 constant sites
                 Gap/Ambiguity  Composition  p-value
Analyzing sequences: done in 0.00452371 secs using 1646% CPU
   1  GCA.029582155.1    0.00%    passed     91.44%
   2  GCA.949358305.1    0.00%    passed     99.85%
   3  GCA.905147815.2    0.00%    passed     99.89%
   4  GCF.038396675.1    0.00%    passed     94.46%
   5  GCA.907164885.2    0.58%    passed     98.44%
   6  GCA.949752735.1    0.00%    passed     90.97%
   7  GCA.012295275.1    1.74%    passed     95.07%
   8  GCA.965235105.1    2.33%    passed     83.59%
   9  GCA.964340945.1    0.00%    passed      8.47%
  10  GCA.034508935.3    0.00%    passed     99.44%
  11  GCA.029030555.1    0.00%    passed     96.00%
  12  GCA.000376725.2    0.00%    passed     93.16%
  13  GCA.032362205.1   24.42%    passed     89.95%
  14  GCA.037127315.1    0.58%    passed     53.70%
  15  GCF.036711975.1    0.00%    passed     22.64%
  16  GCF.030347505.1    2.91%    passed     98.58%
  17  GCA.002278615.1    0.00%    passed     88.74%
  18  GCA.964019055.1    1.16%    passed     27.11%
  19  GCA.964340655.1    0.00%    passed     93.45%
  20  GCA.037379345.1    0.00%    passed     99.78%
  21  GCA.032361705.1    4.65%    passed     95.99%
  22  GCF.021130785.1    0.58%    passed     98.07%
  23  GCA.037976565.1    0.00%    passed     33.34%
  24  GCA.020423425.1    0.58%    passed     66.95%
  25  GCF.003227725.1    0.00%    passed     84.60%
  26  GCA.965247725.1    0.58%    passed     77.33%
  27  GCF.001194135.2    0.00%    passed     99.60%
  28  GCA.951509405.1    2.91%    passed     82.39%
****  TOTAL              1.54%  0 sequences failed composition chi2 test (p-value<5%; df=19)
Reading alignment file 03_ML_1/fasta_files_aligned_trimmed/538442at33208_aligned_trim.faa ... Fasta format detected
Reading fasta file: done in 0.00021003 secs using 97.61% CPU
Alignment most likely contains protein sequences
Constructing alignment: done in 0.000612637 secs using 136.9% CPU
Alignment has 29 sequences with 179 columns, 178 distinct patterns
142 parsimony-informative, 23 singleton sites, 14 constant sites
                 Gap/Ambiguity  Composition  p-value
Analyzing sequences: done in 0.00621275 secs using 1566% CPU
   1  GCA.029582155.1    1.68%    passed     97.35%
   2  GCA.949358305.1   10.61%    passed     61.12%
   3  GCA.905147815.2    0.00%    passed     99.95%
   4  GCF.038396675.1    0.00%    passed     45.38%
   5  GCA.907164885.2    0.00%    passed     99.79%
   6  GCA.012295275.1    1.12%    passed     88.86%
   7  GCA.965235105.1   17.32%    passed     99.58%
   8  GCA.964340945.1    1.12%    passed     31.14%
   9  GCA.034508935.3    0.00%    passed     99.41%
  10  GCA.029030555.1    0.00%    passed     99.55%
  11  GCA.000376725.2    0.00%    passed     57.47%
  12  GCA.032362205.1   16.76%    passed     98.38%
  13  GCA.037127315.1    3.91%    passed     96.78%
  14  GCF.036711975.1    0.00%    passed     68.28%
  15  GCF.030347505.1    0.56%    passed     92.23%
  16  GCA.002278615.1    0.00%    passed     96.30%
  17  GCA.964019055.1    0.00%    passed     95.17%
  18  GCA.023014485.1    0.56%    passed     64.61%
  19  GCA.964340655.1    0.56%    passed     96.46%
  20  GCA.037379345.1    0.00%    passed     87.82%
  21  GCF.021130785.1    8.38%    passed     99.66%
  22  GCA.037976565.1    6.70%    passed     83.90%
  23  GCA.020423425.1    0.56%    passed     99.99%
  24  GCF.003227725.1    7.26%    passed     84.74%
  25  GCA.965247725.1    7.26%    passed     89.83%
  26  GCF.001194135.2    1.68%    passed     80.12%
  27  GCA.014526335.2    2.79%    passed     99.70%
  28  GCA.951509405.1    0.56%    passed     99.72%
  29  GCF.043290135.1    2.79%    passed     19.94%
****  TOTAL              3.18%  0 sequences failed composition chi2 test (p-value<5%; df=19)
Reading alignment file 03_ML_1/fasta_files_aligned_trimmed/539043at33208_aligned_trim.faa ... Fasta format detected
Reading fasta file: done in 0.000188692 secs using 94.33% CPU
Alignment most likely contains protein sequences
Constructing alignment: done in 0.000559619 secs using 126.3% CPU
Alignment has 27 sequences with 154 columns, 146 distinct patterns
106 parsimony-informative, 23 singleton sites, 25 constant sites
                 Gap/Ambiguity  Composition  p-value
Analyzing sequences: done in 0.00427856 secs using 1577% CPU
   1  GCA.949358305.1    3.90%    passed     98.98%
   2  GCA.905147815.2    0.65%    passed    100.00%
   3  GCF.038396675.1    1.95%    passed     98.36%
   4  GCA.907164885.2    3.25%    passed     99.76%
   5  GCA.949752735.1    5.19%    passed     98.98%
   6  GCA.012295275.1    3.25%    passed     99.98%
   7  GCA.965235105.1    1.30%    passed     72.61%
   8  GCA.964340945.1    7.79%    passed     99.90%
   9  GCA.034508935.3    2.60%    passed     87.83%
  10  GCA.029030555.1    5.19%    passed     99.78%
  11  GCA.000376725.2    2.60%    passed     93.58%
  12  GCA.037127315.1    5.19%    passed     96.11%
  13  GCF.036711975.1    0.65%    passed     96.39%
  14  GCF.030347505.1    0.65%    passed     99.30%
  15  GCA.964019055.1    2.60%    passed     98.43%
  16  GCA.023014485.1    2.60%    passed     97.74%
  17  GCA.964340655.1    0.65%    passed     99.96%
  18  GCA.037379345.1    3.90%    passed     99.06%
  19  GCA.032361705.1    4.55%    passed     80.38%
  20  GCA.037976565.1    0.65%    passed     99.98%
  21  GCA.020423425.1    0.65%    passed     96.11%
  22  GCF.003227725.1    0.65%    passed     99.95%
  23  GCA.965247725.1    0.00%    passed     99.96%
  24  GCF.001194135.2    5.19%    passed     99.67%
  25  GCA.014526335.2    2.60%    passed     85.48%
  26  GCA.951509405.1    5.84%    passed     28.12%
  27  GCF.043290135.1    2.60%    passed     90.53%
****  TOTAL              2.84%  0 sequences failed composition chi2 test (p-value<5%; df=19)
Reading alignment file 03_ML_1/fasta_files_aligned_trimmed/544849at33208_aligned_trim.faa ... Fasta format detected
Reading fasta file: done in 0.000148 secs using 203.4% CPU
Alignment most likely contains protein sequences
Constructing alignment: done in 0.000365019 secs using 200% CPU
Alignment has 28 sequences with 106 columns, 100 distinct patterns
60 parsimony-informative, 22 singleton sites, 24 constant sites
                 Gap/Ambiguity  Composition  p-value
Analyzing sequences: done in 0.00427091 secs using 1549% CPU
   1  GCA.029582155.1    0.94%    passed     99.61%
   2  GCA.949358305.1    0.94%    passed     99.94%
   3  GCA.905147815.2    2.83%    passed     97.31%
   4  GCA.907164885.2    0.94%    passed    100.00%
   5  GCA.949752735.1   18.87%    passed     92.12%
   6  GCA.012295275.1    0.94%    passed     99.99%
   7  GCA.964340945.1    3.77%    passed     95.19%
   8  GCA.034508935.3    0.94%    passed     99.99%
   9  GCA.029030555.1    1.89%    passed     97.85%
  10  GCA.000376725.2    0.94%    passed    100.00%
  11  GCA.032362205.1   36.79%    passed     94.06%
  12  GCA.037127315.1    0.94%    passed     99.89%
  13  GCF.036711975.1    0.94%    passed     99.86%
  14  GCF.030347505.1    0.94%    passed     99.97%
  15  GCA.002278615.1    0.94%    passed     99.77%
  16  GCA.964019055.1   20.75%    passed     82.33%
  17  GCA.023014485.1    0.94%    passed     99.33%
  18  GCA.964340655.1    2.83%    passed     96.11%
  19  GCA.037379345.1    0.94%    passed     95.98%
  20  GCA.032361705.1    0.94%    passed    100.00%
  21  GCF.021130785.1    0.94%    passed     99.93%
  22  GCA.037976565.1   23.58%    passed     72.92%
  23  GCA.020423425.1    0.94%    passed     99.99%
  24  GCF.003227725.1    0.94%    passed    100.00%
  25  GCA.965247725.1    0.94%    passed    100.00%
  26  GCF.001194135.2    0.94%    passed     99.95%
  27  GCA.951509405.1    0.94%    passed     90.17%
  28  GCF.043290135.1    0.94%    passed    100.00%
****  TOTAL              4.65%  0 sequences failed composition chi2 test (p-value<5%; df=19)
Reading alignment file 03_ML_1/fasta_files_aligned_trimmed/548327at33208_aligned_trim.faa ... Fasta format detected
Reading fasta file: done in 0.000246151 secs using 5595% CPU
Alignment most likely contains protein sequences
Constructing alignment: done in 0.000654586 secs using 1396% CPU
Alignment has 28 sequences with 207 columns, 180 distinct patterns
150 parsimony-informative, 16 singleton sites, 41 constant sites
                 Gap/Ambiguity  Composition  p-value
Analyzing sequences: done in 0.00460643 secs using 1626% CPU
   1  GCA.029582155.1    1.45%    passed     97.91%
   2  GCA.949358305.1    0.00%    passed     99.73%
   3  GCA.905147815.2    2.90%    passed     97.26%
   4  GCF.038396675.1    0.00%    passed     78.16%
   5  GCA.907164885.2    8.70%    passed     98.69%
   6  GCA.949752735.1    0.00%    passed     99.41%
   7  GCA.012295275.1    5.80%    passed     99.99%
   8  GCA.965235105.1   14.01%    passed     54.22%
   9  GCA.964340945.1    3.38%    passed     98.94%
  10  GCA.034508935.3    4.83%    passed     99.08%
  11  GCA.029030555.1    2.90%    passed     94.75%
  12  GCA.000376725.2    7.73%    passed     59.34%
  13  GCA.037127315.1    1.45%    passed     98.99%
  14  GCF.036711975.1    0.00%    passed     90.66%
  15  GCF.030347505.1   12.08%    passed     99.34%
  16  GCA.002278615.1   12.08%    passed     98.32%
  17  GCA.964019055.1    0.00%    passed     99.96%
  18  GCA.964340655.1    1.45%    passed     69.48%
  19  GCA.037379345.1    4.83%    passed     98.81%
  20  GCA.032361705.1   14.01%    passed     98.89%
  21  GCA.037976565.1    8.21%    passed     75.72%
  22  GCA.020423425.1    6.76%    passed     89.62%
  23  GCF.003227725.1    0.00%    passed     98.71%
  24  GCA.965247725.1    8.21%    passed     82.57%
  25  GCF.001194135.2    0.97%    passed     96.94%
  26  GCA.014526335.2   10.63%    passed     95.18%
  27  GCA.951509405.1    0.00%    passed     96.01%
  28  GCF.043290135.1   10.14%    failed      0.62%
****  TOTAL              5.09%  1 sequences failed composition chi2 test (p-value<5%; df=19)
Reading alignment file 03_ML_1/fasta_files_aligned_trimmed/552764at33208_aligned_trim.faa ... Fasta format detected
Reading fasta file: done in 0.000260257 secs using 2018% CPU
Alignment most likely contains protein sequences
Constructing alignment: done in 0.00084265 secs using 158.5% CPU
Alignment has 27 sequences with 186 columns, 169 distinct patterns
100 parsimony-informative, 37 singleton sites, 49 constant sites
                 Gap/Ambiguity  Composition  p-value
Analyzing sequences: done in 0.00459213 secs using 1615% CPU
   1  GCA.029582155.1    1.08%    passed     99.90%
   2  GCA.949358305.1    5.91%    passed     97.55%
   3  GCA.905147815.2    0.54%    passed     98.90%
   4  GCF.038396675.1    3.23%    passed     56.91%
   5  GCA.907164885.2    6.45%    passed     99.29%
   6  GCA.012295275.1    9.14%    passed     99.03%
   7  GCA.964340945.1    0.54%    passed     94.72%
   8  GCA.034508935.3    1.61%    passed     99.99%
   9  GCA.029030555.1   20.43%    passed     99.92%
  10  GCA.000376725.2    8.60%    passed      8.33%
  11  GCA.037127315.1   10.75%    passed     97.32%
  12  GCF.036711975.1    5.91%    passed     99.93%
  13  GCF.030347505.1    6.45%    passed     99.95%
  14  GCA.002278615.1   18.28%    passed     99.56%
  15  GCA.964019055.1    0.54%    passed     99.97%
  16  GCA.023014485.1   12.37%    passed     99.35%
  17  GCA.964340655.1   20.43%    passed     99.76%
  18  GCA.037379345.1    1.08%    passed     95.09%
  19  GCA.032361705.1   34.95%    passed     99.13%
  20  GCA.037976565.1    3.23%    passed     87.03%
  21  GCA.020423425.1    6.99%    passed     99.95%
  22  GCF.003227725.1    0.54%    passed     95.69%
  23  GCA.965247725.1    0.54%    passed     99.38%
  24  GCF.001194135.2    0.54%    passed     80.09%
  25  GCA.014526335.2    7.53%    passed     93.50%
  26  GCA.951509405.1    6.99%    passed     99.05%
  27  GCF.043290135.1   17.20%    passed     99.42%
****  TOTAL              7.85%  0 sequences failed composition chi2 test (p-value<5%; df=19)
Reading alignment file 03_ML_1/fasta_files_aligned_trimmed/556189at33208_aligned_trim.faa ... Fasta format detected
Reading fasta file: done in 0.000271524 secs using 269.2% CPU
Alignment most likely contains protein sequences
Constructing alignment: done in 0.000889165 secs using 1674% CPU
Alignment has 28 sequences with 196 columns, 194 distinct patterns
159 parsimony-informative, 19 singleton sites, 18 constant sites
                 Gap/Ambiguity  Composition  p-value
Analyzing sequences: done in 0.00442199 secs using 1558% CPU
   1  GCA.029582155.1    9.18%    passed     93.82%
   2  GCA.949358305.1    6.63%    passed     92.03%
   3  GCA.905147815.2    5.10%    passed     98.89%
   4  GCF.038396675.1    2.55%    passed     99.42%
   5  GCA.907164885.2    1.02%    passed     98.81%
   6  GCA.949752735.1    8.16%    passed     46.33%
   7  GCA.012295275.1    4.59%    passed     71.97%
   8  GCA.965235105.1    1.53%    passed     48.41%
   9  GCA.964340945.1    9.18%    passed     85.97%
  10  GCA.029030555.1    1.53%    passed     99.00%
  11  GCA.000376725.2   15.82%    passed     89.40%
  12  GCA.037127315.1    2.04%    passed     98.18%
  13  GCF.036711975.1    1.53%    passed     98.33%
  14  GCF.030347505.1    1.53%    passed     55.39%
  15  GCA.002278615.1    1.53%    passed     92.25%
  16  GCA.964019055.1    1.53%    passed     97.31%
  17  GCA.023014485.1   22.45%    passed     58.51%
  18  GCA.964340655.1    1.53%    passed     99.52%
  19  GCA.037379345.1   11.73%    passed     13.61%
  20  GCF.021130785.1   26.53%    passed     61.41%
  21  GCA.037976565.1    1.53%    passed     96.41%
  22  GCA.020423425.1    0.51%    passed     90.35%
  23  GCF.003227725.1    2.04%    passed     81.49%
  24  GCA.965247725.1    1.53%    passed     95.85%
  25  GCF.001194135.2    2.04%    passed     86.85%
  26  GCA.014526335.2    2.04%    passed     89.92%
  27  GCA.951509405.1    7.14%    passed     96.61%
  28  GCF.043290135.1    2.04%    passed     60.58%
****  TOTAL              5.52%  0 sequences failed composition chi2 test (p-value<5%; df=19)
Reading alignment file 03_ML_1/fasta_files_aligned_trimmed/556445at33208_aligned_trim.faa ... Fasta format detected
Reading fasta file: done in 0.000238438 secs using 93.11% CPU
Alignment most likely contains protein sequences
Constructing alignment: done in 0.000754355 secs using 97.43% CPU
Alignment has 29 sequences with 145 columns, 144 distinct patterns
120 parsimony-informative, 15 singleton sites, 10 constant sites
                 Gap/Ambiguity  Composition  p-value
Analyzing sequences: done in 0.00448653 secs using 1633% CPU
   1  GCA.029582155.1    0.00%    passed     96.34%
   2  GCA.949358305.1    2.76%    passed     93.64%
   3  GCA.905147815.2    0.00%    passed     99.96%
   4  GCF.038396675.1    6.21%    passed     70.76%
   5  GCA.907164885.2    0.00%    passed     97.21%
   6  GCA.949752735.1    0.00%    passed     90.28%
   7  GCA.012295275.1    0.00%    passed     99.97%
   8  GCA.965235105.1    0.00%    passed     90.53%
   9  GCA.964340945.1    7.59%    passed     93.82%
  10  GCA.034508935.3    0.00%    passed     85.64%
  11  GCA.029030555.1    0.00%    passed     99.99%
  12  GCA.000376725.2    0.00%    passed     99.89%
  13  GCA.037127315.1    0.00%    passed     98.63%
  14  GCF.036711975.1    0.00%    passed     99.49%
  15  GCF.030347505.1    0.00%    passed    100.00%
  16  GCA.002278615.1    0.00%    passed     97.69%
  17  GCA.964019055.1    8.97%    passed     13.71%
  18  GCA.023014485.1    0.00%    passed     98.60%
  19  GCA.964340655.1    0.00%    passed     99.98%
  20  GCA.037379345.1    6.90%    passed     94.46%
  21  GCF.021130785.1    0.00%    passed     99.98%
  22  GCA.037976565.1    2.07%    passed     84.62%
  23  GCA.020423425.1    0.00%    passed    100.00%
  24  GCF.003227725.1    0.00%    passed     99.72%
  25  GCA.965247725.1    0.00%    passed     94.19%
  26  GCF.001194135.2    0.00%    passed     93.87%
  27  GCA.014526335.2   22.07%    passed     42.26%
  28  GCA.951509405.1    0.00%    passed     98.18%
  29  GCF.043290135.1    0.00%    passed     97.48%
****  TOTAL              1.95%  0 sequences failed composition chi2 test (p-value<5%; df=19)
Reading alignment file 03_ML_1/fasta_files_aligned_trimmed/556461at33208_aligned_trim.faa ... Fasta format detected
Reading fasta file: done in 0.000264172 secs using 5767% CPU
Alignment most likely contains protein sequences
Constructing alignment: done in 0.000681886 secs using 1172% CPU
Alignment has 29 sequences with 118 columns, 118 distinct patterns
95 parsimony-informative, 17 singleton sites, 6 constant sites
                 Gap/Ambiguity  Composition  p-value
Analyzing sequences: done in 0.00443514 secs using 1612% CPU
   1  GCA.029582155.1    7.63%    passed     90.94%
   2  GCA.949358305.1    5.93%    passed     44.20%
   3  GCA.905147815.2    4.24%    passed     92.19%
   4  GCF.038396675.1   12.71%    passed     54.60%
   5  GCA.907164885.2    5.08%    passed     66.35%
   6  GCA.949752735.1   30.51%    passed     74.80%
   7  GCA.012295275.1    5.08%    passed     66.16%
   8  GCA.965235105.1    7.63%    passed     29.87%
   9  GCA.964340945.1    5.93%    passed     89.55%
  10  GCA.034508935.3    5.08%    passed     94.34%
  11  GCA.029030555.1    4.24%    passed     81.14%
  12  GCA.000376725.2    4.24%    passed     99.92%
  13  GCA.037127315.1    4.24%    passed     94.71%
  14  GCF.036711975.1    4.24%    passed     98.97%
  15  GCF.030347505.1    5.93%    passed     20.76%
  16  GCA.002278615.1    4.24%    passed     97.48%
  17  GCA.964019055.1   13.56%    passed     44.77%
  18  GCA.023014485.1    6.78%    passed     93.69%
  19  GCA.964340655.1    4.24%    passed     97.17%
  20  GCA.032361705.1   32.20%    passed     26.56%
  21  GCF.021130785.1   28.81%    passed     76.82%
  22  GCA.037976565.1    5.93%    passed     23.11%
  23  GCA.020423425.1    4.24%    passed     99.61%
  24  GCF.003227725.1    4.24%    passed     98.09%
  25  GCA.965247725.1    4.24%    passed     67.08%
  26  GCF.001194135.2    4.24%    passed     90.05%
  27  GCA.014526335.2   14.41%    passed     82.91%
  28  GCA.951509405.1    5.08%    passed     65.81%
  29  GCF.043290135.1    4.24%    passed     95.62%
****  TOTAL              8.59%  0 sequences failed composition chi2 test (p-value<5%; df=19)
Reading alignment file 03_ML_1/fasta_files_aligned_trimmed/556510at33208_aligned_trim.faa ... Fasta format detected
Reading fasta file: done in 0.000260664 secs using 5849% CPU
Alignment most likely contains protein sequences
Constructing alignment: done in 0.00104022 secs using 1103% CPU
Alignment has 28 sequences with 166 columns, 160 distinct patterns
116 parsimony-informative, 29 singleton sites, 21 constant sites
                 Gap/Ambiguity  Composition  p-value
Analyzing sequences: done in 0.0044171 secs using 1620% CPU
   1  GCA.029582155.1    0.00%    passed     99.77%
   2  GCA.949358305.1    0.60%    passed     93.16%
   3  GCA.905147815.2    0.00%    passed     99.81%
   4  GCF.038396675.1   23.49%    passed     73.05%
   5  GCA.907164885.2    0.00%    passed     98.83%
   6  GCA.949752735.1    0.00%    passed    100.00%
   7  GCA.012295275.1    0.00%    passed    100.00%
   8  GCA.965235105.1    1.20%    passed     44.52%
   9  GCA.964340945.1   10.24%    passed     98.78%
  10  GCA.034508935.3    0.00%    passed     98.91%
  11  GCA.029030555.1    0.00%    passed     97.45%
  12  GCA.000376725.2    0.00%    passed     94.52%
  13  GCA.037127315.1    0.00%    passed     99.98%
  14  GCF.036711975.1    0.00%    passed     99.28%
  15  GCF.030347505.1    0.00%    passed     77.09%
  16  GCA.002278615.1   21.08%    passed     70.50%
  17  GCA.964019055.1    1.20%    passed     88.16%
  18  GCA.023014485.1    0.00%    passed     99.51%
  19  GCA.964340655.1    0.00%    passed     98.66%
  20  GCA.037379345.1    0.00%    passed     99.91%
  21  GCA.032361705.1    0.00%    passed     99.83%
  22  GCA.037976565.1    5.42%    passed     99.75%
  23  GCA.020423425.1    0.00%    passed     99.89%
  24  GCF.003227725.1    0.00%    passed     93.07%
  25  GCA.965247725.1    0.00%    passed     97.32%
  26  GCF.001194135.2    0.00%    passed     99.77%
  27  GCA.014526335.2    0.60%    passed     99.63%
  28  GCA.951509405.1    0.60%    passed     85.37%
****  TOTAL              2.30%  0 sequences failed composition chi2 test (p-value<5%; df=19)
Reading alignment file 03_ML_1/fasta_files_aligned_trimmed/563426at33208_aligned_trim.faa ... Fasta format detected
Reading fasta file: done in 0.000428945 secs using 3268% CPU
Alignment most likely contains protein sequences
Constructing alignment: done in 0.00172206 secs using 1525% CPU
Alignment has 28 sequences with 353 columns, 331 distinct patterns
252 parsimony-informative, 52 singleton sites, 49 constant sites
                 Gap/Ambiguity  Composition  p-value
Analyzing sequences: done in 0.00449643 secs using 1610% CPU
   1  GCA.029582155.1   27.48%    passed     72.63%
   2  GCA.949358305.1    4.82%    passed     93.20%
   3  GCA.905147815.2    1.13%    passed     99.21%
   4  GCF.038396675.1   10.48%    passed     88.39%
   5  GCA.907164885.2    1.70%    passed     95.83%
   6  GCA.949752735.1   14.73%    passed     97.07%
   7  GCA.012295275.1   19.55%    passed     99.69%
   8  GCA.965235105.1    4.82%    passed      5.90%
   9  GCA.964340945.1   31.44%    passed     67.04%
  10  GCA.034508935.3    8.50%    passed     96.30%
  11  GCA.029030555.1    0.57%    passed     98.09%
  12  GCA.000376725.2    0.28%    passed     78.72%
  13  GCA.037127315.1    9.07%    passed     93.26%
  14  GCF.036711975.1    1.98%    passed     66.31%
  15  GCF.030347505.1    3.68%    passed     99.71%
  16  GCA.002278615.1    2.27%    passed     92.47%
  17  GCA.964019055.1    3.68%    passed     91.72%
  18  GCA.023014485.1   20.11%    passed     71.25%
  19  GCA.964340655.1    0.57%    passed     99.93%
  20  GCA.037379345.1   34.28%    passed     82.91%
  21  GCF.021130785.1   30.88%    passed     48.05%
  22  GCA.037976565.1    5.38%    passed     97.58%
  23  GCF.003227725.1    1.98%    passed     99.79%
  24  GCA.965247725.1   23.51%    passed     35.59%
  25  GCF.001194135.2    4.82%    passed     99.60%
  26  GCA.014526335.2   34.56%    passed     46.64%
  27  GCA.951509405.1    4.25%    passed     96.71%
  28  GCF.043290135.1   13.03%    passed     57.33%
****  TOTAL             11.41%  0 sequences failed composition chi2 test (p-value<5%; df=19)
Reading alignment file 03_ML_1/fasta_files_aligned_trimmed/564286at33208_aligned_trim.faa ... Fasta format detected
Reading fasta file: done in 0.000256844 secs using 91.5% CPU
Alignment most likely contains protein sequences
Constructing alignment: done in 0.000836071 secs using 1891% CPU
Alignment has 31 sequences with 130 columns, 124 distinct patterns
76 parsimony-informative, 34 singleton sites, 20 constant sites
                 Gap/Ambiguity  Composition  p-value
Analyzing sequences: done in 0.00436935 secs using 1597% CPU
   1  GCA.029582155.1    0.00%    passed     99.99%
   2  GCA.949358305.1    0.00%    passed     98.57%
   3  GCA.905147815.2    0.00%    passed     99.68%
   4  GCF.038396675.1    0.00%    passed     99.98%
   5  GCA.907164885.2    0.77%    passed     99.52%
   6  GCA.949752735.1    0.00%    passed     99.90%
   7  GCA.012295275.1    0.00%    passed     99.96%
   8  GCA.965235105.1    1.54%    passed     91.82%
   9  GCA.964340945.1    0.00%    passed     99.76%
  10  GCA.034508935.3    0.00%    passed    100.00%
  11  GCA.029030555.1    0.77%    passed     98.90%
  12  GCA.000376725.2    0.00%    passed    100.00%
  13  GCA.032362205.1    3.08%    passed     19.27%
  14  GCA.037127315.1    0.00%    passed     99.94%
  15  GCF.036711975.1    0.00%    passed     98.17%
  16  GCF.030347505.1    0.00%    passed    100.00%
  17  GCA.002278615.1    0.00%    passed     99.99%
  18  GCA.964019055.1    0.00%    passed     99.92%
  19  GCA.023014485.1    0.00%    passed     96.10%
  20  GCA.964340655.1    0.00%    passed     98.39%
  21  GCA.037379345.1    0.00%    passed     99.98%
  22  GCA.032361705.1   27.69%    passed     97.13%
  23  GCF.021130785.1    4.62%    passed     96.12%
  24  GCA.037976565.1    0.00%    passed     99.97%
  25  GCA.020423425.1    0.00%    passed     99.91%
  26  GCF.003227725.1    0.00%    passed     99.98%
  27  GCA.965247725.1    0.00%    passed     99.85%
  28  GCF.001194135.2    0.00%    passed     99.86%
  29  GCA.014526335.2    0.00%    passed     91.39%
  30  GCA.951509405.1    0.00%    passed     99.87%
  31  GCF.043290135.1    0.00%    passed     99.97%
****  TOTAL              1.24%  0 sequences failed composition chi2 test (p-value<5%; df=19)
Reading alignment file 03_ML_1/fasta_files_aligned_trimmed/567650at33208_aligned_trim.faa ... Fasta format detected
Reading fasta file: done in 0.000498564 secs using 3518% CPU
Alignment most likely contains protein sequences
Constructing alignment: done in 0.00210294 secs using 1437% CPU
Alignment has 29 sequences with 359 columns, 350 distinct patterns
309 parsimony-informative, 33 singleton sites, 17 constant sites
                 Gap/Ambiguity  Composition  p-value
Analyzing sequences: done in 0.0042677 secs using 1647% CPU
   1  GCA.029582155.1    3.34%    passed     98.05%
   2  GCA.949358305.1   19.22%    passed     87.89%
   3  GCA.905147815.2    4.46%    passed     93.96%
   4  GCF.038396675.1    5.29%    passed     65.46%
   5  GCA.907164885.2    6.41%    passed     78.47%
   6  GCA.949752735.1    5.57%    passed      8.00%
   7  GCA.012295275.1    3.06%    passed     99.11%
   8  GCA.964340945.1    4.74%    failed      1.64%
   9  GCA.034508935.3   19.22%    passed     53.61%
  10  GCA.029030555.1    4.18%    passed     55.83%
  11  GCA.000376725.2    3.62%    passed     28.20%
  12  GCA.037127315.1    3.90%    passed     98.09%
  13  GCF.036711975.1    4.18%    passed     70.89%
  14  GCF.030347505.1    3.90%    passed     76.01%
  15  GCA.002278615.1    5.01%    passed     98.83%
  16  GCA.964019055.1    3.62%    passed     96.03%
  17  GCA.023014485.1    4.74%    passed     86.57%
  18  GCA.964340655.1    4.18%    passed     99.33%
  19  GCA.037379345.1    3.34%    passed     98.93%
  20  GCA.032361705.1   22.28%    failed      0.00%
  21  GCF.021130785.1   35.10%    passed     93.57%
  22  GCA.037976565.1   18.38%    passed     13.95%
  23  GCA.020423425.1    5.29%    passed     10.73%
  24  GCF.003227725.1   18.66%    passed     31.18%
  25  GCA.965247725.1    5.57%    passed     98.48%
  26  GCF.001194135.2    3.90%    passed     79.06%
  27  GCA.014526335.2   27.02%    passed     96.37%
  28  GCA.951509405.1    5.57%    passed     49.53%
  29  GCF.043290135.1    4.74%    passed     11.39%
****  TOTAL              8.91%  2 sequences failed composition chi2 test (p-value<5%; df=19)
Reading alignment file 03_ML_1/fasta_files_aligned_trimmed/573203at33208_aligned_trim.faa ... Fasta format detected
Reading fasta file: done in 0.000433332 secs using 3557% CPU
Alignment most likely contains protein sequences
Constructing alignment: done in 0.00168567 secs using 1527% CPU
Alignment has 27 sequences with 306 columns, 304 distinct patterns
263 parsimony-informative, 25 singleton sites, 18 constant sites
                 Gap/Ambiguity  Composition  p-value
Analyzing sequences: done in 0.00427084 secs using 1611% CPU
   1  GCA.029582155.1   18.95%    passed     39.60%
   2  GCA.949358305.1   27.78%    passed     73.14%
   3  GCA.905147815.2    6.86%    passed     11.79%
   4  GCF.038396675.1    8.82%    passed     75.23%
   5  GCA.907164885.2   11.44%    passed     96.68%
   6  GCA.949752735.1    0.98%    passed     62.77%
   7  GCA.012295275.1   22.88%    passed     75.70%
   8  GCA.964340945.1   25.49%    passed     98.00%
   9  GCA.034508935.3    2.29%    passed     95.21%
  10  GCA.029030555.1    5.56%    failed      1.87%
  11  GCA.000376725.2    1.63%    passed     35.01%
  12  GCA.037127315.1   30.07%    passed     30.89%
  13  GCF.036711975.1    2.61%    passed     40.02%
  14  GCF.030347505.1    3.27%    passed     19.79%
  15  GCA.002278615.1   30.72%    passed     65.65%
  16  GCA.964019055.1    0.98%    passed     26.31%
  17  GCA.023014485.1   25.16%    passed     85.69%
  18  GCA.964340655.1    6.54%    failed      2.13%
  19  GCA.037379345.1   29.74%    passed     77.89%
  20  GCA.032361705.1   19.61%    failed      1.40%
  21  GCA.037976565.1    9.48%    passed     83.15%
  22  GCA.020423425.1    1.31%    passed     84.40%
  23  GCF.003227725.1    1.63%    passed     68.17%
  24  GCA.965247725.1    2.61%    passed     17.49%
  25  GCF.001194135.2   32.03%    passed     59.59%
  26  GCA.951509405.1    3.27%    passed     95.05%
  27  GCF.043290135.1    2.29%    failed      0.24%
****  TOTAL             12.37%  4 sequences failed composition chi2 test (p-value<5%; df=19)
Reading alignment file 03_ML_1/fasta_files_aligned_trimmed/573313at33208_aligned_trim.faa ... Fasta format detected
Reading fasta file: done in 0.000364832 secs using 95.66% CPU
Alignment most likely contains protein sequences
Constructing alignment: done in 0.00132494 secs using 1007% CPU
Alignment has 28 sequences with 260 columns, 254 distinct patterns
205 parsimony-informative, 32 singleton sites, 23 constant sites
                 Gap/Ambiguity  Composition  p-value
Analyzing sequences: done in 0.00412852 secs using 1686% CPU
   1  GCA.029582155.1    0.00%    passed     57.86%
   2  GCA.949358305.1   15.00%    passed     94.91%
   3  GCA.905147815.2    0.38%    passed    100.00%
   4  GCF.038396675.1   15.77%    passed     26.46%
   5  GCA.949752735.1    0.00%    passed     95.37%
   6  GCA.012295275.1    0.00%    passed     96.55%
   7  GCA.965235105.1    0.00%    passed     97.66%
   8  GCA.964340945.1    3.46%    passed     99.75%
   9  GCA.034508935.3    0.38%    passed     97.97%
  10  GCA.029030555.1    0.38%    passed    100.00%
  11  GCA.000376725.2   16.54%    passed     99.48%
  12  GCA.037127315.1    0.00%    passed     97.80%
  13  GCF.036711975.1    0.38%    passed     98.63%
  14  GCF.030347505.1    0.38%    passed     98.32%
  15  GCA.002278615.1    0.38%    passed     91.35%
  16  GCA.964019055.1   14.23%    passed     97.34%
  17  GCA.023014485.1    9.23%    passed     73.27%
  18  GCA.964340655.1    0.38%    passed     99.98%
  19  GCA.037379345.1    0.00%    passed     97.70%
  20  GCA.032361705.1    9.23%    passed     99.94%
  21  GCF.021130785.1   26.15%    passed     15.81%
  22  GCA.037976565.1    0.00%    passed     94.15%
  23  GCA.020423425.1    1.92%    failed      0.08%
  24  GCF.003227725.1    0.00%    passed     81.57%
  25  GCA.965247725.1    0.00%    passed     98.40%
  26  GCF.001194135.2    0.00%    passed     99.52%
  27  GCA.951509405.1    0.77%    passed     99.06%
  28  GCF.043290135.1    0.00%    passed     38.77%
****  TOTAL              4.11%  1 sequences failed composition chi2 test (p-value<5%; df=19)
Reading alignment file 03_ML_1/fasta_files_aligned_trimmed/576633at33208_aligned_trim.faa ... Fasta format detected
Reading fasta file: done in 0.000303516 secs using 94.56% CPU
Alignment most likely contains protein sequences
Constructing alignment: done in 0.00122806 secs using 947.4% CPU
Alignment has 27 sequences with 219 columns, 180 distinct patterns
112 parsimony-informative, 55 singleton sites, 52 constant sites
                 Gap/Ambiguity  Composition  p-value
Analyzing sequences: done in 0.00437316 secs using 1576% CPU
   1  GCA.029582155.1    0.00%    passed     99.93%
   2  GCA.949358305.1    0.00%    passed     99.93%
   3  GCA.905147815.2    0.00%    passed     99.95%
   4  GCF.038396675.1    1.83%    passed     63.70%
   5  GCA.907164885.2    1.37%    passed    100.00%
   6  GCA.012295275.1    0.00%    passed     99.94%
   7  GCA.965235105.1    0.00%    passed     91.67%
   8  GCA.964340945.1    0.46%    passed     99.91%
   9  GCA.034508935.3    0.46%    passed     99.99%
  10  GCA.029030555.1    0.46%    passed     98.32%
  11  GCA.000376725.2    0.00%    passed     98.27%
  12  GCA.037127315.1    0.46%    passed     99.69%
  13  GCF.036711975.1    0.00%    passed     99.99%
  14  GCF.030347505.1    0.00%    passed     99.94%
  15  GCA.002278615.1    0.00%    passed    100.00%
  16  GCA.964019055.1    4.57%    passed     94.03%
  17  GCA.023014485.1    1.83%    passed     91.08%
  18  GCA.964340655.1    0.46%    passed     99.99%
  19  GCA.037379345.1    0.46%    passed     99.48%
  20  GCF.021130785.1    5.48%    passed     98.89%
  21  GCA.037976565.1    3.20%    passed     98.90%
  22  GCA.020423425.1    0.00%    passed     99.93%
  23  GCF.003227725.1    0.00%    passed    100.00%
  24  GCA.965247725.1    0.00%    passed    100.00%
  25  GCF.001194135.2    0.46%    passed    100.00%
  26  GCA.951509405.1    0.00%    passed    100.00%
  27  GCF.043290135.1    1.83%    passed     99.97%
****  TOTAL              0.86%  0 sequences failed composition chi2 test (p-value<5%; df=19)
Reading alignment file 03_ML_1/fasta_files_aligned_trimmed/580896at33208_aligned_trim.faa ... Fasta format detected
Reading fasta file: done in 0.000358709 secs using 94.23% CPU
Alignment most likely contains protein sequences
Constructing alignment: done in 0.00141205 secs using 1091% CPU
Alignment has 28 sequences with 263 columns, 263 distinct patterns
213 parsimony-informative, 33 singleton sites, 17 constant sites
                 Gap/Ambiguity  Composition  p-value
Analyzing sequences: done in 0.00212806 secs using 1694% CPU
   1  GCA.029582155.1    5.32%    passed     98.60%
   2  GCA.949358305.1   19.39%    passed     99.78%
   3  GCA.905147815.2    3.04%    passed     92.63%
   4  GCF.038396675.1    5.70%    passed     64.45%
   5  GCA.907164885.2    4.94%    passed     98.84%
   6  GCA.949752735.1   53.99%    passed     82.54%
   7  GCA.012295275.1   11.41%    passed     98.23%
   8  GCA.964340945.1   18.63%    passed     44.21%
   9  GCA.034508935.3   23.95%    passed     85.79%
  10  GCA.029030555.1    3.04%    passed     40.88%
  11  GCA.000376725.2   13.31%    passed     72.21%
  12  GCA.032362205.1    1.14%    passed     99.39%
  13  GCA.037127315.1   10.65%    passed     86.71%
  14  GCF.036711975.1    2.28%    passed     91.19%
  15  GCF.030347505.1    2.28%    passed     68.77%
  16  GCA.002278615.1    3.04%    passed     98.51%
  17  GCA.964019055.1    6.08%    passed     76.49%
  18  GCA.023014485.1   34.98%    passed     12.56%
  19  GCA.964340655.1    3.04%    passed     93.36%
  20  GCA.037379345.1   27.76%    passed     99.70%
  21  GCA.037976565.1    1.90%    passed     86.24%
  22  GCA.020423425.1    1.52%    passed     79.79%
  23  GCF.003227725.1    4.18%    passed     93.12%
  24  GCA.965247725.1    4.56%    passed     98.10%
  25  GCF.001194135.2    5.70%    passed     50.90%
  26  GCA.014526335.2   34.60%    passed     54.89%
  27  GCA.951509405.1    7.98%    passed     14.91%
  28  GCF.043290135.1   23.57%    passed     93.89%
WARNING: 1 sequences contain more than 50% gaps/ambiguity
****  TOTAL             12.07%  0 sequences failed composition chi2 test (p-value<5%; df=19)
Reading alignment file 03_ML_1/fasta_files_aligned_trimmed/581547at33208_aligned_trim.faa ... Fasta format detected
Reading fasta file: done in 0.000254973 secs using 5977% CPU
Alignment most likely contains protein sequences
Constructing alignment: done in 0.000878136 secs using 871.6% CPU
Alignment has 28 sequences with 174 columns, 160 distinct patterns
111 parsimony-informative, 31 singleton sites, 32 constant sites
                 Gap/Ambiguity  Composition  p-value
Analyzing sequences: done in 0.00428231 secs using 1605% CPU
   1  GCA.029582155.1    0.00%    passed     99.98%
   2  GCA.949358305.1    0.00%    passed     99.86%
   3  GCA.905147815.2    0.00%    passed    100.00%
   4  GCF.038396675.1    0.57%    passed     99.43%
   5  GCA.907164885.2    0.57%    passed     99.83%
   6  GCA.949752735.1    0.57%    passed     99.97%
   7  GCA.012295275.1    1.15%    passed     99.22%
   8  GCA.965235105.1    0.00%    passed     94.80%
   9  GCA.964340945.1    0.57%    passed     97.16%
  10  GCA.034508935.3    0.57%    passed     97.09%
  11  GCA.029030555.1    0.00%    passed     99.95%
  12  GCA.000376725.2    0.00%    passed     99.98%
  13  GCA.037127315.1    2.30%    passed     99.89%
  14  GCF.036711975.1    0.57%    passed     99.29%
  15  GCF.030347505.1    0.57%    passed     99.97%
  16  GCA.002278615.1    0.00%    passed    100.00%
  17  GCA.964019055.1    4.02%    passed     94.32%
  18  GCA.023014485.1    1.15%    passed     98.16%
  19  GCA.964340655.1    0.00%    passed    100.00%
  20  GCA.037379345.1    1.15%    passed     96.99%
  21  GCF.021130785.1    0.00%    passed     99.90%
  22  GCA.037976565.1    1.72%    passed     99.59%
  23  GCA.020423425.1    0.00%    passed     95.90%
  24  GCF.003227725.1    3.45%    passed     99.83%
  25  GCA.965247725.1    0.57%    passed     97.35%
  26  GCA.014526335.2    1.72%    passed     99.94%
  27  GCA.951509405.1    0.00%    passed    100.00%
  28  GCF.043290135.1    0.00%    passed    100.00%
****  TOTAL              0.76%  0 sequences failed composition chi2 test (p-value<5%; df=19)
Reading alignment file 03_ML_1/fasta_files_aligned_trimmed/582473at33208_aligned_trim.faa ... Fasta format detected
Reading fasta file: done in 0.00027089 secs using 4951% CPU
Alignment most likely contains protein sequences
Constructing alignment: done in 0.000896989 secs using 1258% CPU
Alignment has 29 sequences with 191 columns, 176 distinct patterns
113 parsimony-informative, 38 singleton sites, 40 constant sites
                 Gap/Ambiguity  Composition  p-value
Analyzing sequences: done in 0.00432683 secs using 1605% CPU
   1  GCA.029582155.1    1.05%    passed     99.98%
   2  GCA.949358305.1    0.00%    passed     98.43%
   3  GCA.905147815.2    0.00%    passed     99.69%
   4  GCF.038396675.1    1.57%    passed     98.57%
   5  GCA.907164885.2    0.00%    passed     98.91%
   6  GCA.949752735.1    1.57%    passed     94.22%
   7  GCA.012295275.1    3.14%    passed     99.99%
   8  GCA.965235105.1    0.52%    passed     99.64%
   9  GCA.964340945.1    2.09%    passed     99.99%
  10  GCA.034508935.3    3.14%    passed     98.86%
  11  GCA.029030555.1    0.00%    passed     99.74%
  12  GCA.000376725.2   41.88%    passed     87.26%
  13  GCA.032362205.1   23.56%    passed     90.94%
  14  GCA.037127315.1    2.09%    passed     99.68%
  15  GCF.036711975.1    0.00%    passed     95.62%
  16  GCF.030347505.1    0.52%    passed     99.96%
  17  GCA.002278615.1    0.00%    passed     99.65%
  18  GCA.964019055.1    0.00%    passed     94.92%
  19  GCA.023014485.1    1.05%    passed     99.99%
  20  GCA.964340655.1    0.00%    passed     99.89%
  21  GCA.037379345.1    0.00%    passed     99.85%
  22  GCF.021130785.1    0.00%    passed     99.54%
  23  GCA.037976565.1    0.00%    passed     99.93%
  24  GCA.020423425.1    0.00%    passed     99.87%
  25  GCF.003227725.1    0.00%    passed     99.99%
  26  GCA.965247725.1    0.52%    passed     99.92%
  27  GCF.001194135.2    0.52%    passed     99.05%
  28  GCA.951509405.1    3.66%    passed     99.86%
  29  GCF.043290135.1    2.62%    passed     99.85%
****  TOTAL              3.09%  0 sequences failed composition chi2 test (p-value<5%; df=19)
Reading alignment file 03_ML_1/fasta_files_aligned_trimmed/591316at33208_aligned_trim.faa ... Fasta format detected
Reading fasta file: done in 0.000220942 secs using 92.78% CPU
Alignment most likely contains protein sequences
Constructing alignment: done in 0.00066809 secs using 2131% CPU
Alignment has 31 sequences with 135 columns, 127 distinct patterns
97 parsimony-informative, 21 singleton sites, 17 constant sites
                 Gap/Ambiguity  Composition  p-value
Analyzing sequences: done in 0.00454822 secs using 1607% CPU
   1  GCA.029582155.1    0.00%    passed     99.69%
   2  GCA.949358305.1    0.00%    passed     66.03%
   3  GCA.905147815.2    0.00%    passed     99.70%
   4  GCF.038396675.1    0.00%    passed     89.21%
   5  GCA.907164885.2    4.44%    passed     97.36%
   6  GCA.949752735.1    0.00%    passed     85.87%
   7  GCA.012295275.1    0.00%    passed     99.22%
   8  GCA.965235105.1    0.00%    passed     78.65%
   9  GCA.964340945.1    4.44%    passed     98.29%
  10  GCA.034508935.3    2.22%    passed     99.67%
  11  GCA.029030555.1    0.00%    passed     99.96%
  12  GCA.000376725.2    0.00%    passed     94.42%
  13  GCA.032362205.1    0.00%    passed     78.79%
  14  GCA.037127315.1    0.74%    passed     60.93%
  15  GCF.036711975.1    0.00%    passed     98.80%
  16  GCF.030347505.1    0.00%    passed     97.95%
  17  GCA.002278615.1    0.00%    passed     99.63%
  18  GCA.964019055.1   17.78%    passed     98.05%
  19  GCA.023014485.1    0.00%    passed     91.49%
  20  GCA.964340655.1    0.00%    passed     98.93%
  21  GCA.037379345.1    0.00%    passed     74.87%
  22  GCA.032361705.1    0.00%    passed     94.45%
  23  GCF.021130785.1    4.44%    passed     95.77%
  24  GCA.037976565.1    0.74%    passed     95.31%
  25  GCA.020423425.1    0.00%    passed     99.89%
  26  GCF.003227725.1    0.00%    passed     94.55%
  27  GCA.965247725.1    0.00%    passed    100.00%
  28  GCF.001194135.2    0.00%    passed     99.89%
  29  GCA.014526335.2    2.96%    passed     96.12%
  30  GCA.951509405.1    0.00%    passed     99.69%
  31  GCF.043290135.1    0.00%    passed     97.37%
****  TOTAL              1.22%  0 sequences failed composition chi2 test (p-value<5%; df=19)
Reading alignment file 03_ML_1/fasta_files_aligned_trimmed/592872at33208_aligned_trim.faa ... Fasta format detected
Reading fasta file: done in 0.000233779 secs using 94.96% CPU
Alignment most likely contains protein sequences
Constructing alignment: done in 0.000851959 secs using 1355% CPU
Alignment has 30 sequences with 174 columns, 172 distinct patterns
142 parsimony-informative, 19 singleton sites, 13 constant sites
                 Gap/Ambiguity  Composition  p-value
Analyzing sequences: done in 0.00427709 secs using 1583% CPU
   1  GCA.029582155.1    0.57%    passed     95.04%
   2  GCA.949358305.1    0.00%    passed     99.31%
   3  GCA.905147815.2    2.87%    passed     92.94%
   4  GCF.038396675.1    0.00%    passed    100.00%
   5  GCA.907164885.2    0.00%    passed     99.38%
   6  GCA.949752735.1    3.45%    passed     99.83%
   7  GCA.012295275.1    3.45%    passed     99.99%
   8  GCA.965235105.1    1.15%    passed     28.88%
   9  GCA.964340945.1    4.60%    passed     79.56%
  10  GCA.034508935.3    0.57%    passed     99.00%
  11  GCA.029030555.1    0.00%    passed     99.38%
  12  GCA.000376725.2    5.75%    passed     98.58%
  13  GCA.032362205.1    0.57%    passed      9.70%
  14  GCA.037127315.1    0.57%    passed     92.94%
  15  GCF.036711975.1    0.00%    passed     71.85%
  16  GCF.030347505.1    0.00%    passed     84.60%
  17  GCA.002278615.1    0.00%    passed     99.03%
  18  GCA.964019055.1    8.05%    passed     30.90%
  19  GCA.023014485.1    0.57%    passed     85.20%
  20  GCA.964340655.1    3.45%    passed     99.73%
  21  GCA.037379345.1    1.15%    passed     80.73%
  22  GCF.021130785.1   17.24%    passed     75.12%
  23  GCA.037976565.1    0.00%    passed     95.70%
  24  GCA.020423425.1    2.87%    passed     85.86%
  25  GCF.003227725.1    0.57%    passed     97.44%
  26  GCA.965247725.1    3.45%    passed     97.49%
  27  GCF.001194135.2   14.94%    passed     86.39%
  28  GCA.014526335.2   12.07%    passed     98.60%
  29  GCA.951509405.1    1.15%    passed     94.81%
  30  GCF.043290135.1    0.00%    passed     67.63%
****  TOTAL              2.97%  0 sequences failed composition chi2 test (p-value<5%; df=19)
Reading alignment file 03_ML_1/fasta_files_aligned_trimmed/596131at33208_aligned_trim.faa ... Fasta format detected
Reading fasta file: done in 0.000183471 secs using 92.11% CPU
Alignment most likely contains protein sequences
Constructing alignment: done in 0.000580949 secs using 98.12% CPU
Alignment has 28 sequences with 114 columns, 107 distinct patterns
67 parsimony-informative, 24 singleton sites, 23 constant sites
                 Gap/Ambiguity  Composition  p-value
Analyzing sequences: done in 0.00428268 secs using 1640% CPU
   1  GCA.029582155.1    0.00%    passed     98.77%
   2  GCA.905147815.2    0.00%    passed    100.00%
   3  GCF.038396675.1    0.00%    passed     87.66%
   4  GCA.907164885.2    0.00%    passed     95.29%
   5  GCA.949752735.1    1.75%    passed     99.49%
   6  GCA.012295275.1    0.88%    passed    100.00%
   7  GCA.965235105.1    0.00%    passed     88.90%
   8  GCA.964340945.1    0.00%    passed     73.11%
   9  GCA.034508935.3    0.00%    passed     53.01%
  10  GCA.029030555.1   10.53%    passed     99.23%
  11  GCA.000376725.2    0.00%    passed     99.55%
  12  GCA.037127315.1    0.00%    passed     99.95%
  13  GCF.036711975.1    0.00%    passed     99.49%
  14  GCF.030347505.1    0.00%    passed     99.96%
  15  GCA.002278615.1    0.00%    passed    100.00%
  16  GCA.964019055.1    0.00%    passed     77.80%
  17  GCA.023014485.1    4.39%    passed     94.61%
  18  GCA.964340655.1    0.00%    passed    100.00%
  19  GCA.037379345.1    0.88%    passed     94.28%
  20  GCF.021130785.1    0.00%    passed     98.81%
  21  GCA.037976565.1    0.00%    passed     94.82%
  22  GCA.020423425.1    0.00%    passed    100.00%
  23  GCF.003227725.1    0.00%    passed     99.80%
  24  GCA.965247725.1    0.00%    passed     99.83%
  25  GCF.001194135.2    0.00%    passed     99.95%
  26  GCA.014526335.2   13.16%    passed     94.91%
  27  GCA.951509405.1    0.00%    passed     99.96%
  28  GCF.043290135.1    0.00%    passed     99.99%
****  TOTAL              1.13%  0 sequences failed composition chi2 test (p-value<5%; df=19)
Reading alignment file 03_ML_1/fasta_files_aligned_trimmed/602089at33208_aligned_trim.faa ... Fasta format detected
Reading fasta file: done in 0.000174461 secs using 92.28% CPU
Alignment most likely contains protein sequences
Constructing alignment: done in 0.000537347 secs using 1281% CPU
Alignment has 29 sequences with 111 columns, 90 distinct patterns
56 parsimony-informative, 17 singleton sites, 38 constant sites
                 Gap/Ambiguity  Composition  p-value
Analyzing sequences: done in 0.00429567 secs using 1639% CPU
   1  GCA.029582155.1    0.00%    passed     99.79%
   2  GCA.949358305.1    0.00%    passed     97.06%
   3  GCA.905147815.2    0.00%    passed     99.96%
   4  GCF.038396675.1    0.00%    passed     99.88%
   5  GCA.907164885.2    0.00%    passed     99.99%
   6  GCA.949752735.1    0.90%    passed     99.95%
   7  GCA.012295275.1    0.00%    passed     99.79%
   8  GCA.965235105.1    0.00%    passed     98.08%
   9  GCA.964340945.1    0.00%    passed     99.70%
  10  GCA.034508935.3    4.50%    passed     99.95%
  11  GCA.029030555.1    0.00%    passed     99.97%
  12  GCA.000376725.2    0.00%    passed     99.92%
  13  GCA.037127315.1    0.00%    passed     96.76%
  14  GCF.036711975.1    0.00%    passed    100.00%
  15  GCF.030347505.1    4.50%    passed    100.00%
  16  GCA.964019055.1    0.90%    passed     99.75%
  17  GCA.023014485.1    0.00%    passed     99.80%
  18  GCA.964340655.1    0.00%    passed    100.00%
  19  GCA.037379345.1    0.00%    passed     99.74%
  20  GCA.032361705.1    1.80%    passed     99.94%
  21  GCF.021130785.1    0.00%    passed     99.99%
  22  GCA.037976565.1    0.00%    passed     99.99%
  23  GCA.020423425.1    0.00%    passed     99.98%
  24  GCF.003227725.1    0.00%    passed     90.14%
  25  GCA.965247725.1    1.80%    passed     90.65%
  26  GCF.001194135.2    0.00%    passed     97.84%
  27  GCA.014526335.2    0.90%    passed     99.74%
  28  GCA.951509405.1    0.00%    passed     99.98%
  29  GCF.043290135.1    0.00%    passed     97.64%
****  TOTAL              0.53%  0 sequences failed composition chi2 test (p-value<5%; df=19)
Reading alignment file 03_ML_1/fasta_files_aligned_trimmed/604943at33208_aligned_trim.faa ... Fasta format detected
Reading fasta file: done in 0.000205642 secs using 94.34% CPU
Alignment most likely contains protein sequences
Constructing alignment: done in 0.000756468 secs using 1607% CPU
Alignment has 29 sequences with 138 columns, 131 distinct patterns
86 parsimony-informative, 30 singleton sites, 21 constant sites
                 Gap/Ambiguity  Composition  p-value
Analyzing sequences: done in 0.00438236 secs using 1609% CPU
   1  GCA.949358305.1    0.72%    passed     88.78%
   2  GCA.905147815.2    0.00%    passed     99.84%
   3  GCF.038396675.1    0.00%    passed     97.22%
   4  GCA.907164885.2    0.00%    passed     93.66%
   5  GCA.949752735.1    1.45%    passed     89.26%
   6  GCA.012295275.1    0.00%    passed     99.97%
   7  GCA.965235105.1    0.00%    passed     41.09%
   8  GCA.964340945.1    0.00%    passed     99.71%
   9  GCA.034508935.3    5.80%    passed    100.00%
  10  GCA.029030555.1    0.00%    passed     99.18%
  11  GCA.000376725.2    0.72%    passed     94.87%
  12  GCA.032362205.1    0.00%    passed     93.11%
  13  GCA.037127315.1    0.00%    passed     99.80%
  14  GCF.036711975.1    0.72%    passed     99.87%
  15  GCF.030347505.1    0.72%    passed     99.96%
  16  GCA.002278615.1    0.00%    passed     97.29%
  17  GCA.964019055.1    0.72%    passed     99.97%
  18  GCA.023014485.1   23.19%    passed     99.91%
  19  GCA.964340655.1    0.00%    passed     99.39%
  20  GCA.032361705.1    0.00%    passed     82.20%
  21  GCF.021130785.1   20.29%    passed     99.92%
  22  GCA.037976565.1    0.00%    passed     99.92%
  23  GCA.020423425.1    2.17%    passed     99.98%
  24  GCF.003227725.1    0.00%    passed     99.69%
  25  GCA.965247725.1    0.00%    passed     99.43%
  26  GCF.001194135.2    0.00%    passed     82.67%
  27  GCA.014526335.2    6.52%    passed     69.02%
  28  GCA.951509405.1    0.72%    passed     99.29%
  29  GCF.043290135.1    0.00%    passed     81.10%
****  TOTAL              2.20%  0 sequences failed composition chi2 test (p-value<5%; df=19)
Reading alignment file 03_ML_1/fasta_files_aligned_trimmed/606748at33208_aligned_trim.faa ... Fasta format detected
Reading fasta file: done in 0.000170133 secs using 92.28% CPU
Alignment most likely contains protein sequences
Constructing alignment: done in 0.000493734 secs using 2117% CPU
Alignment has 27 sequences with 101 columns, 93 distinct patterns
48 parsimony-informative, 24 singleton sites, 28 constant sites
                 Gap/Ambiguity  Composition  p-value
Analyzing sequences: done in 0.00432451 secs using 1602% CPU
   1  GCA.029582155.1    0.00%    passed     99.81%
   2  GCA.905147815.2    0.00%    passed    100.00%
   3  GCF.038396675.1    0.00%    passed     99.98%
   4  GCA.907164885.2    0.00%    passed    100.00%
   5  GCA.949752735.1    0.00%    passed     99.93%
   6  GCA.012295275.1    0.00%    passed    100.00%
   7  GCA.965235105.1    0.99%    passed     97.52%
   8  GCA.964340945.1    0.99%    passed    100.00%
   9  GCA.034508935.3    0.00%    passed     99.97%
  10  GCA.029030555.1    0.00%    passed    100.00%
  11  GCA.000376725.2    0.00%    passed     99.93%
  12  GCA.037127315.1    0.00%    passed     99.99%
  13  GCF.036711975.1    0.00%    passed     99.83%
  14  GCF.030347505.1    0.00%    passed     99.99%
  15  GCA.002278615.1    0.00%    passed     99.90%
  16  GCA.964019055.1    0.00%    passed     99.71%
  17  GCA.023014485.1    0.00%    passed    100.00%
  18  GCA.964340655.1    0.00%    passed    100.00%
  19  GCF.021130785.1   10.89%    passed     99.75%
  20  GCA.037976565.1    0.99%    passed     90.85%
  21  GCA.020423425.1    0.00%    passed    100.00%
  22  GCF.003227725.1    0.00%    passed    100.00%
  23  GCA.965247725.1    0.00%    passed     97.19%
  24  GCF.001194135.2    0.00%    passed     99.99%
  25  GCA.014526335.2    0.99%    passed    100.00%
  26  GCA.951509405.1    0.00%    passed     99.83%
  27  GCF.043290135.1    0.00%    passed    100.00%
****  TOTAL              0.55%  0 sequences failed composition chi2 test (p-value<5%; df=19)
Reading alignment file 03_ML_1/fasta_files_aligned_trimmed/608074at33208_aligned_trim.faa ... Fasta format detected
Reading fasta file: done in 0.00017044 secs using 92.11% CPU
Alignment most likely contains protein sequences
Constructing alignment: done in 0.000508311 secs using 97.38% CPU
Alignment has 28 sequences with 102 columns, 102 distinct patterns
80 parsimony-informative, 16 singleton sites, 6 constant sites
                 Gap/Ambiguity  Composition  p-value
Analyzing sequences: done in 0.00440524 secs using 1632% CPU
   1  GCA.029582155.1   20.59%    passed     99.64%
   2  GCA.949358305.1   20.59%    passed     99.08%
   3  GCA.905147815.2    0.98%    passed     70.44%
   4  GCF.038396675.1    0.00%    passed     96.36%
   5  GCA.907164885.2    0.00%    passed     98.81%
   6  GCA.949752735.1   21.57%    passed     95.53%
   7  GCA.012295275.1   21.57%    passed     94.52%
   8  GCA.965235105.1    0.00%    passed     58.32%
   9  GCA.964340945.1    1.96%    passed     99.52%
  10  GCA.034508935.3   35.29%    passed     96.28%
  11  GCA.029030555.1    0.00%    passed     91.64%
  12  GCA.000376725.2    0.00%    passed    100.00%
  13  GCA.037127315.1    0.00%    passed     99.73%
  14  GCF.036711975.1    0.00%    passed     66.10%
  15  GCA.002278615.1    2.94%    passed     77.64%
  16  GCA.964019055.1    7.84%    passed     99.47%
  17  GCA.023014485.1    0.00%    passed     96.89%
  18  GCA.964340655.1    0.98%    passed     98.53%
  19  GCA.037379345.1    0.00%    passed     99.93%
  20  GCF.021130785.1    0.00%    passed     85.63%
  21  GCA.037976565.1    8.82%    passed     48.69%
  22  GCA.020423425.1    0.98%    passed     95.08%
  23  GCF.003227725.1    0.00%    passed     99.96%
  24  GCA.965247725.1    0.00%    passed     97.55%
  25  GCF.001194135.2    0.00%    passed     99.27%
  26  GCA.014526335.2    0.00%    passed     99.98%
  27  GCA.951509405.1    0.00%    passed     97.58%
  28  GCF.043290135.1    0.00%    passed     99.96%
****  TOTAL              5.15%  0 sequences failed composition chi2 test (p-value<5%; df=19)
Reading alignment file 03_ML_1/fasta_files_aligned_trimmed/608869at33208_aligned_trim.faa ... Fasta format detected
Reading fasta file: done in 0.000212126 secs using 91.93% CPU
Alignment most likely contains protein sequences
Constructing alignment: done in 0.000627698 secs using 1912% CPU
Alignment has 28 sequences with 118 columns, 117 distinct patterns
91 parsimony-informative, 19 singleton sites, 8 constant sites
                 Gap/Ambiguity  Composition  p-value
Analyzing sequences: done in 0.00406048 secs using 1711% CPU
   1  GCA.029582155.1    0.85%    passed     98.70%
   2  GCA.949358305.1    0.00%    passed     99.98%
   3  GCA.905147815.2    0.00%    passed     97.10%
   4  GCF.038396675.1    0.00%    passed     36.62%
   5  GCA.907164885.2    0.00%    passed    100.00%
   6  GCA.949752735.1    0.00%    passed     99.52%
   7  GCA.012295275.1    0.00%    passed     92.68%
   8  GCA.965235105.1    2.54%    passed     99.99%
   9  GCA.964340945.1    2.54%    passed     98.17%
  10  GCA.034508935.3    0.00%    passed     85.51%
  11  GCA.029030555.1    0.00%    passed     99.39%
  12  GCA.000376725.2    0.00%    passed     96.05%
  13  GCA.037127315.1    0.00%    passed     97.02%
  14  GCF.036711975.1    0.00%    passed     97.83%
  15  GCF.030347505.1    0.00%    passed     96.98%
  16  GCA.002278615.1    0.00%    passed     99.80%
  17  GCA.964019055.1    0.00%    passed     62.49%
  18  GCA.964340655.1    0.00%    passed     96.84%
  19  GCA.037379345.1    0.00%    passed     99.99%
  20  GCF.021130785.1    0.00%    passed     92.19%
  21  GCA.037976565.1    0.00%    passed     92.98%
  22  GCA.020423425.1    5.08%    passed     87.39%
  23  GCF.003227725.1    0.00%    passed     99.90%
  24  GCA.965247725.1    0.00%    passed     91.65%
  25  GCF.001194135.2    8.47%    passed     89.53%
  26  GCA.014526335.2    0.00%    passed     39.52%
  27  GCA.951509405.1    2.54%    passed     98.92%
  28  GCF.043290135.1    2.54%    passed     99.11%
****  TOTAL              0.88%  0 sequences failed composition chi2 test (p-value<5%; df=19)
Reading alignment file 03_ML_1/fasta_files_aligned_trimmed/609899at33208_aligned_trim.faa ... Fasta format detected
Reading fasta file: done in 0.000220741 secs using 93.32% CPU
Alignment most likely contains protein sequences
Constructing alignment: done in 0.00066211 secs using 97.42% CPU
Alignment has 28 sequences with 145 columns, 142 distinct patterns
99 parsimony-informative, 21 singleton sites, 25 constant sites
                 Gap/Ambiguity  Composition  p-value
Analyzing sequences: done in 0.00412364 secs using 1679% CPU
   1  GCA.029582155.1   13.10%    passed     46.66%
   2  GCA.949358305.1    1.38%    passed     99.95%
   3  GCA.905147815.2    1.38%    passed     99.60%
   4  GCF.038396675.1   26.90%    passed     57.02%
   5  GCA.907164885.2    1.38%    passed     99.53%
   6  GCA.949752735.1   23.45%    passed     74.73%
   7  GCA.012295275.1    2.07%    passed     99.16%
   8  GCA.965235105.1   13.10%    passed     97.68%
   9  GCA.964340945.1   24.14%    passed     89.07%
  10  GCA.034508935.3    1.38%    passed     99.30%
  11  GCA.029030555.1    1.38%    passed     96.19%
  12  GCA.000376725.2    1.38%    passed     99.10%
  13  GCA.037127315.1   15.17%    passed     97.84%
  14  GCF.036711975.1    1.38%    passed     98.62%
  15  GCF.030347505.1    2.76%    passed     99.97%
  16  GCA.002278615.1    1.38%    passed     98.43%
  17  GCA.023014485.1   22.76%    passed     98.90%
  18  GCA.964340655.1    1.38%    passed     95.30%
  19  GCA.037379345.1    0.69%    passed     96.52%
  20  GCA.032361705.1   14.48%    passed     78.92%
  21  GCF.021130785.1    2.07%    passed     98.51%
  22  GCA.037976565.1    8.28%    passed     65.45%
  23  GCA.020423425.1    1.38%    passed     96.19%
  24  GCF.003227725.1    1.38%    passed     92.04%
  25  GCA.965247725.1    1.38%    passed     96.93%
  26  GCF.001194135.2    1.38%    passed     92.61%
  27  GCA.951509405.1    1.38%    passed     99.98%
  28  GCF.043290135.1   16.55%    passed     84.34%
****  TOTAL              7.32%  0 sequences failed composition chi2 test (p-value<5%; df=19)
Reading alignment file 03_ML_1/fasta_files_aligned_trimmed/610541at33208_aligned_trim.faa ... Fasta format detected
Reading fasta file: done in 0.000134542 secs using 92.16% CPU
Alignment most likely contains protein sequences
Constructing alignment: done in 0.000651517 secs using 819.3% CPU
Alignment has 29 sequences with 137 columns, 135 distinct patterns
109 parsimony-informative, 19 singleton sites, 9 constant sites
                 Gap/Ambiguity  Composition  p-value
Analyzing sequences: done in 0.00407931 secs using 1806% CPU
   1  GCA.029582155.1    1.46%    passed     26.43%
   2  GCA.949358305.1    1.46%    passed     85.86%
   3  GCA.905147815.2    1.46%    passed     99.35%
   4  GCF.038396675.1    8.76%    passed     63.72%
   5  GCA.907164885.2    1.46%    passed     96.34%
   6  GCA.949752735.1    3.65%    passed     90.26%
   7  GCA.012295275.1    1.46%    passed     15.86%
   8  GCA.965235105.1    2.19%    passed     86.64%
   9  GCA.964340945.1    3.65%    passed     99.64%
  10  GCA.034508935.3    1.46%    passed     65.21%
  11  GCA.029030555.1    1.46%    passed     94.50%
  12  GCA.000376725.2    1.46%    passed     90.06%
  13  GCA.037127315.1    1.46%    passed     98.91%
  14  GCF.036711975.1    1.46%    passed     97.57%
  15  GCF.030347505.1    2.19%    passed     85.54%
  16  GCA.002278615.1   10.95%    passed     97.15%
  17  GCA.964019055.1   10.22%    passed     84.87%
  18  GCA.023014485.1    2.19%    passed     92.54%
  19  GCA.964340655.1    1.46%    passed     81.02%
  20  GCA.037379345.1    2.92%    passed     89.05%
  21  GCA.032361705.1    1.46%    passed     98.67%
  22  GCF.021130785.1    1.46%    passed     97.48%
  23  GCA.037976565.1    2.92%    passed     82.77%
  24  GCA.020423425.1    1.46%    passed     99.69%
  25  GCF.003227725.1    1.46%    passed     98.67%
  26  GCA.965247725.1    1.46%    passed     59.94%
  27  GCF.001194135.2    1.46%    passed     97.98%
  28  GCA.014526335.2   15.33%    passed     69.40%
  29  GCA.951509405.1    1.46%    passed     90.45%
****  TOTAL              3.15%  0 sequences failed composition chi2 test (p-value<5%; df=19)
Reading alignment file 03_ML_1/fasta_files_aligned_trimmed/612825at33208_aligned_trim.faa ... Fasta format detected
Reading fasta file: done in 0.000255141 secs using 96.81% CPU
Alignment most likely contains protein sequences
Constructing alignment: done in 0.000937686 secs using 1002% CPU
Alignment has 27 sequences with 221 columns, 217 distinct patterns
156 parsimony-informative, 35 singleton sites, 29 constant sites
                 Gap/Ambiguity  Composition  p-value
Analyzing sequences: done in 0.00412642 secs using 1788% CPU
   1  GCA.949358305.1    3.17%    passed     98.32%
   2  GCA.905147815.2    2.26%    passed     88.17%
   3  GCF.038396675.1    4.98%    passed     76.38%
   4  GCA.907164885.2    4.07%    passed     93.80%
   5  GCA.949752735.1   24.89%    passed     72.72%
   6  GCA.012295275.1    6.79%    passed     78.22%
   7  GCA.965235105.1   21.27%    passed     76.74%
   8  GCA.964340945.1   19.46%    passed     99.75%
   9  GCA.034508935.3   15.38%    passed     98.32%
  10  GCA.029030555.1    3.17%    passed     93.41%
  11  GCA.000376725.2    2.71%    passed     99.89%
  12  GCA.037127315.1    2.71%    passed     99.99%
  13  GCF.036711975.1    3.17%    passed     90.03%
  14  GCF.030347505.1    3.62%    passed     99.90%
  15  GCA.002278615.1    3.62%    passed     45.74%
  16  GCA.964019055.1    3.62%    passed     97.79%
  17  GCA.023014485.1    3.17%    passed     91.79%
  18  GCA.964340655.1    3.17%    passed     85.76%
  19  GCA.037379345.1   17.19%    passed     92.40%
  20  GCA.032361705.1    3.17%    passed     99.95%
  21  GCF.021130785.1    4.07%    passed     99.92%
  22  GCA.020423425.1    3.17%    passed     69.33%
  23  GCF.003227725.1    3.17%    passed     99.23%
  24  GCA.965247725.1    6.33%    passed     93.96%
  25  GCF.001194135.2    1.36%    failed      2.43%
  26  GCA.951509405.1    3.17%    passed     81.09%
  27  GCF.043290135.1    3.62%    failed      0.01%
****  TOTAL              6.54%  2 sequences failed composition chi2 test (p-value<5%; df=19)
Reading alignment file 03_ML_1/fasta_files_aligned_trimmed/615531at33208_aligned_trim.faa ... Fasta format detected
Reading fasta file: done in 0.000173132 secs using 9370% CPU
Alignment most likely contains protein sequences
Constructing alignment: done in 0.000470723 secs using 97.08% CPU
Alignment has 28 sequences with 110 columns, 102 distinct patterns
80 parsimony-informative, 14 singleton sites, 16 constant sites
                 Gap/Ambiguity  Composition  p-value
Analyzing sequences: done in 0.00410641 secs using 1902% CPU
   1  GCA.029582155.1    1.82%    passed     99.35%
   2  GCA.949358305.1    0.91%    passed     99.80%
   3  GCA.905147815.2    0.00%    passed     87.06%
   4  GCF.038396675.1    0.00%    passed     72.30%
   5  GCA.907164885.2    0.00%    passed     96.23%
   6  GCA.949752735.1   29.09%    passed     94.34%
   7  GCA.012295275.1   14.55%    passed     79.43%
   8  GCA.965235105.1   14.55%    passed     12.46%
   9  GCA.964340945.1   27.27%    passed     67.13%
  10  GCA.034508935.3   25.45%    passed     83.97%
  11  GCA.029030555.1    0.00%    passed    100.00%
  12  GCA.000376725.2    0.00%    passed     99.91%
  13  GCA.037127315.1    0.91%    passed     59.40%
  14  GCF.036711975.1    0.00%    passed     72.02%
  15  GCF.030347505.1    0.00%    passed     99.80%
  16  GCA.002278615.1    0.00%    passed     97.00%
  17  GCA.964019055.1    0.91%    passed     99.93%
  18  GCA.023014485.1    3.64%    passed     98.20%
  19  GCA.964340655.1    0.00%    passed     87.40%
  20  GCA.037379345.1    2.73%    passed     99.80%
  21  GCA.037976565.1   18.18%    passed     18.31%
  22  GCA.020423425.1    0.00%    passed     97.57%
  23  GCF.003227725.1    0.00%    passed     99.53%
  24  GCA.965247725.1    0.00%    passed     97.87%
  25  GCF.001194135.2    0.91%    passed     81.07%
  26  GCA.014526335.2    0.91%    passed     98.31%
  27  GCA.951509405.1    0.00%    passed     99.86%
  28  GCF.043290135.1    0.00%    passed     42.51%
****  TOTAL              5.06%  0 sequences failed composition chi2 test (p-value<5%; df=19)
Reading alignment file 03_ML_1/fasta_files_aligned_trimmed/616149at33208_aligned_trim.faa ... Fasta format detected
Reading fasta file: done in 0.000180431 secs using 94.77% CPU
Alignment most likely contains protein sequences
Constructing alignment: done in 0.000503952 secs using 98.03% CPU
Alignment has 30 sequences with 118 columns, 118 distinct patterns
96 parsimony-informative, 18 singleton sites, 4 constant sites
                 Gap/Ambiguity  Composition  p-value
Analyzing sequences: done in 0.00410587 secs using 1977% CPU
   1  GCA.029582155.1   13.56%    passed     99.80%
   2  GCA.949358305.1   13.56%    passed     99.86%
   3  GCA.905147815.2    0.85%    passed     89.95%
   4  GCF.038396675.1    9.32%    passed     49.20%
   5  GCA.907164885.2   14.41%    passed     83.47%
   6  GCA.949752735.1   15.25%    passed     95.35%
   7  GCA.012295275.1   11.86%    passed     99.20%
   8  GCA.965235105.1   38.98%    passed     95.48%
   9  GCA.964340945.1   12.71%    passed     88.57%
  10  GCA.034508935.3   21.19%    passed     99.88%
  11  GCA.029030555.1    5.93%    failed      0.90%
  12  GCA.000376725.2    0.85%    failed      4.72%
  13  GCA.032362205.1   33.05%    passed     83.40%
  14  GCA.037127315.1   13.56%    passed     90.28%
  15  GCF.036711975.1    0.85%    passed     96.19%
  16  GCF.030347505.1    0.85%    passed     96.28%
  17  GCA.002278615.1    0.85%    passed     97.35%
  18  GCA.964019055.1   10.17%    passed     90.90%
  19  GCA.023014485.1    1.69%    passed     89.28%
  20  GCA.964340655.1    0.00%    passed     94.91%
  21  GCA.037379345.1   16.10%    passed     45.37%
  22  GCA.032361705.1   35.59%    passed     99.33%
  23  GCF.021130785.1    0.85%    passed     99.57%
  24  GCA.037976565.1    9.32%    passed     94.97%
  25  GCA.020423425.1    5.08%    passed     98.57%
  26  GCF.003227725.1    0.85%    passed     98.12%
  27  GCA.965247725.1    0.85%    passed     99.39%
  28  GCF.001194135.2    9.32%    passed     92.91%
  29  GCA.951509405.1    2.54%    passed     81.46%
  30  GCF.043290135.1   11.86%    passed     99.90%
****  TOTAL             10.40%  2 sequences failed composition chi2 test (p-value<5%; df=19)
Reading alignment file 03_ML_1/fasta_files_aligned_trimmed/617020at33208_aligned_trim.faa ... Fasta format detected
Reading fasta file: done in 0.000192706 secs using 94.96% CPU
Alignment most likely contains protein sequences
Constructing alignment: done in 0.000522728 secs using 1772% CPU
Alignment has 27 sequences with 131 columns, 121 distinct patterns
84 parsimony-informative, 18 singleton sites, 29 constant sites
                 Gap/Ambiguity  Composition  p-value
Analyzing sequences: done in 0.00411818 secs using 2140% CPU
   1  GCA.029582155.1   18.32%    passed     79.35%
   2  GCA.949358305.1    3.82%    passed     96.09%
   3  GCA.905147815.2    4.58%    passed     99.99%
   4  GCF.038396675.1    3.82%    passed     95.78%
   5  GCA.907164885.2    6.11%    passed     94.12%
   6  GCA.949752735.1    3.82%    passed     71.04%
   7  GCA.012295275.1    3.82%    passed     62.83%
   8  GCA.965235105.1    3.82%    failed      1.95%
   9  GCA.964340945.1    5.34%    passed     96.44%
  10  GCA.034508935.3    8.40%    passed     95.44%
  11  GCA.029030555.1    4.58%    passed     98.95%
  12  GCA.037127315.1    6.11%    passed     87.04%
  13  GCF.036711975.1    4.58%    passed     87.94%
  14  GCF.030347505.1    4.58%    passed     55.85%
  15  GCA.002278615.1    5.34%    passed     94.07%
  16  GCA.964019055.1    3.82%    passed     98.38%
  17  GCA.023014485.1    3.05%    passed     93.94%
  18  GCA.964340655.1    4.58%    passed     99.69%
  19  GCA.037379345.1    3.05%    passed     99.28%
  20  GCF.021130785.1    3.82%    passed     99.82%
  21  GCA.037976565.1    4.58%    passed     85.91%
  22  GCA.020423425.1    4.58%    passed     97.43%
  23  GCF.003227725.1    3.05%    passed     99.86%
  24  GCA.965247725.1    5.34%    passed     99.49%
  25  GCF.001194135.2    5.34%    passed     95.39%
  26  GCA.951509405.1    3.82%    passed     96.55%
  27  GCF.043290135.1    5.34%    passed     99.99%
****  TOTAL              5.09%  1 sequences failed composition chi2 test (p-value<5%; df=19)
Reading alignment file 03_ML_1/fasta_files_aligned_trimmed/618516at33208_aligned_trim.faa ... Fasta format detected
Reading fasta file: done in 0.000232882 secs using 95.76% CPU
Alignment most likely contains protein sequences
Constructing alignment: done in 0.000673559 secs using 2611% CPU
Alignment has 31 sequences with 159 columns, 158 distinct patterns
140 parsimony-informative, 10 singleton sites, 9 constant sites
                 Gap/Ambiguity  Composition  p-value
Analyzing sequences: done in 0.004063 secs using 2355% CPU
   1  GCA.029582155.1    0.63%    passed     93.64%
   2  GCA.949358305.1    4.40%    passed     75.46%
   3  GCA.905147815.2    0.63%    passed     88.87%
   4  GCF.038396675.1    0.63%    passed     72.04%
   5  GCA.907164885.2    0.63%    passed     94.46%
   6  GCA.949752735.1    0.63%    passed     59.58%
   7  GCA.012295275.1    0.63%    passed     92.15%
   8  GCA.965235105.1    0.63%    passed     72.13%
   9  GCA.964340945.1    7.55%    passed     84.48%
  10  GCA.034508935.3    0.63%    passed     99.80%
  11  GCA.029030555.1   18.24%    passed     30.32%
  12  GCA.000376725.2    0.63%    passed     96.92%
  13  GCA.032362205.1   35.22%    passed     76.96%
  14  GCA.037127315.1    0.63%    passed     92.10%
  15  GCF.036711975.1    0.63%    passed     96.12%
  16  GCF.030347505.1    0.63%    passed     91.91%
  17  GCA.002278615.1    0.63%    passed     99.62%
  18  GCA.964019055.1    1.89%    passed     96.32%
  19  GCA.023014485.1    0.63%    passed     57.54%
  20  GCA.964340655.1   16.98%    passed     54.79%
  21  GCA.037379345.1    0.63%    passed     98.20%
  22  GCA.032361705.1    0.63%    passed     78.75%
  23  GCF.021130785.1    0.63%    passed     57.05%
  24  GCA.037976565.1    0.63%    passed     92.40%
  25  GCA.020423425.1    0.63%    passed     95.71%
  26  GCF.003227725.1    0.63%    passed     76.12%
  27  GCA.965247725.1    1.26%    passed     95.41%
  28  GCF.001194135.2   23.27%    passed     85.96%
  29  GCA.014526335.2    0.63%    passed     59.07%
  30  GCA.951509405.1    0.00%    passed     82.14%
  31  GCF.043290135.1    0.63%    passed     98.05%
****  TOTAL              3.96%  0 sequences failed composition chi2 test (p-value<5%; df=19)
Reading alignment file 03_ML_1/fasta_files_aligned_trimmed/619250at33208_aligned_trim.faa ... Fasta format detected
Reading fasta file: done in 0.000228643 secs using 96.22% CPU
Alignment most likely contains protein sequences
Constructing alignment: done in 0.000736994 secs using 98.92% CPU
Alignment has 27 sequences with 200 columns, 198 distinct patterns
161 parsimony-informative, 24 singleton sites, 15 constant sites
                 Gap/Ambiguity  Composition  p-value
Analyzing sequences: done in 0.00402705 secs using 2371% CPU
   1  GCA.029582155.1   23.50%    passed     96.12%
   2  GCA.949358305.1    2.00%    passed     77.82%
   3  GCA.905147815.2    2.00%    passed     97.64%
   4  GCF.038396675.1    5.50%    passed     10.39%
   5  GCA.907164885.2    3.00%    passed     47.07%
   6  GCA.949752735.1   55.00%    passed     24.86%
   7  GCA.012295275.1   55.50%    passed     75.23%
   8  GCA.964340945.1   36.00%    passed     92.95%
   9  GCA.034508935.3   18.00%    passed     99.81%
  10  GCA.029030555.1   10.50%    passed     98.35%
  11  GCA.000376725.2    2.00%    passed     97.19%
  12  GCA.037127315.1    3.50%    passed     64.74%
  13  GCF.036711975.1    7.50%    passed     83.97%
  14  GCF.030347505.1   10.50%    passed     64.15%
  15  GCA.002278615.1   11.50%    passed     42.69%
  16  GCA.964019055.1    2.50%    passed     38.62%
  17  GCA.023014485.1   24.50%    passed     79.53%
  18  GCA.964340655.1    1.00%    passed     97.03%
  19  GCA.037379345.1   35.00%    passed     96.94%
  20  GCA.032361705.1    3.00%    passed     23.94%
  21  GCF.021130785.1   12.00%    passed     99.04%
  22  GCA.037976565.1   11.50%    passed     88.08%
  23  GCA.020423425.1   19.50%    passed     96.70%
  24  GCF.003227725.1    2.00%    passed     13.18%
  25  GCA.965247725.1    2.00%    passed      8.09%
  26  GCF.001194135.2    3.50%    passed     45.82%
  27  GCF.043290135.1   23.00%    passed     80.40%
WARNING: 2 sequences contain more than 50% gaps/ambiguity
****  TOTAL             14.28%  0 sequences failed composition chi2 test (p-value<5%; df=19)
Reading alignment file 03_ML_1/fasta_files_aligned_trimmed/622270at33208_aligned_trim.faa ... Fasta format detected
Reading fasta file: done in 0.000147199 secs using 94.43% CPU
Alignment most likely contains protein sequences
Constructing alignment: done in 0.000374217 secs using 97.8% CPU
Alignment has 29 sequences with 90 columns, 71 distinct patterns
33 parsimony-informative, 15 singleton sites, 42 constant sites
                 Gap/Ambiguity  Composition  p-value
Analyzing sequences: done in 0.00211986 secs using 1960% CPU
   1  GCA.029582155.1    0.00%    passed    100.00%
   2  GCA.949358305.1    0.00%    passed    100.00%
   3  GCA.905147815.2    0.00%    passed    100.00%
   4  GCF.038396675.1   10.00%    passed     99.99%
   5  GCA.907164885.2    0.00%    passed     99.99%
   6  GCA.949752735.1    0.00%    passed     99.10%
   7  GCA.012295275.1    0.00%    passed    100.00%
   8  GCA.965235105.1    0.00%    passed    100.00%
   9  GCA.964340945.1    0.00%    passed     99.99%
  10  GCA.034508935.3    2.22%    passed     99.95%
  11  GCA.029030555.1    0.00%    passed    100.00%
  12  GCA.000376725.2    0.00%    passed     99.99%
  13  GCA.037127315.1    0.00%    passed    100.00%
  14  GCF.036711975.1    0.00%    passed    100.00%
  15  GCF.030347505.1    0.00%    passed    100.00%
  16  GCA.002278615.1    0.00%    passed    100.00%
  17  GCA.964019055.1    0.00%    passed     99.82%
  18  GCA.964340655.1    0.00%    passed    100.00%
  19  GCA.037379345.1    0.00%    passed    100.00%
  20  GCA.032361705.1    0.00%    passed     99.99%
  21  GCF.021130785.1    0.00%    passed    100.00%
  22  GCA.037976565.1    0.00%    passed     99.78%
  23  GCA.020423425.1    0.00%    passed    100.00%
  24  GCF.003227725.1    2.22%    passed    100.00%
  25  GCA.965247725.1    0.00%    passed     99.99%
  26  GCF.001194135.2    0.00%    passed    100.00%
  27  GCA.014526335.2    0.00%    passed     99.98%
  28  GCA.951509405.1    0.00%    passed     99.96%
  29  GCF.043290135.1    0.00%    passed    100.00%
****  TOTAL              0.50%  0 sequences failed composition chi2 test (p-value<5%; df=19)
Reading alignment file 03_ML_1/fasta_files_aligned_trimmed/631767at33208_aligned_trim.faa ... Fasta format detected
Reading fasta file: done in 0.000162094 secs using 1.491e+04% CPU
Alignment most likely contains protein sequences
Constructing alignment: done in 0.000389372 secs using 97.08% CPU
Alignment has 29 sequences with 98 columns, 97 distinct patterns
61 parsimony-informative, 24 singleton sites, 13 constant sites
                 Gap/Ambiguity  Composition  p-value
Analyzing sequences: done in 0.00410231 secs using 2673% CPU
   1  GCA.029582155.1    1.02%    passed    100.00%
   2  GCA.949358305.1    1.02%    passed     99.90%
   3  GCA.905147815.2    1.02%    passed    100.00%
   4  GCF.038396675.1    3.06%    passed     82.31%
   5  GCA.907164885.2    2.04%    passed     93.51%
   6  GCA.949752735.1    1.02%    passed     99.86%
   7  GCA.012295275.1    1.02%    passed     99.89%
   8  GCA.965235105.1    1.02%    passed     79.29%
   9  GCA.964340945.1    2.04%    passed     99.98%
  10  GCA.034508935.3    4.08%    passed     99.90%
  11  GCA.029030555.1    1.02%    passed     99.90%
  12  GCA.000376725.2    1.02%    passed     99.93%
  13  GCA.037127315.1    1.02%    passed     99.21%
  14  GCF.036711975.1    1.02%    passed     99.99%
  15  GCF.030347505.1    1.02%    passed     99.50%
  16  GCA.002278615.1    1.02%    passed     98.43%
  17  GCA.964019055.1    2.04%    passed     86.52%
  18  GCA.023014485.1    1.02%    passed     99.98%
  19  GCA.964340655.1    1.02%    passed     98.41%
  20  GCA.037379345.1    2.04%    passed    100.00%
  21  GCA.032361705.1   27.55%    passed     98.60%
  22  GCF.021130785.1    5.10%    passed     23.40%
  23  GCA.037976565.1    1.02%    passed     75.47%
  24  GCA.020423425.1    1.02%    passed     95.96%
  25  GCF.003227725.1    1.02%    passed     98.84%
  26  GCA.965247725.1    1.02%    passed     99.72%
  27  GCF.001194135.2    0.00%    passed     99.86%
  28  GCA.951509405.1    1.02%    passed     99.97%
  29  GCF.043290135.1    1.02%    passed     99.98%
****  TOTAL              2.36%  0 sequences failed composition chi2 test (p-value<5%; df=19)
Reading alignment file 03_ML_1/fasta_files_aligned_trimmed/633619at33208_aligned_trim.faa ... Fasta format detected
Reading fasta file: done in 0.000123682 secs using 93.79% CPU
Alignment most likely contains protein sequences
Constructing alignment: done in 0.00027038 secs using 96.53% CPU
Alignment has 30 sequences with 63 columns, 61 distinct patterns
42 parsimony-informative, 11 singleton sites, 10 constant sites
                 Gap/Ambiguity  Composition  p-value
Analyzing sequences: done in 0.00213096 secs using 2430% CPU
   1  GCA.949358305.1    0.00%    passed     78.41%
   2  GCA.905147815.2    0.00%    passed     99.70%
   3  GCF.038396675.1    0.00%    passed     97.33%
   4  GCA.907164885.2    0.00%    passed     96.94%
   5  GCA.949752735.1    0.00%    passed     88.42%
   6  GCA.012295275.1    0.00%    passed     99.80%
   7  GCA.965235105.1    3.17%    passed     36.10%
   8  GCA.964340945.1    0.00%    passed     48.43%
   9  GCA.034508935.3    0.00%    passed     99.35%
  10  GCA.029030555.1    0.00%    passed     99.98%
  11  GCA.000376725.2    0.00%    passed    100.00%
  12  GCA.032362205.1    0.00%    passed     64.91%
  13  GCA.037127315.1    3.17%    passed     99.60%
  14  GCF.036711975.1    0.00%    passed     99.64%
  15  GCF.030347505.1    0.00%    passed     99.41%
  16  GCA.002278615.1    0.00%    passed     99.39%
  17  GCA.964019055.1    0.00%    passed     99.58%
  18  GCA.023014485.1    0.00%    passed     99.30%
  19  GCA.964340655.1    0.00%    passed     99.84%
  20  GCA.037379345.1    0.00%    passed     99.99%
  21  GCA.032361705.1   17.46%    passed     99.95%
  22  GCF.021130785.1    0.00%    passed    100.00%
  23  GCA.037976565.1    0.00%    passed     99.88%
  24  GCA.020423425.1    0.00%    passed     98.94%
  25  GCF.003227725.1    0.00%    passed     99.98%
  26  GCA.965247725.1    0.00%    passed     96.29%
  27  GCF.001194135.2    0.00%    passed     94.40%
  28  GCA.014526335.2    0.00%    passed     95.72%
  29  GCA.951509405.1    0.00%    passed     99.99%
  30  GCF.043290135.1    3.17%    passed     94.14%
****  TOTAL              0.90%  0 sequences failed composition chi2 test (p-value<5%; df=19)
Reading alignment file 03_ML_1/fasta_files_aligned_trimmed/639252at33208_aligned_trim.faa ... Fasta format detected
Reading fasta file: done in 0.000172073 secs using 95.31% CPU
Alignment most likely contains protein sequences
Constructing alignment: done in 0.000461527 secs using 4695% CPU
Alignment has 27 sequences with 128 columns, 125 distinct patterns
102 parsimony-informative, 11 singleton sites, 15 constant sites
                 Gap/Ambiguity  Composition  p-value
Analyzing sequences: done in 0.00405848 secs using 2796% CPU
   1  GCA.029582155.1   12.50%    passed     40.54%
   2  GCA.949358305.1   11.72%    passed     99.62%
   3  GCA.905147815.2    7.81%    passed     92.54%
   4  GCF.038396675.1    3.12%    passed     25.24%
   5  GCA.907164885.2    1.56%    passed    100.00%
   6  GCA.949752735.1   11.72%    passed     80.53%
   7  GCA.012295275.1    7.81%    passed     50.79%
   8  GCA.964340945.1   14.84%    passed     56.44%
   9  GCA.034508935.3    1.56%    passed     66.18%
  10  GCA.029030555.1    7.03%    passed     90.10%
  11  GCA.000376725.2    1.56%    passed     78.71%
  12  GCA.037127315.1   10.16%    passed     99.94%
  13  GCF.036711975.1   10.16%    passed     97.23%
  14  GCF.030347505.1    7.81%    passed     88.81%
  15  GCA.002278615.1    1.56%    passed     94.63%
  16  GCA.964019055.1    8.59%    passed     94.33%
  17  GCA.023014485.1    8.59%    passed     99.12%
  18  GCA.964340655.1    7.03%    passed     87.37%
  19  GCA.037379345.1   17.97%    passed     91.10%
  20  GCA.037976565.1    1.56%    passed     99.87%
  21  GCA.020423425.1    2.34%    passed     61.36%
  22  GCF.003227725.1    1.56%    passed     22.75%
  23  GCA.965247725.1    1.56%    passed     94.20%
  24  GCF.001194135.2    1.56%    passed     90.59%
  25  GCA.014526335.2   10.94%    passed     99.88%
  26  GCA.951509405.1    7.03%    passed     99.54%
  27  GCF.043290135.1    2.34%    passed     56.83%
****  TOTAL              6.74%  0 sequences failed composition chi2 test (p-value<5%; df=19)
Reading alignment file 03_ML_1/fasta_files_aligned_trimmed/644034at33208_aligned_trim.faa ... Fasta format detected
Reading fasta file: done in 7.68406e-05 secs using 81.99% CPU
Alignment most likely contains protein sequences
Constructing alignment: done in 0.0002122 secs using 98.02% CPU
Alignment has 29 sequences with 51 columns, 44 distinct patterns
21 parsimony-informative, 11 singleton sites, 19 constant sites
                 Gap/Ambiguity  Composition  p-value
Analyzing sequences: done in 0.00401345 secs using 2788% CPU
   1  GCA.029582155.1   23.53%    passed     93.49%
   2  GCA.949358305.1    1.96%    passed     96.17%
   3  GCA.905147815.2    1.96%    passed     99.99%
   4  GCF.038396675.1    1.96%    failed      0.81%
   5  GCA.907164885.2    1.96%    passed     95.92%
   6  GCA.949752735.1   15.69%    passed     93.56%
   7  GCA.012295275.1    1.96%    passed     84.50%
   8  GCA.965235105.1    1.96%    passed     99.94%
   9  GCA.964340945.1    1.96%    passed     99.01%
  10  GCA.034508935.3    1.96%    passed     99.06%
  11  GCA.029030555.1    1.96%    passed     99.99%
  12  GCA.000376725.2    1.96%    passed     99.99%
  13  GCA.037127315.1   23.53%    passed     99.98%
  14  GCF.036711975.1    1.96%    passed     99.82%
  15  GCF.030347505.1    1.96%    passed     99.99%
  16  GCA.002278615.1    1.96%    passed    100.00%
  17  GCA.964019055.1   25.49%    passed     99.54%
  18  GCA.023014485.1    1.96%    passed     99.97%
  19  GCA.964340655.1    1.96%    passed     99.99%
  20  GCA.037379345.1    1.96%    passed     99.98%
  21  GCF.021130785.1    3.92%    passed     99.11%
  22  GCA.037976565.1    0.00%    passed     89.03%
  23  GCA.020423425.1    1.96%    passed     99.97%
  24  GCF.003227725.1    1.96%    passed    100.00%
  25  GCA.965247725.1    1.96%    passed     99.99%
  26  GCF.001194135.2   15.69%    passed     93.79%
  27  GCA.014526335.2   25.49%    passed     70.06%
  28  GCA.951509405.1    1.96%    passed     99.99%
  29  GCF.043290135.1    1.96%    passed     92.89%
****  TOTAL              6.02%  1 sequences failed composition chi2 test (p-value<5%; df=19)
Reading alignment file 03_ML_1/fasta_files_aligned_trimmed/649979at33208_aligned_trim.faa ... Fasta format detected
Reading fasta file: done in 0.000182407 secs using 94.84% CPU
Alignment most likely contains protein sequences
Constructing alignment: done in 0.000466867 secs using 98.74% CPU
Alignment has 30 sequences with 123 columns, 121 distinct patterns
99 parsimony-informative, 12 singleton sites, 12 constant sites
                 Gap/Ambiguity  Composition  p-value
Analyzing sequences: done in 0.00402988 secs using 2802% CPU
   1  GCA.029582155.1    0.00%    passed     99.82%
   2  GCA.949358305.1    0.00%    passed     96.74%
   3  GCA.905147815.2    0.00%    passed     95.88%
   4  GCF.038396675.1    0.81%    passed     87.86%
   5  GCA.907164885.2    4.07%    passed     91.32%
   6  GCA.949752735.1   21.95%    passed     86.58%
   7  GCA.012295275.1    0.00%    passed     93.91%
   8  GCA.965235105.1    2.44%    passed     82.04%
   9  GCA.964340945.1   12.20%    passed     99.83%
  10  GCA.029030555.1    0.00%    passed     97.86%
  11  GCA.000376725.2    0.00%    passed     81.47%
  12  GCA.032362205.1    0.81%    passed     67.80%
  13  GCA.037127315.1    0.00%    passed     99.28%
  14  GCF.036711975.1    0.00%    failed      0.78%
  15  GCF.030347505.1    0.00%    passed     80.18%
  16  GCA.002278615.1    1.63%    passed     98.30%
  17  GCA.964019055.1    0.00%    passed     99.32%
  18  GCA.023014485.1    0.00%    passed     99.73%
  19  GCA.964340655.1    0.00%    passed     94.71%
  20  GCA.037379345.1    0.00%    passed     97.71%
  21  GCA.032361705.1    0.00%    passed     82.40%
  22  GCF.021130785.1    0.81%    passed     84.90%
  23  GCA.037976565.1   30.89%    passed     98.24%
  24  GCA.020423425.1    0.00%    passed     99.65%
  25  GCF.003227725.1    0.00%    passed     94.55%
  26  GCA.965247725.1    0.81%    passed     99.81%
  27  GCF.001194135.2    0.00%    passed     88.54%
  28  GCA.014526335.2    0.00%    passed     95.82%
  29  GCA.951509405.1    0.00%    passed     97.97%
  30  GCF.043290135.1    0.81%    passed     17.46%
****  TOTAL              2.57%  1 sequences failed composition chi2 test (p-value<5%; df=19)
Reading alignment file 03_ML_1/fasta_files_aligned_trimmed/76852at33208_aligned_trim.faa ... Fasta format detected
Reading fasta file: done in 0.000901095 secs using 3302% CPU
Alignment most likely contains protein sequences
Constructing alignment: done in 0.00297744 secs using 2131% CPU
Alignment has 27 sequences with 987 columns, 976 distinct patterns
814 parsimony-informative, 116 singleton sites, 57 constant sites
                 Gap/Ambiguity  Composition  p-value
Analyzing sequences: done in 0.00400303 secs using 2370% CPU
   1  GCA.949358305.1    4.56%    passed     92.61%
   2  GCA.905147815.2    7.70%    passed     50.79%
   3  GCA.907164885.2    1.62%    passed     43.11%
   4  GCA.949752735.1   26.55%    passed     88.30%
   5  GCA.012295275.1    6.99%    passed     99.04%
   6  GCA.965235105.1   29.18%    passed     49.55%
   7  GCA.964340945.1   34.85%    passed     64.55%
   8  GCA.034508935.3    5.17%    passed     28.43%
   9  GCA.029030555.1   13.17%    passed     68.60%
  10  GCA.000376725.2    5.78%    failed      0.00%
  11  GCA.037127315.1    8.51%    passed     86.46%
  12  GCF.036711975.1    3.14%    passed     63.92%
  13  GCF.030347505.1    3.24%    failed      0.00%
  14  GCA.002278615.1   16.51%    failed      3.12%
  15  GCA.964019055.1    8.61%    passed     83.92%
  16  GCA.023014485.1   19.15%    passed     91.15%
  17  GCA.964340655.1   12.77%    passed     36.93%
  18  GCA.037379345.1    2.53%    passed     92.77%
  19  GCA.032361705.1   32.02%    passed     72.32%
  20  GCA.037976565.1    8.21%    passed     30.47%
  21  GCA.020423425.1   32.62%    passed     59.24%
  22  GCF.003227725.1    1.42%    passed     99.57%
  23  GCA.965247725.1    1.82%    passed     96.18%
  24  GCF.001194135.2    4.36%    passed     99.81%
  25  GCA.014526335.2   35.97%    passed     72.03%
  26  GCA.951509405.1    5.17%    passed     84.30%
  27  GCF.043290135.1   32.42%    failed      0.00%
****  TOTAL             13.48%  4 sequences failed composition chi2 test (p-value<5%; df=19)
Subset	Type	Seqs	Sites	Infor	Invar	Model	Name
1		27	688	329	211		109109at33208_aligned_trim.faa
2		29	625	541	31		123923at33208_aligned_trim.faa
3		29	689	452	106		130245at33208_aligned_trim.faa
4		27	754	652	30		139188at33208_aligned_trim.faa
5		28	206	145	36		176247at33208_aligned_trim.faa
6		28	539	402	45		202545at33208_aligned_trim.faa
7		29	465	373	53		207599at33208_aligned_trim.faa
8		30	721	562	57		210614at33208_aligned_trim.faa
9		27	467	396	28		239016at33208_aligned_trim.faa
10		30	504	390	64		257141at33208_aligned_trim.faa
11		27	355	201	74		274769at33208_aligned_trim.faa
12		29	573	488	43		280914at33208_aligned_trim.faa
13		29	778	605	68		281693at33208_aligned_trim.faa
14		28	369	294	26		284059at33208_aligned_trim.faa
15		29	454	381	16		285966at33208_aligned_trim.faa
16		28	356	206	81		308610at33208_aligned_trim.faa
17		29	307	200	49		313091at33208_aligned_trim.faa
18		28	536	297	102		338191at33208_aligned_trim.faa
19		29	430	316	77		348544at33208_aligned_trim.faa
20		29	283	218	31		355739at33208_aligned_trim.faa
21		29	376	215	44		359075at33208_aligned_trim.faa
22		28	386	290	54		364383at33208_aligned_trim.faa
23		29	330	233	52		365323at33208_aligned_trim.faa
24		27	392	213	97		366814at33208_aligned_trim.faa
25		28	324	192	80		391896at33208_aligned_trim.faa
26		27	331	178	45		393291at33208_aligned_trim.faa
27		27	134	91	20		415618at33208_aligned_trim.faa
28		29	247	137	57		424392at33208_aligned_trim.faa
29		28	182	113	28		424569at33208_aligned_trim.faa
30		27	204	158	17		430701at33208_aligned_trim.faa
31		29	209	154	34		435939at33208_aligned_trim.faa
32		30	198	155	20		437653at33208_aligned_trim.faa
33		27	497	407	26		443305at33208_aligned_trim.faa
34		29	214	143	33		446000at33208_aligned_trim.faa
35		28	181	158	9		450643at33208_aligned_trim.faa
36		29	699	570	65		454911at33208_aligned_trim.faa
37		28	255	200	9		455941at33208_aligned_trim.faa
38		28	207	112	39		465092at33208_aligned_trim.faa
39		27	255	191	40		465401at33208_aligned_trim.faa
40		29	222	182	10		465651at33208_aligned_trim.faa
41		30	308	228	27		468757at33208_aligned_trim.faa
42		27	256	102	120		478073at33208_aligned_trim.faa
43		28	276	196	42		478984at33208_aligned_trim.faa
44		28	213	138	31		485003at33208_aligned_trim.faa
45		28	319	266	17		486370at33208_aligned_trim.faa
46		27	414	344	36		489997at33208_aligned_trim.faa
47		29	393	305	49		495100at33208_aligned_trim.faa
48		29	248	152	43		496219at33208_aligned_trim.faa
49		30	158	121	12		501546at33208_aligned_trim.faa
50		30	195	127	46		514740at33208_aligned_trim.faa
51		27	111	58	31		517686at33208_aligned_trim.faa
52		28	365	277	41		518569at33208_aligned_trim.faa
53		27	415	319	51		519303at33208_aligned_trim.faa
54		29	522	416	52		522988at33208_aligned_trim.faa
55		31	185	135	30		525888at33208_aligned_trim.faa
56		29	231	123	72		529093at33208_aligned_trim.faa
57		28	236	166	30		533690at33208_aligned_trim.faa
58		29	344	294	26		535367at33208_aligned_trim.faa
59		28	172	133	26		536251at33208_aligned_trim.faa
60		29	179	142	14		538442at33208_aligned_trim.faa
61		27	154	106	25		539043at33208_aligned_trim.faa
62		28	106	60	24		544849at33208_aligned_trim.faa
63		28	207	150	41		548327at33208_aligned_trim.faa
64		27	186	100	49		552764at33208_aligned_trim.faa
65		28	196	159	18		556189at33208_aligned_trim.faa
66		29	145	120	10		556445at33208_aligned_trim.faa
67		29	118	95	6		556461at33208_aligned_trim.faa
68		28	166	116	21		556510at33208_aligned_trim.faa
69		28	353	252	49		563426at33208_aligned_trim.faa
70		31	130	76	20		564286at33208_aligned_trim.faa
71		29	359	309	17		567650at33208_aligned_trim.faa
72		27	306	263	18		573203at33208_aligned_trim.faa
73		28	260	205	23		573313at33208_aligned_trim.faa
74		27	219	112	52		576633at33208_aligned_trim.faa
75		28	263	213	17		580896at33208_aligned_trim.faa
76		28	174	111	32		581547at33208_aligned_trim.faa
77		29	191	113	40		582473at33208_aligned_trim.faa
78		31	135	97	17		591316at33208_aligned_trim.faa
79		30	174	142	13		592872at33208_aligned_trim.faa
80		28	114	67	23		596131at33208_aligned_trim.faa
81		29	111	56	38		602089at33208_aligned_trim.faa
82		29	138	86	22		604943at33208_aligned_trim.faa
83		27	101	48	29		606748at33208_aligned_trim.faa
84		28	102	80	6		608074at33208_aligned_trim.faa
85		28	118	91	8		608869at33208_aligned_trim.faa
86		28	145	99	25		609899at33208_aligned_trim.faa
87		29	137	109	9		610541at33208_aligned_trim.faa
88		27	221	156	30		612825at33208_aligned_trim.faa
89		28	110	80	16		615531at33208_aligned_trim.faa
90		30	118	96	4		616149at33208_aligned_trim.faa
91		27	131	84	29		617020at33208_aligned_trim.faa
92		31	159	140	9		618516at33208_aligned_trim.faa
93		27	200	161	15		619250at33208_aligned_trim.faa
94		29	90	33	42		622270at33208_aligned_trim.faa
95		29	98	61	13		631767at33208_aligned_trim.faa
96		30	63	42	10		633619at33208_aligned_trim.faa
97		27	128	102	15		639252at33208_aligned_trim.faa
98		29	51	21	19		644034at33208_aligned_trim.faa
99		30	123	99	12		649979at33208_aligned_trim.faa
100		27	987	814	57		76852at33208_aligned_trim.faa
Degree of missing data: 0.086
Info: multi-threading strategy over partitions



Create initial parsimony tree by phylogenetic likelihood library (PLL)... 0.265 seconds
Measuring multi-threading efficiency up to 32 CPU cores
8 trees examined
Threads: 1 / Time: 35.274 sec / Speedup: 1.000 / Efficiency: 100% / LogL: -1065643
Threads: 2 / Time: 18.634 sec / Speedup: 1.893 / Efficiency: 95% / LogL: -1065643
Threads: 3 / Time: 13.312 sec / Speedup: 2.650 / Efficiency: 88% / LogL: -1065643
Threads: 4 / Time: 11.760 sec / Speedup: 2.999 / Efficiency: 75% / LogL: -1065643
Threads: 5 / Time: 9.263 sec / Speedup: 3.808 / Efficiency: 76% / LogL: -1065643
Threads: 6 / Time: 6.785 sec / Speedup: 5.199 / Efficiency: 87% / LogL: -1065643
Threads: 7 / Time: 6.453 sec / Speedup: 5.466 / Efficiency: 78% / LogL: -1065643
Threads: 8 / Time: 6.066 sec / Speedup: 5.815 / Efficiency: 73% / LogL: -1065643
Threads: 9 / Time: 6.010 sec / Speedup: 5.869 / Efficiency: 65% / LogL: -1065643
Threads: 10 / Time: 5.318 sec / Speedup: 6.633 / Efficiency: 66% / LogL: -1065643
Threads: 11 / Time: 5.132 sec / Speedup: 6.874 / Efficiency: 62% / LogL: -1065643
Threads: 12 / Time: 4.867 sec / Speedup: 7.247 / Efficiency: 60% / LogL: -1065643
Threads: 13 / Time: 4.882 sec / Speedup: 7.226 / Efficiency: 56% / LogL: -1065643
Threads: 14 / Time: 4.555 sec / Speedup: 7.744 / Efficiency: 55% / LogL: -1065643
Threads: 15 / Time: 4.561 sec / Speedup: 7.733 / Efficiency: 52% / LogL: -1065643
Threads: 16 / Time: 5.172 sec / Speedup: 6.820 / Efficiency: 43% / LogL: -1065643
Determining AUTO threadcount: done in 148.864 secs using 550.1% CPU
BEST NUMBER OF THREADS: 14

Perform fast likelihood tree search using LG+I+G model...
Estimate model parameters (epsilon = 5.000)
Initial log-likelihood: -958879.736
Current log-likelihood at step 1: -947504.756
Current log-likelihood at step 2: -946732.227
Current log-likelihood at step 3: -946643.248
Current log-likelihood at step 4: -946620.488
Current log-likelihood at step 5: -946611.724
Current log-likelihood at step 6: -946607.993
Parameters optimization took 5 rounds (16.062 sec)

Perform nearest neighbor interchange...
Optimizing NNI: done in 3.47 secs using 1390% CPU
Estimate model parameters (epsilon = 1.000)
Initial log-likelihood: -946436.278
Current log-likelihood at step 1: -946431.691
Current log-likelihood at step 2: -946430.440
Current log-likelihood at step 3: -946429.770
Partition-specific rates:  0.517 1.441 0.591 1.049 0.780 1.135 1.185 0.962 1.017 1.156 0.565 1.532 0.935 0.853 1.270 0.595 0.708 0.578 0.937 1.093 0.611 0.762 0.907 0.477 0.649 0.510 0.813 0.430 0.510 0.877 1.002 0.994 1.206 1.147 1.176 0.956 0.893 0.444 1.260 2.121 0.996 0.266 1.076 0.681 1.394 1.426 1.275 0.512 1.056 0.569 0.373 0.911 1.250 1.672 0.880 0.729 0.782 1.957 1.442 1.282 0.775 0.459 1.432 0.504 1.181 1.001 1.160 0.783 1.091 0.782 1.821 1.725 0.947 0.406 1.050 0.759 0.799 0.985 1.108 0.540 0.541 0.596 0.316 0.947 1.109 0.943 1.168 1.456 0.989 0.808 1.291 1.182 1.862 0.272 0.699 0.807 1.288 0.443 1.143 1.220
Parameters optimization took 2 rounds (5.686 sec)

Time for fast ML tree search: 25.333 seconds

NOTE: ModelFinder requires 767 MB RAM!
NUMBER OF THREADS FOR PARTITION FINDING: 32
Selecting individual models for 100 charsets using BIC...
 No. Model        Score       TreeLen     Charset
   1 LG+I+G4      25910.028   6.533       338191at33208_aligned_trim.faa
   2 LG+I+G4      24630.426   10.375      518569at33208_aligned_trim.faa
   3 LG+I+G4      22320.520   11.843      468757at33208_aligned_trim.faa
   4 LG+I+G4      18702.234   7.050       359075at33208_aligned_trim.faa
   5 LG+I+G4      22315.559   8.420       364383at33208_aligned_trim.faa
   6 LG+I+G4      25349.789   9.552       284059at33208_aligned_trim.faa
   7 LG+I+G4      32257.151   11.076      239016at33208_aligned_trim.faa
   8 LG+I+G4      30898.057   13.518      519303at33208_aligned_trim.faa
   9 LG+I+G4      23497.978   14.708      486370at33208_aligned_trim.faa
  10 LG+I+G4      27855.959   10.803      348544at33208_aligned_trim.faa	0h:0m:1s (0h:11m:34s left)
  11 LG+F+I+G4    40242.667   13.672      257141at33208_aligned_trim.faa	0h:0m:1s (0h:10m:35s left)
  12 LG+I+G4      34586.081   13.566      207599at33208_aligned_trim.faa	0h:0m:1s (0h:11m:24s left)
  13 LG+I+G4      17157.219   6.133       274769at33208_aligned_trim.faa	0h:0m:1s (0h:10m:48s left)
  14 LG+F+I+G4    21731.729   10.433      365323at33208_aligned_trim.faa	0h:0m:1s (0h:10m:2s left)
  15 LG+I+G4      48981.115   16.615      123923at33208_aligned_trim.faa	0h:0m:1s (0h:9m:22s left)
  16 LG+I+G4      26445.582   22.398      535367at33208_aligned_trim.faa	0h:0m:1s (0h:9m:7s left)
  17 LG+I+G4      44743.681   19.074      522988at33208_aligned_trim.faa	0h:0m:1s (0h:9m:26s left)
  18 LG+F+I+G4    34503.828   20.452      567650at33208_aligned_trim.faa	0h:0m:1s (0h:9m:7s left)
  19 LG+I+G4      17954.999   8.162       313091at33208_aligned_trim.faa	0h:0m:2s (0h:8m:43s left)
  20 LG+I+G4      36207.519   12.894      443305at33208_aligned_trim.faa	0h:0m:2s (0h:8m:38s left)
  21 LG+I+G4      17248.170   6.517       308610at33208_aligned_trim.faa	0h:0m:2s (0h:8m:16s left)
  22 LG+I+G4      16855.848   5.263       366814at33208_aligned_trim.faa	0h:0m:2s (0h:8m:1s left)
  23 LG+I+G4      31027.463   14.695      489997at33208_aligned_trim.faa	0h:0m:2s (0h:7m:40s left)
  24 LG+I+G4      22151.348   12.252      563426at33208_aligned_trim.faa	0h:0m:2s (0h:7m:36s left)
  25 LG+I+G4      19454.053   12.047      478984at33208_aligned_trim.faa	0h:0m:2s (0h:7m:55s left)
  26 LG+I+G4      19521.643   13.438      465401at33208_aligned_trim.faa	0h:0m:2s (0h:7m:40s left)
  27 LG+I+G4      12331.081   5.870       496219at33208_aligned_trim.faa	0h:0m:2s (0h:7m:24s left)
  28 LG+I+G4      14528.270   8.711       533690at33208_aligned_trim.faa	0h:0m:2s (0h:7m:11s left)
  29 LG+I+G4      10813.245   4.884       424392at33208_aligned_trim.faa	0h:0m:2s (0h:7m:0s left)
  30 LG+I+G4      16571.496   7.363       391896at33208_aligned_trim.faa	0h:0m:2s (0h:6m:47s left)
  31 LG+F+I+G4    38647.111   15.188      285966at33208_aligned_trim.faa	0h:0m:2s (0h:6m:36s left)
  32 LG+I+G4      18214.584   10.488      573313at33208_aligned_trim.faa	0h:0m:2s (0h:6m:25s left)
  33 LG+F+I+G4    16315.677   13.422      446000at33208_aligned_trim.faa	0h:0m:2s (0h:6m:17s left)
  34 LG+I+G4      14449.259   5.461       393291at33208_aligned_trim.faa	0h:0m:2s (0h:6m:10s left)
  35 LG+I+G4      27325.398   5.697       109109at33208_aligned_trim.faa	0h:0m:2s (0h:6m:2s left)
  36 LG+I+G4      18354.704   24.526      465651at33208_aligned_trim.faa	0h:0m:2s (0h:5m:52s left)
  37 LG+I+G4      17722.329   9.992       455941at33208_aligned_trim.faa	0h:0m:2s (0h:5m:44s left)
  38 LG+I+G4      14622.948   11.745      437653at33208_aligned_trim.faa	0h:0m:2s (0h:5m:37s left)
  39 LG+I+G4      36451.717   12.662      202545at33208_aligned_trim.faa	0h:0m:2s (0h:5m:32s left)
  40 LG+I+G4      12535.542   8.794       176247at33208_aligned_trim.faa	0h:0m:2s (0h:5m:26s left)
  41 LG+I+G4      47479.212   17.678      280914at33208_aligned_trim.faa	0h:0m:2s (0h:5m:21s left)
  42 LG+I+G4      28701.486   14.720      495100at33208_aligned_trim.faa	0h:0m:2s (0h:5m:19s left)
  43 LG+F+I+G4    18350.395   11.963      580896at33208_aligned_trim.faa	0h:0m:2s (0h:5m:14s left)
  44 LG+I+G4      11629.096   7.599       485003at33208_aligned_trim.faa	0h:0m:2s (0h:5m:11s left)
  45 LG+I+G4      13478.107   10.699      525888at33208_aligned_trim.faa	0h:0m:2s (0h:5m:4s left)
  46 LG+I+G4      52005.954   11.437      139188at33208_aligned_trim.faa	0h:0m:2s (0h:5m:1s left)
  47 LG+I+G4      8768.752    4.955       465092at33208_aligned_trim.faa	0h:0m:2s (0h:4m:57s left)
  48 LG+I+G4      14314.544   14.769      538442at33208_aligned_trim.faa	0h:0m:2s (0h:4m:51s left)
  49 LG+I+G4      15393.346   11.544      435939at33208_aligned_trim.faa	0h:0m:2s (0h:4m:48s left)
  50 LG+I+G4      10072.039   9.240       582473at33208_aligned_trim.faa	0h:0m:2s (0h:4m:52s left)
  51 LG+I+G4      9791.329    8.581       556510at33208_aligned_trim.faa	0h:0m:3s (0h:4m:50s left)
  52 LG+F+I+G4    26221.363   18.758      573203at33208_aligned_trim.faa	0h:0m:3s (0h:4m:50s left)
  53 LG+I+G4      14348.898   16.010      536251at33208_aligned_trim.faa	0h:0m:3s (0h:4m:45s left)
  54 LG+I+G4      12457.702   8.928       430701at33208_aligned_trim.faa	0h:0m:3s (0h:4m:41s left)
  55 LG+I+G4      8928.048    8.476       539043at33208_aligned_trim.faa	0h:0m:3s (0h:4m:37s left)
  56 LG+I+G4      7534.835    2.852       478073at33208_aligned_trim.faa	0h:0m:3s (0h:4m:36s left)
  57 LG+I+G4      7684.086    9.509       564286at33208_aligned_trim.faa	0h:0m:3s (0h:4m:34s left)
  58 LG+I+G4      36139.280   6.710       130245at33208_aligned_trim.faa	0h:0m:3s (0h:4m:30s left)
  59 LG+I+G4      21041.820   12.460      355739at33208_aligned_trim.faa	0h:0m:3s (0h:4m:28s left)
  60 LG+I+G4      10749.288   6.714       514740at33208_aligned_trim.faa	0h:0m:3s (0h:4m:24s left)
  61 LG+I+G4      11976.007   12.353      501546at33208_aligned_trim.faa	0h:0m:3s (0h:4m:21s left)
  62 LG+I+G4      51993.454   11.343      210614at33208_aligned_trim.faa	0h:0m:3s (0h:4m:19s left)
  63 LG+I+G4      9384.482    11.970      591316at33208_aligned_trim.faa	0h:0m:3s (0h:4m:16s left)
  64 LG+I+G4      14075.922   14.383      618516at33208_aligned_trim.faa	0h:0m:3s (0h:4m:12s left)
  65 LG+F+I+G4    47905.554   11.583      454911at33208_aligned_trim.faa	0h:0m:3s (0h:4m:14s left)
  66 LG+F+I+G4    53328.509   11.151      281693at33208_aligned_trim.faa	0h:0m:3s (0h:4m:12s left)
  67 LG+I+G4      14592.975   15.911      548327at33208_aligned_trim.faa	0h:0m:3s (0h:4m:8s left)
  68 LG+I+G4      11009.654   11.545      556445at33208_aligned_trim.faa	0h:0m:3s (0h:4m:5s left)
  69 LG+I+G4      9294.615    13.384      556461at33208_aligned_trim.faa	0h:0m:3s (0h:4m:3s left)
  70 LG+I+G4      14144.663   13.122      450643at33208_aligned_trim.faa	0h:0m:3s (0h:3m:59s left)
  71 LG+I+G4      16091.016   15.629      612825at33208_aligned_trim.faa	0h:0m:3s (0h:3m:58s left)
  72 LG+I+G4      8586.936    5.373       424569at33208_aligned_trim.faa	0h:0m:3s (0h:3m:55s left)
  73 LG+I+G4      14058.973   13.185      592872at33208_aligned_trim.faa	0h:0m:3s (0h:3m:53s left)
  74 LG+I+G4      15279.429   13.165      556189at33208_aligned_trim.faa	0h:0m:3s (0h:3m:51s left)
  75 LG+I+G4      7783.573    5.128       552764at33208_aligned_trim.faa	0h:0m:3s (0h:3m:49s left)
  76 LG+I+G4      7235.505    6.907       604943at33208_aligned_trim.faa	0h:0m:3s (0h:3m:46s left)
  77 LG+I+G4      11363.413   13.244      610541at33208_aligned_trim.faa	0h:0m:3s (0h:3m:45s left)
  78 LG+I+G4      9711.228    8.631       581547at33208_aligned_trim.faa	0h:0m:3s (0h:3m:43s left)
  79 LG+I+G4      9708.344    10.438      609899at33208_aligned_trim.faa	0h:0m:3s (0h:3m:40s left)
  80 LG+I+G4      8758.666    14.030      617020at33208_aligned_trim.faa	0h:0m:3s (0h:3m:39s left)
  81 LG+I+G4      16259.385   18.988      619250at33208_aligned_trim.faa	0h:0m:3s (0h:3m:36s left)
  82 LG+I+G4      10082.511   8.350       529093at33208_aligned_trim.faa	0h:0m:3s (0h:3m:34s left)
  83 LG+I+G4      4101.589    9.594       633619at33208_aligned_trim.faa	0h:0m:3s (0h:3m:31s left)
  84 LG+I+G4      6872.946    11.034      615531at33208_aligned_trim.faa	0h:0m:3s (0h:3m:29s left)
  85 LG+I+G4      8786.466    12.157      608869at33208_aligned_trim.faa	0h:0m:3s (0h:3m:28s left)
  86 LG+I+G4      3616.866    3.425       606748at33208_aligned_trim.faa	0h:0m:3s (0h:3m:26s left)
  87 LG+I+G4      7023.293    10.670      608074at33208_aligned_trim.faa	0h:0m:3s (0h:3m:24s left)
  88 LG+I+G4      8342.991    4.398       576633at33208_aligned_trim.faa	0h:0m:3s (0h:3m:21s left)
  89 LG+I+G4      7698.073    8.379       415618at33208_aligned_trim.faa	0h:0m:3s (0h:3m:21s left)
  90 LG+I+G4      5895.371    8.005       631767at33208_aligned_trim.faa	0h:0m:3s (0h:3m:19s left)
  91 LG+I+G4      3034.786    3.135       622270at33208_aligned_trim.faa	0h:0m:3s (0h:3m:17s left)
  92 LG+I+G4      9824.223    13.656      649979at33208_aligned_trim.faa	0h:0m:3s (0h:3m:15s left)
  93 LG+I+G4      4537.557    4.084       517686at33208_aligned_trim.faa	0h:0m:3s (0h:3m:14s left)
  94 LG+I+G4      4457.824    4.740       544849at33208_aligned_trim.faa	0h:0m:3s (0h:3m:12s left)
  95 LG+I+G4      8045.760    9.551       616149at33208_aligned_trim.faa	0h:0m:3s (0h:3m:11s left)
  96 LG+I+G4      5488.325    6.000       596131at33208_aligned_trim.faa	0h:0m:3s (0h:3m:9s left)
  97 LG+I+G4      4986.847    6.253       602089at33208_aligned_trim.faa	0h:0m:3s (0h:3m:7s left)
  98 LG+I+G4      9672.146    13.273      639252at33208_aligned_trim.faa	0h:0m:3s (0h:3m:5s left)
  99 LG+I+G4      2160.745    5.109       644034at33208_aligned_trim.faa	0h:0m:3s (0h:3m:5s left)
 100 LG+F+I+G4    70175.790   13.415      76852at33208_aligned_trim.faa	0h:0m:4s (0h:3m:16s left)
Full partition model BIC score: 1896696.820 (LnL: -945535.237  df:548)
Merging models to increase model fit (about 4976 total partition schemes)...
 101 LG+I+G4      1896668.101 5.780       552764at33208_aligned_trim.faa+644034at33208_aligned_trim.faa	0h:0m:5s (0h:4m:4s left)
 102 LG+I+G4      1896673.610 10.975      525888at33208_aligned_trim.faa+608074at33208_aligned_trim.faa	0h:0m:5s (0h:4m:9s left)
 103 LG+I+G4      1896675.951 11.641      435939at33208_aligned_trim.faa+556445at33208_aligned_trim.faa	0h:0m:5s (0h:4m:19s left)
 104 LG+I+G4      1896598.764 10.507      365323at33208_aligned_trim.faa+609899at33208_aligned_trim.faa	0h:0m:5s (0h:4m:20s left)
 105 LG+I+G4      1896674.300 14.554      610541at33208_aligned_trim.faa+639252at33208_aligned_trim.faa	0h:0m:5s (0h:4m:18s left)
 106 LG+I+G4      1896667.249 13.621      556189at33208_aligned_trim.faa+592872at33208_aligned_trim.faa	0h:0m:5s (0h:4m:18s left)
 107 LG+F+I+G4    1896676.424 13.606      446000at33208_aligned_trim.faa+556461at33208_aligned_trim.faa	0h:0m:5s (0h:4m:16s left)
 108 LG+I+G4      1896675.834 10.243      284059at33208_aligned_trim.faa+633619at33208_aligned_trim.faa	0h:0m:5s (0h:4m:18s left)
 109 LG+I+G4      1896607.516 12.231      580896at33208_aligned_trim.faa+591316at33208_aligned_trim.faa	0h:0m:5s (0h:4m:20s left)
 110 LG+I+G4      1896591.606 14.654      446000at33208_aligned_trim.faa+465401at33208_aligned_trim.faa	0h:0m:6s (0h:4m:27s left)
 111 LG+I+G4      1896690.368 8.913       415618at33208_aligned_trim.faa+529093at33208_aligned_trim.faa	0h:0m:6s (0h:4m:26s left)
 112 LG+I+G4      1896672.895 13.735      450643at33208_aligned_trim.faa+556189at33208_aligned_trim.faa	0h:0m:6s (0h:4m:26s left)
 113 LG+I+G4      1896670.052 9.941       284059at33208_aligned_trim.faa+616149at33208_aligned_trim.faa	0h:0m:6s (0h:4m:24s left)
 114 LG+I+G4      1896666.938 9.115       364383at33208_aligned_trim.faa+415618at33208_aligned_trim.faa	0h:0m:6s (0h:4m:23s left)
 115 LG+F+I+G4    1896668.606 14.105      257141at33208_aligned_trim.faa+649979at33208_aligned_trim.faa	0h:0m:6s (0h:4m:24s left)
 116 LG+I+G4      1896694.562 11.446      239016at33208_aligned_trim.faa+615531at33208_aligned_trim.faa	0h:0m:6s (0h:4m:33s left)
 117 LG+I+G4      1896668.193 6.936       308610at33208_aligned_trim.faa+338191at33208_aligned_trim.faa	0h:0m:6s (0h:4m:39s left)
 118 LG+F+I+G4    1896724.143 16.014      495100at33208_aligned_trim.faa+538442at33208_aligned_trim.faa	0h:0m:6s (0h:4m:41s left)
 119 LG+F+I+G4    1896716.588 14.414      207599at33208_aligned_trim.faa+519303at33208_aligned_trim.faa	0h:0m:6s (0h:4m:45s left)
 120 LG+F+I+G4    1896679.787 15.742      486370at33208_aligned_trim.faa+489997at33208_aligned_trim.faa	0h:0m:7s (0h:4m:43s left)
 121 LG+F+I+G4    1896766.578 15.830      486370at33208_aligned_trim.faa+495100at33208_aligned_trim.faa	0h:0m:7s (0h:4m:47s left)
 122 LG+I+G4      1896681.334 6.944       130245at33208_aligned_trim.faa+514740at33208_aligned_trim.faa	0h:0m:7s (0h:4m:58s left)
 123 LG+F+I+G4    1896637.485 11.946      435939at33208_aligned_trim.faa+454911at33208_aligned_trim.faa	0h:0m:7s (0h:5m:7s left)
 124 LG+F+I+G4    1896718.636 16.387      489997at33208_aligned_trim.faa+495100at33208_aligned_trim.faa	0h:0m:8s (0h:5m:19s left)
 125 LG+F+I+G4    1896602.829 14.596      446000at33208_aligned_trim.faa+76852at33208_aligned_trim.faa	0h:0m:8s (0h:5m:17s left)
 126 LG+F+I+G4    1896676.059 11.671      454911at33208_aligned_trim.faa+556445at33208_aligned_trim.faa	0h:0m:8s (0h:5m:20s left)
 127 LG+F+I+G4    1896654.752 14.887      465401at33208_aligned_trim.faa+76852at33208_aligned_trim.faa	0h:0m:8s (0h:5m:20s left)
 128 LG+F+I+G4    1896687.403 14.666      556461at33208_aligned_trim.faa+76852at33208_aligned_trim.faa	0h:0m:8s (0h:5m:27s left)
16 compatible better partition pairs found
Merging 446000at33208_aligned_trim.faa+465401at33208_aligned_trim.faa with BIC score: 1896591.606 (LnL: -945595.568  df: 526)
Merging 365323at33208_aligned_trim.faa+609899at33208_aligned_trim.faa with BIC score: 1896493.551 (LnL: -945659.478  df: 504)
Merging 580896at33208_aligned_trim.faa+591316at33208_aligned_trim.faa with BIC score: 1896404.247 (LnL: -945727.764  df: 482)
Merging 435939at33208_aligned_trim.faa+454911at33208_aligned_trim.faa with BIC score: 1896344.913 (LnL: -945713.497  df: 479)
Merging 364383at33208_aligned_trim.faa+415618at33208_aligned_trim.faa with BIC score: 1896315.031 (LnL: -945713.957  df: 476)
Merging 556189at33208_aligned_trim.faa+592872at33208_aligned_trim.faa with BIC score: 1896285.461 (LnL: -945714.572  df: 473)
Merging 552764at33208_aligned_trim.faa+644034at33208_aligned_trim.faa with BIC score: 1896256.742 (LnL: -945715.613  df: 470)
Merging 308610at33208_aligned_trim.faa+338191at33208_aligned_trim.faa with BIC score: 1896228.116 (LnL: -945716.701  df: 467)
Merging 257141at33208_aligned_trim.faa+649979at33208_aligned_trim.faa with BIC score: 1896199.902 (LnL: -945717.995  df: 464)
Merging 284059at33208_aligned_trim.faa+616149at33208_aligned_trim.faa with BIC score: 1896173.134 (LnL: -945720.011  df: 461)
Merging 525888at33208_aligned_trim.faa+608074at33208_aligned_trim.faa with BIC score: 1896149.925 (LnL: -945723.807  df: 458)
Merging 610541at33208_aligned_trim.faa+639252at33208_aligned_trim.faa with BIC score: 1896127.405 (LnL: -945727.948  df: 455)
Merging 486370at33208_aligned_trim.faa+489997at33208_aligned_trim.faa with BIC score: 1896110.373 (LnL: -945637.295  df: 471)
Merging 130245at33208_aligned_trim.faa+514740at33208_aligned_trim.faa with BIC score: 1896094.888 (LnL: -945644.953  df: 468)
Merging 556461at33208_aligned_trim.faa+76852at33208_aligned_trim.faa with BIC score: 1896085.471 (LnL: -945655.646  df: 465)
Merging 239016at33208_aligned_trim.faa+615531at33208_aligned_trim.faa with BIC score: 1896083.214 (LnL: -945669.918  df: 462)
 129 LG+I+G4      1896054.659 9.620       564286at33208_aligned_trim.faa+633619at33208_aligned_trim.faa	0h:0m:10s (0h:6m:19s left)
 130 LG+I+G4      1896057.623 8.825       533690at33208_aligned_trim.faa+581547at33208_aligned_trim.faa	0h:0m:10s (0h:6m:26s left)
 131 LG+I+G4      1896058.690 12.878      563426at33208_aligned_trim.faa+608869at33208_aligned_trim.faa	0h:0m:11s (0h:6m:47s left)
 132 LG+I+G4      1896066.972 10.682      365323at33208_aligned_trim.faa+573313at33208_aligned_trim.faa+609899at33208_aligned_trim.faa	0h:0m:11s (0h:6m:49s left)
 133 LG+I+G4      1896059.934 13.889      207599at33208_aligned_trim.faa+556189at33208_aligned_trim.faa+592872at33208_aligned_trim.faa	0h:0m:11s (0h:6m:49s left)
 134 LG+I+G4      1896055.977 5.161       424392at33208_aligned_trim.faa+465092at33208_aligned_trim.faa	0h:0m:11s (0h:6m:46s left)
 135 LG+I+G4      1896054.612 16.919      536251at33208_aligned_trim.faa+548327at33208_aligned_trim.faa	0h:0m:11s (0h:6m:43s left)
 136 LG+I+G4      1896054.866 9.044       176247at33208_aligned_trim.faa+533690at33208_aligned_trim.faa	0h:0m:11s (0h:6m:43s left)
 137 LG+I+G4      1896056.730 9.072       556510at33208_aligned_trim.faa+581547at33208_aligned_trim.faa	0h:0m:11s (0h:6m:42s left)
 138 LG+F+I+G4    1896061.251 14.178      257141at33208_aligned_trim.faa+617020at33208_aligned_trim.faa+649979at33208_aligned_trim.faa	0h:0m:11s (0h:6m:41s left)
 139 LG+F+I+G4    1896095.089 14.406      519303at33208_aligned_trim.faa+556189at33208_aligned_trim.faa+592872at33208_aligned_trim.faa	0h:0m:11s (0h:6m:41s left)
 140 LG+F+I+G4    1896128.775 14.999      446000at33208_aligned_trim.faa+465401at33208_aligned_trim.faa+538442at33208_aligned_trim.faa	0h:0m:11s (0h:6m:43s left)
 141 LG+I+G4      1896053.488 12.461      580896at33208_aligned_trim.faa+591316at33208_aligned_trim.faa+608869at33208_aligned_trim.faa	0h:0m:11s (0h:6m:43s left)
 142 LG+I+G4      1896052.804 6.011       393291at33208_aligned_trim.faa+424569at33208_aligned_trim.faa	0h:0m:11s (0h:6m:40s left)
 143 LG+I+G4      1896067.281 6.127       496219at33208_aligned_trim.faa+552764at33208_aligned_trim.faa+644034at33208_aligned_trim.faa	0h:0m:11s (0h:6m:39s left)
 144 LG+I+G4      1896076.047 14.979      446000at33208_aligned_trim.faa+465401at33208_aligned_trim.faa+610541at33208_aligned_trim.faa+639252at33208_aligned_trim.faa	0h:0m:11s (0h:6m:38s left)
 145 LG+I+G4      1896073.269 12.692      563426at33208_aligned_trim.faa+580896at33208_aligned_trim.faa+591316at33208_aligned_trim.faa	0h:0m:12s (0h:6m:41s left)
 146 LG+I+G4      1896056.973 20.972      522988at33208_aligned_trim.faa+619250at33208_aligned_trim.faa	0h:0m:12s (0h:6m:42s left)
 147 LG+I+G4      1896058.184 5.961       109109at33208_aligned_trim.faa+552764at33208_aligned_trim.faa+644034at33208_aligned_trim.faa	0h:0m:12s (0h:6m:42s left)
 148 LG+I+G4      1896055.984 10.139      284059at33208_aligned_trim.faa+455941at33208_aligned_trim.faa+616149at33208_aligned_trim.faa	0h:0m:12s (0h:6m:49s left)
 149 LG+F+I+G4    1896062.414 15.383      446000at33208_aligned_trim.faa+465401at33208_aligned_trim.faa+495100at33208_aligned_trim.faa	0h:0m:12s (0h:6m:48s left)
 150 LG+I+G4      1896053.815 7.117       308610at33208_aligned_trim.faa+338191at33208_aligned_trim.faa+604943at33208_aligned_trim.faa	0h:0m:13s (0h:6m:59s left)
 151 LG+F+I+G4    1896079.517 16.700      486370at33208_aligned_trim.faa+489997at33208_aligned_trim.faa+612825at33208_aligned_trim.faa	0h:0m:13s (0h:6m:57s left)
 152 LG+I+G4      1896056.566 7.132       130245at33208_aligned_trim.faa+514740at33208_aligned_trim.faa+604943at33208_aligned_trim.faa	0h:0m:13s (0h:7m:13s left)
 153 LG+I+G4      1896059.605 12.160      139188at33208_aligned_trim.faa+239016at33208_aligned_trim.faa+615531at33208_aligned_trim.faa	0h:0m:13s (0h:7m:10s left)
 154 LG+I+G4      1896057.163 11.822      139188at33208_aligned_trim.faa+210614at33208_aligned_trim.faa	0h:0m:13s (0h:7m:8s left)
 155 LG+F+I+G4    1896151.115 14.637      556461at33208_aligned_trim.faa+610541at33208_aligned_trim.faa+639252at33208_aligned_trim.faa+76852at33208_aligned_trim.faa	0h:0m:13s (0h:7m:6s left)
 156 LG+F+I+G4    1896036.938 15.162      538442at33208_aligned_trim.faa+556461at33208_aligned_trim.faa+76852at33208_aligned_trim.faa	0h:0m:13s (0h:7m:7s left)
 157 LG+F+I+G4    1896032.928 15.045      495100at33208_aligned_trim.faa+556461at33208_aligned_trim.faa+76852at33208_aligned_trim.faa	0h:0m:14s (0h:7m:27s left)
 158 LG+F+I+G4    1896053.975 15.157      446000at33208_aligned_trim.faa+465401at33208_aligned_trim.faa+556461at33208_aligned_trim.faa+76852at33208_aligned_trim.faa	0h:0m:14s (0h:7m:29s left)
 159 LG+I+G4      1896079.660 7.095       130245at33208_aligned_trim.faa+308610at33208_aligned_trim.faa+338191at33208_aligned_trim.faa+514740at33208_aligned_trim.faa	0h:0m:14s (0h:7m:27s left)
18 compatible better partition pairs found
Merging 495100at33208_aligned_trim.faa+556461at33208_aligned_trim.faa+76852at33208_aligned_trim.faa with BIC score: 1896032.928 (LnL: -945660.175  df: 459)
Merging 393291at33208_aligned_trim.faa+424569at33208_aligned_trim.faa with BIC score: 1896002.518 (LnL: -945660.371  df: 456)
Merging 580896at33208_aligned_trim.faa+591316at33208_aligned_trim.faa+608869at33208_aligned_trim.faa with BIC score: 1895972.791 (LnL: -945660.908  df: 453)
Merging 308610at33208_aligned_trim.faa+338191at33208_aligned_trim.faa+604943at33208_aligned_trim.faa with BIC score: 1895943.392 (LnL: -945661.609  df: 450)
Merging 536251at33208_aligned_trim.faa+548327at33208_aligned_trim.faa with BIC score: 1895914.790 (LnL: -945662.709  df: 447)
Merging 564286at33208_aligned_trim.faa+633619at33208_aligned_trim.faa with BIC score: 1895886.235 (LnL: -945663.832  df: 444)
Merging 176247at33208_aligned_trim.faa+533690at33208_aligned_trim.faa with BIC score: 1895857.886 (LnL: -945665.058  df: 441)
Merging 424392at33208_aligned_trim.faa+465092at33208_aligned_trim.faa with BIC score: 1895830.649 (LnL: -945666.840  df: 438)
Merging 284059at33208_aligned_trim.faa+455941at33208_aligned_trim.faa+616149at33208_aligned_trim.faa with BIC score: 1895803.418 (LnL: -945668.625  df: 435)
Merging 556510at33208_aligned_trim.faa+581547at33208_aligned_trim.faa with BIC score: 1895776.934 (LnL: -945670.783  df: 432)
Merging 522988at33208_aligned_trim.faa+619250at33208_aligned_trim.faa with BIC score: 1895750.692 (LnL: -945673.063  df: 429)
Merging 139188at33208_aligned_trim.faa+210614at33208_aligned_trim.faa with BIC score: 1895724.641 (LnL: -945675.438  df: 426)
Merging 109109at33208_aligned_trim.faa+552764at33208_aligned_trim.faa+644034at33208_aligned_trim.faa with BIC score: 1895699.611 (LnL: -945678.324  df: 423)
Merging 207599at33208_aligned_trim.faa+556189at33208_aligned_trim.faa+592872at33208_aligned_trim.faa with BIC score: 1895676.331 (LnL: -945682.084  df: 420)
Merging 257141at33208_aligned_trim.faa+617020at33208_aligned_trim.faa+649979at33208_aligned_trim.faa with BIC score: 1895654.367 (LnL: -945686.503  df: 417)
Merging 365323at33208_aligned_trim.faa+573313at33208_aligned_trim.faa+609899at33208_aligned_trim.faa with BIC score: 1895638.125 (LnL: -945693.782  df: 414)
Merging 446000at33208_aligned_trim.faa+465401at33208_aligned_trim.faa+610541at33208_aligned_trim.faa+639252at33208_aligned_trim.faa with BIC score: 1895630.957 (LnL: -945705.599  df: 411)
Merging 486370at33208_aligned_trim.faa+489997at33208_aligned_trim.faa+612825at33208_aligned_trim.faa with BIC score: 1895627.260 (LnL: -945719.151  df: 408)
 160 LG+I+G4      1895596.726 12.083      437653at33208_aligned_trim.faa+468757at33208_aligned_trim.faa	0h:0m:16s (0h:8m:11s left)
 161 LG+I+G4      1895611.036 6.649       274769at33208_aligned_trim.faa+602089at33208_aligned_trim.faa	0h:0m:16s (0h:8m:13s left)
 162 LG+I+G4      1895597.075 9.111       364383at33208_aligned_trim.faa+415618at33208_aligned_trim.faa+556510at33208_aligned_trim.faa+581547at33208_aligned_trim.faa	0h:0m:17s (0h:8m:30s left)
 163 LG+I+G4      1895598.693 12.533      501546at33208_aligned_trim.faa+580896at33208_aligned_trim.faa+591316at33208_aligned_trim.faa+608869at33208_aligned_trim.faa	0h:0m:17s (0h:8m:29s left)
 164 LG+I+G4      1895609.666 9.478       364383at33208_aligned_trim.faa+415618at33208_aligned_trim.faa+582473at33208_aligned_trim.faa	0h:0m:17s (0h:8m:27s left)
 165 LG+I+G4      1895612.680 13.220      501546at33208_aligned_trim.faa+563426at33208_aligned_trim.faa	0h:0m:17s (0h:8m:34s left)
 166 LG+I+G4      1895604.890 13.167      355739at33208_aligned_trim.faa+501546at33208_aligned_trim.faa	0h:0m:17s (0h:8m:33s left)
 167 LG+I+G4      1895629.527 9.540       176247at33208_aligned_trim.faa+430701at33208_aligned_trim.faa+533690at33208_aligned_trim.faa	0h:0m:17s (0h:8m:32s left)
 168 LG+I+G4      1895610.946 6.048       109109at33208_aligned_trim.faa+552764at33208_aligned_trim.faa+596131at33208_aligned_trim.faa+644034at33208_aligned_trim.faa	0h:0m:18s (0h:8m:37s left)
 169 LG+I+G4      1895597.106 9.438       176247at33208_aligned_trim.faa+533690at33208_aligned_trim.faa+556510at33208_aligned_trim.faa+581547at33208_aligned_trim.faa	0h:0m:18s (0h:8m:37s left)
 170 LG+I+G4      1895602.843 11.833      239016at33208_aligned_trim.faa+556445at33208_aligned_trim.faa+615531at33208_aligned_trim.faa	0h:0m:18s (0h:8m:39s left)
 171 LG+I+G4      1895603.651 12.780      355739at33208_aligned_trim.faa+580896at33208_aligned_trim.faa+591316at33208_aligned_trim.faa+608869at33208_aligned_trim.faa	0h:0m:18s (0h:8m:41s left)
 172 LG+I+G4      1895597.677 9.450       176247at33208_aligned_trim.faa+364383at33208_aligned_trim.faa+415618at33208_aligned_trim.faa+533690at33208_aligned_trim.faa	0h:0m:18s (0h:8m:41s left)
 173 LG+I+G4      1895612.396 7.198       308610at33208_aligned_trim.faa+338191at33208_aligned_trim.faa+359075at33208_aligned_trim.faa+604943at33208_aligned_trim.faa	0h:0m:18s (0h:8m:43s left)
 174 LG+I+G4      1895602.003 6.260       393291at33208_aligned_trim.faa+424569at33208_aligned_trim.faa+596131at33208_aligned_trim.faa	0h:0m:18s (0h:8m:43s left)
 175 LG+I+G4      1895603.107 5.378       366814at33208_aligned_trim.faa+424392at33208_aligned_trim.faa+465092at33208_aligned_trim.faa	0h:0m:19s (0h:8m:42s left)
 176 LG+F+I+G4    1895601.074 17.081      486370at33208_aligned_trim.faa+489997at33208_aligned_trim.faa+536251at33208_aligned_trim.faa+548327at33208_aligned_trim.faa+612825at33208_aligned_trim.faa	0h:0m:19s (0h:8m:43s left)
 177 LG+I+G4      1895605.164 11.010      348544at33208_aligned_trim.faa+365323at33208_aligned_trim.faa+573313at33208_aligned_trim.faa+609899at33208_aligned_trim.faa	0h:0m:19s (0h:8m:43s left)
 178 LG+F+I+G4    1895620.286 12.139      435939at33208_aligned_trim.faa+454911at33208_aligned_trim.faa+468757at33208_aligned_trim.faa	0h:0m:19s (0h:8m:53s left)
 179 LG+I+G4      1895637.882 6.116       109109at33208_aligned_trim.faa+496219at33208_aligned_trim.faa+552764at33208_aligned_trim.faa+644034at33208_aligned_trim.faa	0h:0m:19s (0h:8m:52s left)
 180 LG+F+I+G4    1895506.241 16.861      123923at33208_aligned_trim.faa+486370at33208_aligned_trim.faa+489997at33208_aligned_trim.faa+612825at33208_aligned_trim.faa	0h:0m:19s (0h:8m:51s left)
 181 LG+F+I+G4    1895594.379 12.047      435939at33208_aligned_trim.faa+454911at33208_aligned_trim.faa+478984at33208_aligned_trim.faa	0h:0m:20s (0h:8m:55s left)
 182 LG+I+G4      1895613.834 6.984       130245at33208_aligned_trim.faa+359075at33208_aligned_trim.faa+514740at33208_aligned_trim.faa	0h:0m:20s (0h:8m:53s left)
 183 LG+F+I+G4    1895586.249 15.358      446000at33208_aligned_trim.faa+465401at33208_aligned_trim.faa+495100at33208_aligned_trim.faa+556461at33208_aligned_trim.faa+610541at33208_aligned_trim.faa+639252at33208_aligned_trim.faa+76852at33208_aligned_trim.faa	0h:0m:20s (0h:8m:59s left)
 184 LG+F+I+G4    1895598.552 15.457      285966at33208_aligned_trim.faa+495100at33208_aligned_trim.faa+556461at33208_aligned_trim.faa+76852at33208_aligned_trim.faa	0h:0m:21s (0h:9m:7s left)
 185 LG+F+I+G4    1895672.571 12.416      139188at33208_aligned_trim.faa+210614at33208_aligned_trim.faa+468757at33208_aligned_trim.faa	0h:0m:21s (0h:9m:7s left)
 186 LG+F+I+G4    1895646.534 12.438      139188at33208_aligned_trim.faa+210614at33208_aligned_trim.faa+437653at33208_aligned_trim.faa	0h:0m:21s (0h:9m:15s left)
 187 LG+I+G4      1895668.908 6.315       109109at33208_aligned_trim.faa+393291at33208_aligned_trim.faa+424569at33208_aligned_trim.faa+552764at33208_aligned_trim.faa+644034at33208_aligned_trim.faa	0h:0m:21s (0h:9m:17s left)
 188 LG+F+I+G4    1895489.085 12.182      139188at33208_aligned_trim.faa+210614at33208_aligned_trim.faa+435939at33208_aligned_trim.faa+454911at33208_aligned_trim.faa	0h:0m:23s (0h:9m:51s left)
12 compatible better partition pairs found
Merging 139188at33208_aligned_trim.faa+210614at33208_aligned_trim.faa+435939at33208_aligned_trim.faa+454911at33208_aligned_trim.faa with BIC score: 1895489.085 (LnL: -945665.464  df: 405)
Merging 123923at33208_aligned_trim.faa+486370at33208_aligned_trim.faa+489997at33208_aligned_trim.faa+612825at33208_aligned_trim.faa with BIC score: 1895368.066 (LnL: -945620.355  df: 402)
Merging 446000at33208_aligned_trim.faa+465401at33208_aligned_trim.faa+495100at33208_aligned_trim.faa+556461at33208_aligned_trim.faa+610541at33208_aligned_trim.faa+639252at33208_aligned_trim.faa+76852at33208_aligned_trim.faa with BIC score: 1895327.055 (LnL: -945615.250  df: 399)
Merging 437653at33208_aligned_trim.faa+468757at33208_aligned_trim.faa with BIC score: 1895296.521 (LnL: -945615.384  df: 396)
Merging 364383at33208_aligned_trim.faa+415618at33208_aligned_trim.faa+556510at33208_aligned_trim.faa+581547at33208_aligned_trim.faa with BIC score: 1895266.335 (LnL: -945615.691  df: 393)
Merging 501546at33208_aligned_trim.faa+580896at33208_aligned_trim.faa+591316at33208_aligned_trim.faa+608869at33208_aligned_trim.faa with BIC score: 1895237.768 (LnL: -945616.809  df: 390)
Merging 393291at33208_aligned_trim.faa+424569at33208_aligned_trim.faa+596131at33208_aligned_trim.faa with BIC score: 1895212.510 (LnL: -945619.580  df: 387)
Merging 239016at33208_aligned_trim.faa+556445at33208_aligned_trim.faa+615531at33208_aligned_trim.faa with BIC score: 1895188.093 (LnL: -945622.772  df: 384)
Merging 366814at33208_aligned_trim.faa+424392at33208_aligned_trim.faa+465092at33208_aligned_trim.faa with BIC score: 1895163.940 (LnL: -945626.096  df: 381)
Merging 348544at33208_aligned_trim.faa+365323at33208_aligned_trim.faa+573313at33208_aligned_trim.faa+609899at33208_aligned_trim.faa with BIC score: 1895141.844 (LnL: -945630.449  df: 378)
Merging 274769at33208_aligned_trim.faa+602089at33208_aligned_trim.faa with BIC score: 1895125.620 (LnL: -945637.737  df: 375)
Merging 308610at33208_aligned_trim.faa+338191at33208_aligned_trim.faa+359075at33208_aligned_trim.faa+604943at33208_aligned_trim.faa with BIC score: 1895110.756 (LnL: -945645.706  df: 372)
 189 LG+I+G4      1895081.315 8.330       313091at33208_aligned_trim.faa+631767at33208_aligned_trim.faa	0h:0m:24s (0h:10m:25s left)
 190 LG+I+G4      1895109.113 8.298       529093at33208_aligned_trim.faa+539043at33208_aligned_trim.faa	0h:0m:25s (0h:10m:30s left)
 191 LG+I+G4      1895113.100 8.074       313091at33208_aligned_trim.faa+529093at33208_aligned_trim.faa	0h:0m:25s (0h:10m:33s left)
 192 LG+I+G4      1895043.201 14.259      257141at33208_aligned_trim.faa+617020at33208_aligned_trim.faa+618516at33208_aligned_trim.faa+649979at33208_aligned_trim.faa	0h:0m:26s (0h:10m:51s left)
 193 LG+I+G4      1895090.737 12.278      437653at33208_aligned_trim.faa+468757at33208_aligned_trim.faa+478984at33208_aligned_trim.faa	0h:0m:26s (0h:10m:47s left)
 194 LG+I+G4      1895095.130 9.259       176247at33208_aligned_trim.faa+533690at33208_aligned_trim.faa+582473at33208_aligned_trim.faa	0h:0m:26s (0h:10m:46s left)
 195 LG+I+G4      1895083.277 13.403      443305at33208_aligned_trim.faa+450643at33208_aligned_trim.faa	0h:0m:26s (0h:10m:44s left)
 196 LG+I+G4      1895080.084 12.537      478984at33208_aligned_trim.faa+563426at33208_aligned_trim.faa	0h:0m:26s (0h:10m:43s left)
 197 LG+I+G4      1895089.307 12.796      355739at33208_aligned_trim.faa+501546at33208_aligned_trim.faa+580896at33208_aligned_trim.faa+591316at33208_aligned_trim.faa+608869at33208_aligned_trim.faa	0h:0m:26s (0h:10m:43s left)
 198 LG+F+I+G4    1895197.345 12.167      239016at33208_aligned_trim.faa+478984at33208_aligned_trim.faa+556445at33208_aligned_trim.faa+615531at33208_aligned_trim.faa	0h:0m:26s (0h:10m:42s left)
 199 LG+I+G4      1895093.808 9.453       364383at33208_aligned_trim.faa+415618at33208_aligned_trim.faa+556510at33208_aligned_trim.faa+581547at33208_aligned_trim.faa+582473at33208_aligned_trim.faa	0h:0m:26s (0h:10m:41s left)
 200 LG+I+G4      1895126.251 9.201       364383at33208_aligned_trim.faa+415618at33208_aligned_trim.faa+430701at33208_aligned_trim.faa+556510at33208_aligned_trim.faa+581547at33208_aligned_trim.faa	0h:0m:26s (0h:10m:41s left)
 201 LG+I+G4      1895086.710 12.816      355739at33208_aligned_trim.faa+563426at33208_aligned_trim.faa	0h:0m:27s (0h:10m:42s left)
 202 LG+F+I+G4    1895040.541 11.522      281693at33208_aligned_trim.faa+525888at33208_aligned_trim.faa+608074at33208_aligned_trim.faa	0h:0m:27s (0h:10m:39s left)
 203 LG+I+G4      1895082.479 13.163      202545at33208_aligned_trim.faa+355739at33208_aligned_trim.faa	0h:0m:27s (0h:10m:37s left)
 204 LG+I+G4      1895080.991 9.423       176247at33208_aligned_trim.faa+364383at33208_aligned_trim.faa+415618at33208_aligned_trim.faa+533690at33208_aligned_trim.faa+556510at33208_aligned_trim.faa+581547at33208_aligned_trim.faa	0h:0m:27s (0h:10m:35s left)
 205 LG+I+G4      1895091.640 12.492      437653at33208_aligned_trim.faa+468757at33208_aligned_trim.faa+563426at33208_aligned_trim.faa	0h:0m:27s (0h:10m:43s left)
 206 LG+F+I+G4    1895092.032 11.040      281693at33208_aligned_trim.faa+348544at33208_aligned_trim.faa+365323at33208_aligned_trim.faa+573313at33208_aligned_trim.faa+609899at33208_aligned_trim.faa	0h:0m:27s (0h:10m:40s left)
 207 LG+I+G4      1895097.642 7.336       308610at33208_aligned_trim.faa+338191at33208_aligned_trim.faa+359075at33208_aligned_trim.faa+391896at33208_aligned_trim.faa+604943at33208_aligned_trim.faa	0h:0m:27s (0h:10m:41s left)
 208 LG+I+G4      1895099.091 13.396      202545at33208_aligned_trim.faa+443305at33208_aligned_trim.faa	0h:0m:27s (0h:10m:38s left)
 209 LG+F+I+G4    1895092.725 17.255      123923at33208_aligned_trim.faa+486370at33208_aligned_trim.faa+489997at33208_aligned_trim.faa+536251at33208_aligned_trim.faa+548327at33208_aligned_trim.faa+612825at33208_aligned_trim.faa	0h:0m:28s (0h:10m:48s left)
 210 LG+I+G4      1895085.450 11.293      348544at33208_aligned_trim.faa+365323at33208_aligned_trim.faa+525888at33208_aligned_trim.faa+573313at33208_aligned_trim.faa+608074at33208_aligned_trim.faa+609899at33208_aligned_trim.faa	0h:0m:28s (0h:10m:47s left)
 211 LG+I+G4      1895086.921 13.081      202545at33208_aligned_trim.faa+501546at33208_aligned_trim.faa+580896at33208_aligned_trim.faa+591316at33208_aligned_trim.faa+608869at33208_aligned_trim.faa	0h:0m:28s (0h:10m:52s left)
 212 LG+F+I+G4    1895066.970 15.356      285966at33208_aligned_trim.faa+446000at33208_aligned_trim.faa+465401at33208_aligned_trim.faa+495100at33208_aligned_trim.faa+556461at33208_aligned_trim.faa+610541at33208_aligned_trim.faa+639252at33208_aligned_trim.faa+76852at33208_aligned_trim.faa	0h:0m:30s (0h:11m:27s left)
 213 LG+F+I+G4    1895076.920 12.215      139188at33208_aligned_trim.faa+210614at33208_aligned_trim.faa+435939at33208_aligned_trim.faa+454911at33208_aligned_trim.faa+478984at33208_aligned_trim.faa	0h:0m:31s (0h:11m:54s left)
 214 LG+F+I+G4    1895046.745 12.405      139188at33208_aligned_trim.faa+210614at33208_aligned_trim.faa+435939at33208_aligned_trim.faa+437653at33208_aligned_trim.faa+454911at33208_aligned_trim.faa+468757at33208_aligned_trim.faa	0h:0m:32s (0h:11m:54s left)
 215 LG+F+I+G4    1895279.167 12.204      139188at33208_aligned_trim.faa+210614at33208_aligned_trim.faa+435939at33208_aligned_trim.faa+454911at33208_aligned_trim.faa+563426at33208_aligned_trim.faa	0h:0m:32s (0h:11m:54s left)
12 compatible better partition pairs found
Merging 281693at33208_aligned_trim.faa+525888at33208_aligned_trim.faa+608074at33208_aligned_trim.faa with BIC score: 1895040.541 (LnL: -945625.999  df: 369)
Merging 257141at33208_aligned_trim.faa+617020at33208_aligned_trim.faa+618516at33208_aligned_trim.faa+649979at33208_aligned_trim.faa with BIC score: 1894972.987 (LnL: -945705.159  df: 347)
Merging 139188at33208_aligned_trim.faa+210614at33208_aligned_trim.faa+435939at33208_aligned_trim.faa+437653at33208_aligned_trim.faa+454911at33208_aligned_trim.faa+468757at33208_aligned_trim.faa with BIC score: 1894908.976 (LnL: -945688.555  df: 344)
Merging 285966at33208_aligned_trim.faa+446000at33208_aligned_trim.faa+465401at33208_aligned_trim.faa+495100at33208_aligned_trim.faa+556461at33208_aligned_trim.faa+610541at33208_aligned_trim.faa+639252at33208_aligned_trim.faa+76852at33208_aligned_trim.faa with BIC score: 1894865.191 (LnL: -945779.600  df: 322)
Merging 478984at33208_aligned_trim.faa+563426at33208_aligned_trim.faa with BIC score: 1894834.519 (LnL: -945779.665  df: 319)
Merging 176247at33208_aligned_trim.faa+364383at33208_aligned_trim.faa+415618at33208_aligned_trim.faa+533690at33208_aligned_trim.faa+556510at33208_aligned_trim.faa+581547at33208_aligned_trim.faa with BIC score: 1894804.755 (LnL: -945780.183  df: 316)
Merging 313091at33208_aligned_trim.faa+631767at33208_aligned_trim.faa with BIC score: 1894775.314 (LnL: -945780.863  df: 313)
Merging 202545at33208_aligned_trim.faa+355739at33208_aligned_trim.faa with BIC score: 1894747.038 (LnL: -945782.125  df: 310)
Merging 443305at33208_aligned_trim.faa+450643at33208_aligned_trim.faa with BIC score: 1894719.559 (LnL: -945783.787  df: 307)
Merging 123923at33208_aligned_trim.faa+486370at33208_aligned_trim.faa+489997at33208_aligned_trim.faa+536251at33208_aligned_trim.faa+548327at33208_aligned_trim.faa+612825at33208_aligned_trim.faa with BIC score: 1894701.528 (LnL: -945790.172  df: 304)
Merging 308610at33208_aligned_trim.faa+338191at33208_aligned_trim.faa+359075at33208_aligned_trim.faa+391896at33208_aligned_trim.faa+604943at33208_aligned_trim.faa with BIC score: 1894688.414 (LnL: -945799.016  df: 301)
Merging 529093at33208_aligned_trim.faa+539043at33208_aligned_trim.faa with BIC score: 1894686.772 (LnL: -945813.595  df: 298)
 216 LG+I+G4      1894664.170 3.550       606748at33208_aligned_trim.faa+622270at33208_aligned_trim.faa	0h:0m:32s (0h:12m:5s left)
 217 LG+I+G4      1894656.867 3.119       478073at33208_aligned_trim.faa+622270at33208_aligned_trim.faa	0h:0m:33s (0h:12m:10s left)
 218 LG+I+G4      1894656.575 4.505       517686at33208_aligned_trim.faa+576633at33208_aligned_trim.faa	0h:0m:33s (0h:12m:20s left)
 219 LG+I+G4      1894658.729 9.625       564286at33208_aligned_trim.faa+582473at33208_aligned_trim.faa+633619at33208_aligned_trim.faa	0h:0m:34s (0h:12m:29s left)
 220 LG+I+G4      1894721.673 9.760       430701at33208_aligned_trim.faa+582473at33208_aligned_trim.faa	0h:0m:34s (0h:12m:31s left)
 221 LG+I+G4      1894659.690 4.985       544849at33208_aligned_trim.faa+576633at33208_aligned_trim.faa	0h:0m:34s (0h:12m:27s left)
 222 LG+I+G4      1894672.487 8.135       313091at33208_aligned_trim.faa+529093at33208_aligned_trim.faa+539043at33208_aligned_trim.faa+631767at33208_aligned_trim.faa	0h:0m:35s (0h:12m:33s left)
 223 LG+I+G4      1894674.787 6.801       130245at33208_aligned_trim.faa+274769at33208_aligned_trim.faa+514740at33208_aligned_trim.faa+602089at33208_aligned_trim.faa	0h:0m:35s (0h:12m:36s left)
 224 LG+I+G4      1894661.429 9.464       176247at33208_aligned_trim.faa+364383at33208_aligned_trim.faa+415618at33208_aligned_trim.faa+533690at33208_aligned_trim.faa+556510at33208_aligned_trim.faa+564286at33208_aligned_trim.faa+581547at33208_aligned_trim.faa+633619at33208_aligned_trim.faa	0h:0m:35s (0h:12m:33s left)
 225 LG+F+I+G4    1894665.355 14.272      257141at33208_aligned_trim.faa+538442at33208_aligned_trim.faa+617020at33208_aligned_trim.faa+618516at33208_aligned_trim.faa+649979at33208_aligned_trim.faa	0h:0m:35s (0h:12m:35s left)
 226 LG+F+I+G4    1894586.528 21.112      522988at33208_aligned_trim.faa+567650at33208_aligned_trim.faa+619250at33208_aligned_trim.faa	0h:0m:36s (0h:12m:41s left)
 227 LG+I+G4      1894660.697 6.236       393291at33208_aligned_trim.faa+424569at33208_aligned_trim.faa+496219at33208_aligned_trim.faa+596131at33208_aligned_trim.faa	0h:0m:36s (0h:12m:47s left)
 228 LG+I+G4      1894694.108 12.852      478984at33208_aligned_trim.faa+501546at33208_aligned_trim.faa+563426at33208_aligned_trim.faa+580896at33208_aligned_trim.faa+591316at33208_aligned_trim.faa+608869at33208_aligned_trim.faa	0h:0m:37s (0h:12m:51s left)
 229 LG+F+I+G4    1894623.144 14.215      207599at33208_aligned_trim.faa+519303at33208_aligned_trim.faa+556189at33208_aligned_trim.faa+592872at33208_aligned_trim.faa	0h:0m:37s (0h:12m:53s left)
 230 LG+I+G4      1894683.072 6.595       274769at33208_aligned_trim.faa+393291at33208_aligned_trim.faa+424569at33208_aligned_trim.faa+596131at33208_aligned_trim.faa+602089at33208_aligned_trim.faa	0h:0m:37s (0h:12m:51s left)
 231 LG+F+I+G4    1894677.152 11.324      281693at33208_aligned_trim.faa+348544at33208_aligned_trim.faa+365323at33208_aligned_trim.faa+525888at33208_aligned_trim.faa+573313at33208_aligned_trim.faa+608074at33208_aligned_trim.faa+609899at33208_aligned_trim.faa	0h:0m:37s (0h:12m:50s left)
 232 LG+F+I+G4    1894682.192 14.506      443305at33208_aligned_trim.faa+450643at33208_aligned_trim.faa+519303at33208_aligned_trim.faa	0h:0m:37s (0h:12m:51s left)
 233 LG+I+G4      1894672.036 9.429       176247at33208_aligned_trim.faa+364383at33208_aligned_trim.faa+415618at33208_aligned_trim.faa+533690at33208_aligned_trim.faa+556510at33208_aligned_trim.faa+581547at33208_aligned_trim.faa+582473at33208_aligned_trim.faa	0h:0m:37s (0h:12m:50s left)
 234 LG+F+I+G4    1894565.513 11.814      239016at33208_aligned_trim.faa+281693at33208_aligned_trim.faa+525888at33208_aligned_trim.faa+556445at33208_aligned_trim.faa+608074at33208_aligned_trim.faa+615531at33208_aligned_trim.faa	0h:0m:37s (0h:12m:47s left)
 235 LG+F+I+G4    1894700.313 14.068      207599at33208_aligned_trim.faa+443305at33208_aligned_trim.faa+450643at33208_aligned_trim.faa+556189at33208_aligned_trim.faa+592872at33208_aligned_trim.faa	0h:0m:37s (0h:12m:44s left)
 236 LG+I+G4      1894684.378 10.571      284059at33208_aligned_trim.faa+455941at33208_aligned_trim.faa+518569at33208_aligned_trim.faa+616149at33208_aligned_trim.faa	0h:0m:37s (0h:12m:41s left)
 237 LG+I+G4      1894665.870 13.763      202545at33208_aligned_trim.faa+355739at33208_aligned_trim.faa+519303at33208_aligned_trim.faa	0h:0m:38s (0h:12m:40s left)
 238 LG+I+G4      1894662.053 7.458       308610at33208_aligned_trim.faa+338191at33208_aligned_trim.faa+359075at33208_aligned_trim.faa+391896at33208_aligned_trim.faa+485003at33208_aligned_trim.faa+604943at33208_aligned_trim.faa	0h:0m:38s (0h:12m:43s left)
 239 LG+I+G4      1894729.947 6.335       109109at33208_aligned_trim.faa+393291at33208_aligned_trim.faa+424569at33208_aligned_trim.faa+552764at33208_aligned_trim.faa+596131at33208_aligned_trim.faa+644034at33208_aligned_trim.faa	0h:0m:38s (0h:12m:49s left)
 240 LG+F+I+G4    1894640.080 14.051      207599at33208_aligned_trim.faa+257141at33208_aligned_trim.faa+556189at33208_aligned_trim.faa+592872at33208_aligned_trim.faa+617020at33208_aligned_trim.faa+618516at33208_aligned_trim.faa+649979at33208_aligned_trim.faa	0h:0m:38s (0h:12m:47s left)
 241 LG+I+G4      1894691.788 13.604      202545at33208_aligned_trim.faa+355739at33208_aligned_trim.faa+443305at33208_aligned_trim.faa+450643at33208_aligned_trim.faa	0h:0m:39s (0h:12m:50s left)
 242 LG+F+I+G4    1894599.705 17.688      123923at33208_aligned_trim.faa+280914at33208_aligned_trim.faa+486370at33208_aligned_trim.faa+489997at33208_aligned_trim.faa+536251at33208_aligned_trim.faa+548327at33208_aligned_trim.faa+612825at33208_aligned_trim.faa	0h:0m:40s (0h:13m:10s left)
 243 LG+F+I+G4    1894603.885 15.382      285966at33208_aligned_trim.faa+446000at33208_aligned_trim.faa+465401at33208_aligned_trim.faa+495100at33208_aligned_trim.faa+538442at33208_aligned_trim.faa+556461at33208_aligned_trim.faa+610541at33208_aligned_trim.faa+639252at33208_aligned_trim.faa+76852at33208_aligned_trim.faa	0h:0m:41s (0h:13m:20s left)
 244 LG+F+I+G4    1894606.113 12.411      139188at33208_aligned_trim.faa+210614at33208_aligned_trim.faa+239016at33208_aligned_trim.faa+435939at33208_aligned_trim.faa+437653at33208_aligned_trim.faa+454911at33208_aligned_trim.faa+468757at33208_aligned_trim.faa+556445at33208_aligned_trim.faa+615531at33208_aligned_trim.faa	0h:0m:41s (0h:13m:31s left)
 245 LG+F+I+G4    1894812.951 12.471      139188at33208_aligned_trim.faa+210614at33208_aligned_trim.faa+435939at33208_aligned_trim.faa+437653at33208_aligned_trim.faa+454911at33208_aligned_trim.faa+468757at33208_aligned_trim.faa+478984at33208_aligned_trim.faa+563426at33208_aligned_trim.faa	0h:0m:42s (0h:13m:40s left)
 246 LG+F+I+G4    1894626.534 12.466      139188at33208_aligned_trim.faa+210614at33208_aligned_trim.faa+435939at33208_aligned_trim.faa+437653at33208_aligned_trim.faa+454911at33208_aligned_trim.faa+468757at33208_aligned_trim.faa+501546at33208_aligned_trim.faa+580896at33208_aligned_trim.faa+591316at33208_aligned_trim.faa+608869at33208_aligned_trim.faa	0h:0m:44s (0h:14m:18s left)
14 compatible better partition pairs found
Merging 239016at33208_aligned_trim.faa+281693at33208_aligned_trim.faa+525888at33208_aligned_trim.faa+556445at33208_aligned_trim.faa+608074at33208_aligned_trim.faa+615531at33208_aligned_trim.faa with BIC score: 1894565.513 (LnL: -945768.366  df: 295)
Merging 522988at33208_aligned_trim.faa+567650at33208_aligned_trim.faa+619250at33208_aligned_trim.faa with BIC score: 1894465.269 (LnL: -945733.645  df: 292)
Merging 123923at33208_aligned_trim.faa+280914at33208_aligned_trim.faa+486370at33208_aligned_trim.faa+489997at33208_aligned_trim.faa+536251at33208_aligned_trim.faa+548327at33208_aligned_trim.faa+612825at33208_aligned_trim.faa with BIC score: 1894378.203 (LnL: -945705.512  df: 289)
Merging 285966at33208_aligned_trim.faa+446000at33208_aligned_trim.faa+465401at33208_aligned_trim.faa+495100at33208_aligned_trim.faa+538442at33208_aligned_trim.faa+556461at33208_aligned_trim.faa+610541at33208_aligned_trim.faa+639252at33208_aligned_trim.faa+76852at33208_aligned_trim.faa with BIC score: 1894295.316 (LnL: -945679.469  df: 286)
Merging 207599at33208_aligned_trim.faa+519303at33208_aligned_trim.faa+556189at33208_aligned_trim.faa+592872at33208_aligned_trim.faa with BIC score: 1894231.688 (LnL: -945565.519  df: 302)
Merging 139188at33208_aligned_trim.faa+210614at33208_aligned_trim.faa+435939at33208_aligned_trim.faa+437653at33208_aligned_trim.faa+454911at33208_aligned_trim.faa+468757at33208_aligned_trim.faa+501546at33208_aligned_trim.faa+580896at33208_aligned_trim.faa+591316at33208_aligned_trim.faa+608869at33208_aligned_trim.faa with BIC score: 1894171.450 (LnL: -945550.801  df: 299)
Merging 517686at33208_aligned_trim.faa+576633at33208_aligned_trim.faa with BIC score: 1894141.254 (LnL: -945551.103  df: 296)
Merging 478073at33208_aligned_trim.faa+622270at33208_aligned_trim.faa with BIC score: 1894111.349 (LnL: -945551.551  df: 293)
Merging 564286at33208_aligned_trim.faa+582473at33208_aligned_trim.faa+633619at33208_aligned_trim.faa with BIC score: 1894083.306 (LnL: -945552.930  df: 290)
Merging 393291at33208_aligned_trim.faa+424569at33208_aligned_trim.faa+496219at33208_aligned_trim.faa+596131at33208_aligned_trim.faa with BIC score: 1894057.231 (LnL: -945555.293  df: 287)
Merging 308610at33208_aligned_trim.faa+338191at33208_aligned_trim.faa+359075at33208_aligned_trim.faa+391896at33208_aligned_trim.faa+485003at33208_aligned_trim.faa+604943at33208_aligned_trim.faa with BIC score: 1894032.512 (LnL: -945558.335  df: 284)
Merging 313091at33208_aligned_trim.faa+529093at33208_aligned_trim.faa+539043at33208_aligned_trim.faa+631767at33208_aligned_trim.faa with BIC score: 1894018.228 (LnL: -945566.593  df: 281)
Merging 130245at33208_aligned_trim.faa+274769at33208_aligned_trim.faa+514740at33208_aligned_trim.faa+602089at33208_aligned_trim.faa with BIC score: 1894006.243 (LnL: -945576.001  df: 278)
Merging 284059at33208_aligned_trim.faa+455941at33208_aligned_trim.faa+518569at33208_aligned_trim.faa+616149at33208_aligned_trim.faa with BIC score: 1894003.849 (LnL: -945590.205  df: 275)
 247 LG+I+G4      1893983.707 3.307       478073at33208_aligned_trim.faa+606748at33208_aligned_trim.faa+622270at33208_aligned_trim.faa	0h:0m:45s (0h:14m:30s left)
 248 LG+I+G4      1893977.505 4.799       517686at33208_aligned_trim.faa+544849at33208_aligned_trim.faa+576633at33208_aligned_trim.faa	0h:0m:47s (0h:14m:57s left)
 249 LG+I+G4      1894045.110 9.731       430701at33208_aligned_trim.faa+564286at33208_aligned_trim.faa+582473at33208_aligned_trim.faa+633619at33208_aligned_trim.faa	0h:0m:47s (0h:14m:55s left)
 250 LG+F+I+G4    1893868.547 21.483      522988at33208_aligned_trim.faa+535367at33208_aligned_trim.faa+567650at33208_aligned_trim.faa+619250at33208_aligned_trim.faa	0h:0m:48s (0h:15m:21s left)
 251 LG+I+G4      1893989.837 9.461       176247at33208_aligned_trim.faa+364383at33208_aligned_trim.faa+415618at33208_aligned_trim.faa+533690at33208_aligned_trim.faa+556510at33208_aligned_trim.faa+564286at33208_aligned_trim.faa+581547at33208_aligned_trim.faa+582473at33208_aligned_trim.faa+633619at33208_aligned_trim.faa	0h:0m:49s (0h:15m:28s left)
 252 LG+I+G4      1893974.532 5.546       366814at33208_aligned_trim.faa+424392at33208_aligned_trim.faa+465092at33208_aligned_trim.faa+544849at33208_aligned_trim.faa	0h:0m:50s (0h:15m:41s left)
 253 LG+I+G4      1894044.332 8.493       313091at33208_aligned_trim.faa+430701at33208_aligned_trim.faa+529093at33208_aligned_trim.faa+539043at33208_aligned_trim.faa+631767at33208_aligned_trim.faa	0h:0m:50s (0h:15m:48s left)
 254 LG+I+G4      1894018.980 9.512       176247at33208_aligned_trim.faa+364383at33208_aligned_trim.faa+415618at33208_aligned_trim.faa+430701at33208_aligned_trim.faa+533690at33208_aligned_trim.faa+556510at33208_aligned_trim.faa+581547at33208_aligned_trim.faa	0h:0m:51s (0h:15m:48s left)
 255 LG+F+I+G4    1893935.966 14.376      207599at33208_aligned_trim.faa+443305at33208_aligned_trim.faa+450643at33208_aligned_trim.faa+519303at33208_aligned_trim.faa+556189at33208_aligned_trim.faa+592872at33208_aligned_trim.faa	0h:0m:51s (0h:15m:47s left)
 256 LG+I+G4      1894063.948 13.241      443305at33208_aligned_trim.faa+450643at33208_aligned_trim.faa+478984at33208_aligned_trim.faa+563426at33208_aligned_trim.faa	0h:0m:51s (0h:15m:45s left)
 257 LG+I+G4      1893990.935 12.992      202545at33208_aligned_trim.faa+355739at33208_aligned_trim.faa+478984at33208_aligned_trim.faa+563426at33208_aligned_trim.faa	0h:0m:52s (0h:15m:55s left)
 258 LG+I+G4      1894038.756 10.983      284059at33208_aligned_trim.faa+348544at33208_aligned_trim.faa+365323at33208_aligned_trim.faa+455941at33208_aligned_trim.faa+518569at33208_aligned_trim.faa+573313at33208_aligned_trim.faa+609899at33208_aligned_trim.faa+616149at33208_aligned_trim.faa	0h:0m:52s (0h:15m:58s left)
 259 LG+F+I+G4    1894000.133 14.453      257141at33208_aligned_trim.faa+443305at33208_aligned_trim.faa+450643at33208_aligned_trim.faa+617020at33208_aligned_trim.faa+618516at33208_aligned_trim.faa+649979at33208_aligned_trim.faa	0h:0m:52s (0h:15m:56s left)
 260 LG+I+G4      1894020.809 5.772       109109at33208_aligned_trim.faa+366814at33208_aligned_trim.faa+424392at33208_aligned_trim.faa+465092at33208_aligned_trim.faa+552764at33208_aligned_trim.faa+644034at33208_aligned_trim.faa	0h:0m:52s (0h:15m:55s left)
 261 LG+F+I+G4    1894016.922 13.813      202545at33208_aligned_trim.faa+257141at33208_aligned_trim.faa+355739at33208_aligned_trim.faa+617020at33208_aligned_trim.faa+618516at33208_aligned_trim.faa+649979at33208_aligned_trim.faa	0h:0m:52s (0h:15m:52s left)
 262 LG+F+I+G4    1893962.674 14.088      202545at33208_aligned_trim.faa+207599at33208_aligned_trim.faa+355739at33208_aligned_trim.faa+519303at33208_aligned_trim.faa+556189at33208_aligned_trim.faa+592872at33208_aligned_trim.faa	0h:0m:53s (0h:15m:57s left)
 263 LG+I+G4      1894062.925 6.262       109109at33208_aligned_trim.faa+393291at33208_aligned_trim.faa+424569at33208_aligned_trim.faa+496219at33208_aligned_trim.faa+552764at33208_aligned_trim.faa+596131at33208_aligned_trim.faa+644034at33208_aligned_trim.faa	0h:0m:53s (0h:15m:55s left)
 264 LG+F+I+G4    1894122.602 12.157      239016at33208_aligned_trim.faa+281693at33208_aligned_trim.faa+478984at33208_aligned_trim.faa+525888at33208_aligned_trim.faa+556445at33208_aligned_trim.faa+563426at33208_aligned_trim.faa+608074at33208_aligned_trim.faa+615531at33208_aligned_trim.faa	0h:0m:53s (0h:15m:51s left)
 265 LG+F+I+G4    1894031.252 11.565      239016at33208_aligned_trim.faa+281693at33208_aligned_trim.faa+348544at33208_aligned_trim.faa+365323at33208_aligned_trim.faa+525888at33208_aligned_trim.faa+556445at33208_aligned_trim.faa+573313at33208_aligned_trim.faa+608074at33208_aligned_trim.faa+609899at33208_aligned_trim.faa+615531at33208_aligned_trim.faa	0h:0m:53s (0h:15m:55s left)
 266 LG+F+I+G4    1893889.838 14.297      207599at33208_aligned_trim.faa+257141at33208_aligned_trim.faa+519303at33208_aligned_trim.faa+556189at33208_aligned_trim.faa+592872at33208_aligned_trim.faa+617020at33208_aligned_trim.faa+618516at33208_aligned_trim.faa+649979at33208_aligned_trim.faa	0h:0m:54s (0h:15m:56s left)
 267 LG+I+G4      1893987.622 5.900       366814at33208_aligned_trim.faa+393291at33208_aligned_trim.faa+424392at33208_aligned_trim.faa+424569at33208_aligned_trim.faa+465092at33208_aligned_trim.faa+496219at33208_aligned_trim.faa+596131at33208_aligned_trim.faa	0h:0m:54s (0h:15m:53s left)
 268 LG+I+G4      1893992.652 7.797       308610at33208_aligned_trim.faa+313091at33208_aligned_trim.faa+338191at33208_aligned_trim.faa+359075at33208_aligned_trim.faa+391896at33208_aligned_trim.faa+485003at33208_aligned_trim.faa+529093at33208_aligned_trim.faa+539043at33208_aligned_trim.faa+604943at33208_aligned_trim.faa+631767at33208_aligned_trim.faa	0h:0m:54s (0h:15m:57s left)
 269 LG+F+I+G4    1893787.146 18.185      123923at33208_aligned_trim.faa+280914at33208_aligned_trim.faa+486370at33208_aligned_trim.faa+489997at33208_aligned_trim.faa+536251at33208_aligned_trim.faa+548327at33208_aligned_trim.faa+573203at33208_aligned_trim.faa+612825at33208_aligned_trim.faa	0h:0m:55s (0h:16m:2s left)
 270 LG+I+G4      1893998.329 6.720       130245at33208_aligned_trim.faa+274769at33208_aligned_trim.faa+393291at33208_aligned_trim.faa+424569at33208_aligned_trim.faa+496219at33208_aligned_trim.faa+514740at33208_aligned_trim.faa+596131at33208_aligned_trim.faa+602089at33208_aligned_trim.faa	0h:0m:55s (0h:15m:59s left)
 271 LG+I+G4      1894060.087 6.388       109109at33208_aligned_trim.faa+130245at33208_aligned_trim.faa+274769at33208_aligned_trim.faa+514740at33208_aligned_trim.faa+552764at33208_aligned_trim.faa+602089at33208_aligned_trim.faa+644034at33208_aligned_trim.faa	0h:0m:56s (0h:16m:15s left)
 272 LG+I+G4      1893994.022 7.250       130245at33208_aligned_trim.faa+274769at33208_aligned_trim.faa+308610at33208_aligned_trim.faa+338191at33208_aligned_trim.faa+359075at33208_aligned_trim.faa+391896at33208_aligned_trim.faa+485003at33208_aligned_trim.faa+514740at33208_aligned_trim.faa+602089at33208_aligned_trim.faa+604943at33208_aligned_trim.faa	0h:0m:56s (0h:16m:12s left)
 273 LG+F+I+G4    1893913.441 15.022      257141at33208_aligned_trim.faa+285966at33208_aligned_trim.faa+446000at33208_aligned_trim.faa+465401at33208_aligned_trim.faa+495100at33208_aligned_trim.faa+538442at33208_aligned_trim.faa+556461at33208_aligned_trim.faa+610541at33208_aligned_trim.faa+617020at33208_aligned_trim.faa+618516at33208_aligned_trim.faa+639252at33208_aligned_trim.faa+649979at33208_aligned_trim.faa+76852at33208_aligned_trim.faa	0h:0m:57s (0h:16m:37s left)
 274 LG+F+I+G4    1893819.345 15.098      207599at33208_aligned_trim.faa+285966at33208_aligned_trim.faa+446000at33208_aligned_trim.faa+465401at33208_aligned_trim.faa+495100at33208_aligned_trim.faa+519303at33208_aligned_trim.faa+538442at33208_aligned_trim.faa+556189at33208_aligned_trim.faa+556461at33208_aligned_trim.faa+592872at33208_aligned_trim.faa+610541at33208_aligned_trim.faa+639252at33208_aligned_trim.faa+76852at33208_aligned_trim.faa	0h:0m:58s (0h:16m:42s left)
 275 LG+F+I+G4    1894116.161 12.509      139188at33208_aligned_trim.faa+210614at33208_aligned_trim.faa+435939at33208_aligned_trim.faa+437653at33208_aligned_trim.faa+454911at33208_aligned_trim.faa+468757at33208_aligned_trim.faa+478984at33208_aligned_trim.faa+501546at33208_aligned_trim.faa+563426at33208_aligned_trim.faa+580896at33208_aligned_trim.faa+591316at33208_aligned_trim.faa+608869at33208_aligned_trim.faa	0h:0m:59s (0h:16m:58s left)
 276 LG+F+I+G4    1893792.978 12.258      139188at33208_aligned_trim.faa+210614at33208_aligned_trim.faa+239016at33208_aligned_trim.faa+281693at33208_aligned_trim.faa+435939at33208_aligned_trim.faa+437653at33208_aligned_trim.faa+454911at33208_aligned_trim.faa+468757at33208_aligned_trim.faa+501546at33208_aligned_trim.faa+525888at33208_aligned_trim.faa+556445at33208_aligned_trim.faa+580896at33208_aligned_trim.faa+591316at33208_aligned_trim.faa+608074at33208_aligned_trim.faa+608869at33208_aligned_trim.faa+615531at33208_aligned_trim.faa	0h:1m:0s (0h:17m:2s left)
 277 LG+F+I+G4    1893953.724 12.714      139188at33208_aligned_trim.faa+202545at33208_aligned_trim.faa+210614at33208_aligned_trim.faa+355739at33208_aligned_trim.faa+435939at33208_aligned_trim.faa+437653at33208_aligned_trim.faa+454911at33208_aligned_trim.faa+468757at33208_aligned_trim.faa+501546at33208_aligned_trim.faa+580896at33208_aligned_trim.faa+591316at33208_aligned_trim.faa+608869at33208_aligned_trim.faa	0h:1m:0s (0h:17m:13s left)
 278 LG+F+I+G4    1893910.303 12.840      139188at33208_aligned_trim.faa+210614at33208_aligned_trim.faa+435939at33208_aligned_trim.faa+437653at33208_aligned_trim.faa+443305at33208_aligned_trim.faa+450643at33208_aligned_trim.faa+454911at33208_aligned_trim.faa+468757at33208_aligned_trim.faa+501546at33208_aligned_trim.faa+580896at33208_aligned_trim.faa+591316at33208_aligned_trim.faa+608869at33208_aligned_trim.faa	0h:1m:1s (0h:17m:15s left)
11 compatible better partition pairs found
Merging 123923at33208_aligned_trim.faa+280914at33208_aligned_trim.faa+486370at33208_aligned_trim.faa+489997at33208_aligned_trim.faa+536251at33208_aligned_trim.faa+548327at33208_aligned_trim.faa+573203at33208_aligned_trim.faa+612825at33208_aligned_trim.faa with BIC score: 1893787.146 (LnL: -945594.791  df: 253)
Merging 139188at33208_aligned_trim.faa+210614at33208_aligned_trim.faa+239016at33208_aligned_trim.faa+281693at33208_aligned_trim.faa+435939at33208_aligned_trim.faa+437653at33208_aligned_trim.faa+454911at33208_aligned_trim.faa+468757at33208_aligned_trim.faa+501546at33208_aligned_trim.faa+525888at33208_aligned_trim.faa+556445at33208_aligned_trim.faa+580896at33208_aligned_trim.faa+591316at33208_aligned_trim.faa+608074at33208_aligned_trim.faa+608869at33208_aligned_trim.faa+615531at33208_aligned_trim.faa with BIC score: 1893576.275 (LnL: -945602.293  df: 231)
Merging 207599at33208_aligned_trim.faa+285966at33208_aligned_trim.faa+446000at33208_aligned_trim.faa+465401at33208_aligned_trim.faa+495100at33208_aligned_trim.faa+519303at33208_aligned_trim.faa+538442at33208_aligned_trim.faa+556189at33208_aligned_trim.faa+556461at33208_aligned_trim.faa+592872at33208_aligned_trim.faa+610541at33208_aligned_trim.faa+639252at33208_aligned_trim.faa+76852at33208_aligned_trim.faa with BIC score: 1893391.771 (LnL: -945622.978  df: 209)
Merging 522988at33208_aligned_trim.faa+535367at33208_aligned_trim.faa+567650at33208_aligned_trim.faa+619250at33208_aligned_trim.faa with BIC score: 1893256.469 (LnL: -945570.728  df: 206)
Merging 366814at33208_aligned_trim.faa+424392at33208_aligned_trim.faa+465092at33208_aligned_trim.faa+544849at33208_aligned_trim.faa with BIC score: 1893227.152 (LnL: -945571.470  df: 203)
Merging 478073at33208_aligned_trim.faa+606748at33208_aligned_trim.faa+622270at33208_aligned_trim.faa with BIC score: 1893207.010 (LnL: -945576.800  df: 200)
Merging 176247at33208_aligned_trim.faa+364383at33208_aligned_trim.faa+415618at33208_aligned_trim.faa+533690at33208_aligned_trim.faa+556510at33208_aligned_trim.faa+564286at33208_aligned_trim.faa+581547at33208_aligned_trim.faa+582473at33208_aligned_trim.faa+633619at33208_aligned_trim.faa with BIC score: 1893192.998 (LnL: -945585.194  df: 197)
Merging 202545at33208_aligned_trim.faa+355739at33208_aligned_trim.faa+478984at33208_aligned_trim.faa+563426at33208_aligned_trim.faa with BIC score: 1893180.084 (LnL: -945594.138  df: 194)
Merging 308610at33208_aligned_trim.faa+313091at33208_aligned_trim.faa+338191at33208_aligned_trim.faa+359075at33208_aligned_trim.faa+391896at33208_aligned_trim.faa+485003at33208_aligned_trim.faa+529093at33208_aligned_trim.faa+539043at33208_aligned_trim.faa+604943at33208_aligned_trim.faa+631767at33208_aligned_trim.faa with BIC score: 1893168.887 (LnL: -945603.940  df: 191)
Merging 130245at33208_aligned_trim.faa+274769at33208_aligned_trim.faa+393291at33208_aligned_trim.faa+424569at33208_aligned_trim.faa+496219at33208_aligned_trim.faa+514740at33208_aligned_trim.faa+596131at33208_aligned_trim.faa+602089at33208_aligned_trim.faa with BIC score: 1893163.367 (LnL: -945616.580  df: 188)
Merging 257141at33208_aligned_trim.faa+443305at33208_aligned_trim.faa+450643at33208_aligned_trim.faa+617020at33208_aligned_trim.faa+618516at33208_aligned_trim.faa+649979at33208_aligned_trim.faa with BIC score: 1893159.651 (LnL: -945532.586  df: 204)
 279 LG+I+G4      1893154.012 3.987       478073at33208_aligned_trim.faa+517686at33208_aligned_trim.faa+576633at33208_aligned_trim.faa+606748at33208_aligned_trim.faa+622270at33208_aligned_trim.faa	0h:1m:4s (0h:18m:5s left)
 280 LG+I+G4      1893153.483 5.929       109109at33208_aligned_trim.faa+517686at33208_aligned_trim.faa+552764at33208_aligned_trim.faa+576633at33208_aligned_trim.faa+644034at33208_aligned_trim.faa	0h:1m:5s (0h:18m:20s left)
 281 LG+I+G4      1893175.892 10.938      348544at33208_aligned_trim.faa+365323at33208_aligned_trim.faa+430701at33208_aligned_trim.faa+573313at33208_aligned_trim.faa+609899at33208_aligned_trim.faa	0h:1m:7s (0h:18m:47s left)
 282 LG+I+G4      1893136.399 5.346       366814at33208_aligned_trim.faa+424392at33208_aligned_trim.faa+465092at33208_aligned_trim.faa+517686at33208_aligned_trim.faa+544849at33208_aligned_trim.faa+576633at33208_aligned_trim.faa	0h:1m:8s (0h:19m:4s left)
 283 LG+I+G4      1893201.475 9.786       176247at33208_aligned_trim.faa+284059at33208_aligned_trim.faa+364383at33208_aligned_trim.faa+415618at33208_aligned_trim.faa+455941at33208_aligned_trim.faa+518569at33208_aligned_trim.faa+533690at33208_aligned_trim.faa+556510at33208_aligned_trim.faa+564286at33208_aligned_trim.faa+581547at33208_aligned_trim.faa+582473at33208_aligned_trim.faa+616149at33208_aligned_trim.faa+633619at33208_aligned_trim.faa	0h:1m:9s (0h:19m:4s left)
 284 LG+I+G4      1893145.639 10.591      284059at33208_aligned_trim.faa+430701at33208_aligned_trim.faa+455941at33208_aligned_trim.faa+518569at33208_aligned_trim.faa+616149at33208_aligned_trim.faa	0h:1m:9s (0h:19m:2s left)
 285 LG+I+G4      1893234.433 12.324      202545at33208_aligned_trim.faa+284059at33208_aligned_trim.faa+355739at33208_aligned_trim.faa+455941at33208_aligned_trim.faa+478984at33208_aligned_trim.faa+518569at33208_aligned_trim.faa+563426at33208_aligned_trim.faa+616149at33208_aligned_trim.faa	0h:1m:10s (0h:19m:14s left)
 286 LG+I+G4      1893184.928 9.523       176247at33208_aligned_trim.faa+364383at33208_aligned_trim.faa+415618at33208_aligned_trim.faa+430701at33208_aligned_trim.faa+533690at33208_aligned_trim.faa+556510at33208_aligned_trim.faa+564286at33208_aligned_trim.faa+581547at33208_aligned_trim.faa+582473at33208_aligned_trim.faa+633619at33208_aligned_trim.faa	0h:1m:10s (0h:19m:16s left)
 287 LG+F+I+G4    1893192.442 11.923      202545at33208_aligned_trim.faa+348544at33208_aligned_trim.faa+355739at33208_aligned_trim.faa+365323at33208_aligned_trim.faa+478984at33208_aligned_trim.faa+563426at33208_aligned_trim.faa+573313at33208_aligned_trim.faa+609899at33208_aligned_trim.faa	0h:1m:10s (0h:19m:19s left)
 288 LG+F+I+G4    1893030.811 22.007      465651at33208_aligned_trim.faa+522988at33208_aligned_trim.faa+535367at33208_aligned_trim.faa+567650at33208_aligned_trim.faa+619250at33208_aligned_trim.faa	0h:1m:11s (0h:19m:18s left)
 289 LG+I+G4      1893183.593 5.931       109109at33208_aligned_trim.faa+366814at33208_aligned_trim.faa+424392at33208_aligned_trim.faa+465092at33208_aligned_trim.faa+544849at33208_aligned_trim.faa+552764at33208_aligned_trim.faa+644034at33208_aligned_trim.faa	0h:1m:11s (0h:19m:17s left)
 290 LG+F+I+G4    1893159.418 13.824      202545at33208_aligned_trim.faa+257141at33208_aligned_trim.faa+355739at33208_aligned_trim.faa+443305at33208_aligned_trim.faa+450643at33208_aligned_trim.faa+478984at33208_aligned_trim.faa+563426at33208_aligned_trim.faa+617020at33208_aligned_trim.faa+618516at33208_aligned_trim.faa+649979at33208_aligned_trim.faa	0h:1m:12s (0h:19m:25s left)
 291 LG+I+G4      1893201.079 7.000       130245at33208_aligned_trim.faa+274769at33208_aligned_trim.faa+393291at33208_aligned_trim.faa+424569at33208_aligned_trim.faa+430701at33208_aligned_trim.faa+496219at33208_aligned_trim.faa+514740at33208_aligned_trim.faa+596131at33208_aligned_trim.faa+602089at33208_aligned_trim.faa	0h:1m:12s (0h:19m:33s left)
 292 LG+I+G4      1893202.221 7.358       109109at33208_aligned_trim.faa+308610at33208_aligned_trim.faa+313091at33208_aligned_trim.faa+338191at33208_aligned_trim.faa+359075at33208_aligned_trim.faa+391896at33208_aligned_trim.faa+485003at33208_aligned_trim.faa+529093at33208_aligned_trim.faa+539043at33208_aligned_trim.faa+552764at33208_aligned_trim.faa+604943at33208_aligned_trim.faa+631767at33208_aligned_trim.faa+644034at33208_aligned_trim.faa	0h:1m:13s (0h:19m:33s left)
 293 LG+I+G4      1893202.388 7.933       308610at33208_aligned_trim.faa+313091at33208_aligned_trim.faa+338191at33208_aligned_trim.faa+359075at33208_aligned_trim.faa+391896at33208_aligned_trim.faa+430701at33208_aligned_trim.faa+485003at33208_aligned_trim.faa+529093at33208_aligned_trim.faa+539043at33208_aligned_trim.faa+604943at33208_aligned_trim.faa+631767at33208_aligned_trim.faa	0h:1m:13s (0h:19m:41s left)
 294 LG+I+G4      1893168.821 10.211      176247at33208_aligned_trim.faa+348544at33208_aligned_trim.faa+364383at33208_aligned_trim.faa+365323at33208_aligned_trim.faa+415618at33208_aligned_trim.faa+533690at33208_aligned_trim.faa+556510at33208_aligned_trim.faa+564286at33208_aligned_trim.faa+573313at33208_aligned_trim.faa+581547at33208_aligned_trim.faa+582473at33208_aligned_trim.faa+609899at33208_aligned_trim.faa+633619at33208_aligned_trim.faa	0h:1m:14s (0h:19m:46s left)
 295 LG+I+G4      1893234.415 6.528       109109at33208_aligned_trim.faa+130245at33208_aligned_trim.faa+274769at33208_aligned_trim.faa+393291at33208_aligned_trim.faa+424569at33208_aligned_trim.faa+496219at33208_aligned_trim.faa+514740at33208_aligned_trim.faa+552764at33208_aligned_trim.faa+596131at33208_aligned_trim.faa+602089at33208_aligned_trim.faa+644034at33208_aligned_trim.faa	0h:1m:15s (0h:19m:57s left)
 296 LG+F+I+G4    1893014.488 19.342      123923at33208_aligned_trim.faa+280914at33208_aligned_trim.faa+486370at33208_aligned_trim.faa+489997at33208_aligned_trim.faa+522988at33208_aligned_trim.faa+535367at33208_aligned_trim.faa+536251at33208_aligned_trim.faa+548327at33208_aligned_trim.faa+567650at33208_aligned_trim.faa+573203at33208_aligned_trim.faa+612825at33208_aligned_trim.faa+619250at33208_aligned_trim.faa	0h:1m:16s (0h:20m:2s left)
 297 LG+I+G4      1893187.413 7.339       130245at33208_aligned_trim.faa+274769at33208_aligned_trim.faa+308610at33208_aligned_trim.faa+313091at33208_aligned_trim.faa+338191at33208_aligned_trim.faa+359075at33208_aligned_trim.faa+391896at33208_aligned_trim.faa+393291at33208_aligned_trim.faa+424569at33208_aligned_trim.faa+485003at33208_aligned_trim.faa+496219at33208_aligned_trim.faa+514740at33208_aligned_trim.faa+529093at33208_aligned_trim.faa+539043at33208_aligned_trim.faa+596131at33208_aligned_trim.faa+602089at33208_aligned_trim.faa+604943at33208_aligned_trim.faa+631767at33208_aligned_trim.faa	0h:1m:16s (0h:19m:58s left)
 298 LG+I+G4      1893154.225 6.395       130245at33208_aligned_trim.faa+274769at33208_aligned_trim.faa+366814at33208_aligned_trim.faa+393291at33208_aligned_trim.faa+424392at33208_aligned_trim.faa+424569at33208_aligned_trim.faa+465092at33208_aligned_trim.faa+496219at33208_aligned_trim.faa+514740at33208_aligned_trim.faa+544849at33208_aligned_trim.faa+596131at33208_aligned_trim.faa+602089at33208_aligned_trim.faa	0h:1m:17s (0h:20m:8s left)
 299 LG+I+G4      1893169.271 8.448       176247at33208_aligned_trim.faa+308610at33208_aligned_trim.faa+313091at33208_aligned_trim.faa+338191at33208_aligned_trim.faa+359075at33208_aligned_trim.faa+364383at33208_aligned_trim.faa+391896at33208_aligned_trim.faa+415618at33208_aligned_trim.faa+485003at33208_aligned_trim.faa+529093at33208_aligned_trim.faa+533690at33208_aligned_trim.faa+539043at33208_aligned_trim.faa+556510at33208_aligned_trim.faa+564286at33208_aligned_trim.faa+581547at33208_aligned_trim.faa+582473at33208_aligned_trim.faa+604943at33208_aligned_trim.faa+631767at33208_aligned_trim.faa+633619at33208_aligned_trim.faa	0h:1m:17s (0h:20m:15s left)
 300 LG+F+I+G4    1892981.894 14.906      207599at33208_aligned_trim.faa+257141at33208_aligned_trim.faa+285966at33208_aligned_trim.faa+443305at33208_aligned_trim.faa+446000at33208_aligned_trim.faa+450643at33208_aligned_trim.faa+465401at33208_aligned_trim.faa+495100at33208_aligned_trim.faa+519303at33208_aligned_trim.faa+538442at33208_aligned_trim.faa+556189at33208_aligned_trim.faa+556461at33208_aligned_trim.faa+592872at33208_aligned_trim.faa+610541at33208_aligned_trim.faa+617020at33208_aligned_trim.faa+618516at33208_aligned_trim.faa+639252at33208_aligned_trim.faa+649979at33208_aligned_trim.faa+76852at33208_aligned_trim.faa	0h:1m:19s (0h:20m:37s left)
 301 LG+F+I+G4    1893180.545 14.555      202545at33208_aligned_trim.faa+207599at33208_aligned_trim.faa+285966at33208_aligned_trim.faa+355739at33208_aligned_trim.faa+446000at33208_aligned_trim.faa+465401at33208_aligned_trim.faa+478984at33208_aligned_trim.faa+495100at33208_aligned_trim.faa+519303at33208_aligned_trim.faa+538442at33208_aligned_trim.faa+556189at33208_aligned_trim.faa+556461at33208_aligned_trim.faa+563426at33208_aligned_trim.faa+592872at33208_aligned_trim.faa+610541at33208_aligned_trim.faa+639252at33208_aligned_trim.faa+76852at33208_aligned_trim.faa	0h:1m:20s (0h:20m:43s left)
 302 LG+F+I+G4    1893219.423 12.505      139188at33208_aligned_trim.faa+202545at33208_aligned_trim.faa+210614at33208_aligned_trim.faa+239016at33208_aligned_trim.faa+281693at33208_aligned_trim.faa+355739at33208_aligned_trim.faa+435939at33208_aligned_trim.faa+437653at33208_aligned_trim.faa+454911at33208_aligned_trim.faa+468757at33208_aligned_trim.faa+478984at33208_aligned_trim.faa+501546at33208_aligned_trim.faa+525888at33208_aligned_trim.faa+556445at33208_aligned_trim.faa+563426at33208_aligned_trim.faa+580896at33208_aligned_trim.faa+591316at33208_aligned_trim.faa+608074at33208_aligned_trim.faa+608869at33208_aligned_trim.faa+615531at33208_aligned_trim.faa	0h:1m:22s (0h:21m:16s left)
 303 LG+F+I+G4    1892991.669 16.311      123923at33208_aligned_trim.faa+207599at33208_aligned_trim.faa+280914at33208_aligned_trim.faa+285966at33208_aligned_trim.faa+446000at33208_aligned_trim.faa+465401at33208_aligned_trim.faa+486370at33208_aligned_trim.faa+489997at33208_aligned_trim.faa+495100at33208_aligned_trim.faa+519303at33208_aligned_trim.faa+536251at33208_aligned_trim.faa+538442at33208_aligned_trim.faa+548327at33208_aligned_trim.faa+556189at33208_aligned_trim.faa+556461at33208_aligned_trim.faa+573203at33208_aligned_trim.faa+592872at33208_aligned_trim.faa+610541at33208_aligned_trim.faa+612825at33208_aligned_trim.faa+639252at33208_aligned_trim.faa+76852at33208_aligned_trim.faa	0h:1m:22s (0h:21m:19s left)
 304 LG+F+I+G4    1893051.365 12.020      139188at33208_aligned_trim.faa+210614at33208_aligned_trim.faa+239016at33208_aligned_trim.faa+281693at33208_aligned_trim.faa+284059at33208_aligned_trim.faa+435939at33208_aligned_trim.faa+437653at33208_aligned_trim.faa+454911at33208_aligned_trim.faa+455941at33208_aligned_trim.faa+468757at33208_aligned_trim.faa+501546at33208_aligned_trim.faa+518569at33208_aligned_trim.faa+525888at33208_aligned_trim.faa+556445at33208_aligned_trim.faa+580896at33208_aligned_trim.faa+591316at33208_aligned_trim.faa+608074at33208_aligned_trim.faa+608869at33208_aligned_trim.faa+615531at33208_aligned_trim.faa+616149at33208_aligned_trim.faa	0h:1m:23s (0h:21m:21s left)
 305 LG+F+I+G4    1893192.973 12.051      139188at33208_aligned_trim.faa+210614at33208_aligned_trim.faa+239016at33208_aligned_trim.faa+281693at33208_aligned_trim.faa+348544at33208_aligned_trim.faa+365323at33208_aligned_trim.faa+435939at33208_aligned_trim.faa+437653at33208_aligned_trim.faa+454911at33208_aligned_trim.faa+468757at33208_aligned_trim.faa+501546at33208_aligned_trim.faa+525888at33208_aligned_trim.faa+556445at33208_aligned_trim.faa+573313at33208_aligned_trim.faa+580896at33208_aligned_trim.faa+591316at33208_aligned_trim.faa+608074at33208_aligned_trim.faa+608869at33208_aligned_trim.faa+609899at33208_aligned_trim.faa+615531at33208_aligned_trim.faa	0h:1m:24s (0h:21m:32s left)
 306 LG+F+I+G4    1893048.469 12.820      139188at33208_aligned_trim.faa+210614at33208_aligned_trim.faa+239016at33208_aligned_trim.faa+257141at33208_aligned_trim.faa+281693at33208_aligned_trim.faa+435939at33208_aligned_trim.faa+437653at33208_aligned_trim.faa+443305at33208_aligned_trim.faa+450643at33208_aligned_trim.faa+454911at33208_aligned_trim.faa+468757at33208_aligned_trim.faa+501546at33208_aligned_trim.faa+525888at33208_aligned_trim.faa+556445at33208_aligned_trim.faa+580896at33208_aligned_trim.faa+591316at33208_aligned_trim.faa+608074at33208_aligned_trim.faa+608869at33208_aligned_trim.faa+615531at33208_aligned_trim.faa+617020at33208_aligned_trim.faa+618516at33208_aligned_trim.faa+649979at33208_aligned_trim.faa	0h:1m:24s (0h:21m:34s left)
 307 LG+F+I+G4    1893176.338 13.586      139188at33208_aligned_trim.faa+207599at33208_aligned_trim.faa+210614at33208_aligned_trim.faa+239016at33208_aligned_trim.faa+281693at33208_aligned_trim.faa+285966at33208_aligned_trim.faa+435939at33208_aligned_trim.faa+437653at33208_aligned_trim.faa+446000at33208_aligned_trim.faa+454911at33208_aligned_trim.faa+465401at33208_aligned_trim.faa+468757at33208_aligned_trim.faa+495100at33208_aligned_trim.faa+501546at33208_aligned_trim.faa+519303at33208_aligned_trim.faa+525888at33208_aligned_trim.faa+538442at33208_aligned_trim.faa+556189at33208_aligned_trim.faa+556445at33208_aligned_trim.faa+556461at33208_aligned_trim.faa+580896at33208_aligned_trim.faa+591316at33208_aligned_trim.faa+592872at33208_aligned_trim.faa+608074at33208_aligned_trim.faa+608869at33208_aligned_trim.faa+610541at33208_aligned_trim.faa+615531at33208_aligned_trim.faa+639252at33208_aligned_trim.faa+76852at33208_aligned_trim.faa	0h:1m:28s (0h:22m:21s left)
4 compatible better partition pairs found
Merging 207599at33208_aligned_trim.faa+257141at33208_aligned_trim.faa+285966at33208_aligned_trim.faa+443305at33208_aligned_trim.faa+446000at33208_aligned_trim.faa+450643at33208_aligned_trim.faa+465401at33208_aligned_trim.faa+495100at33208_aligned_trim.faa+519303at33208_aligned_trim.faa+538442at33208_aligned_trim.faa+556189at33208_aligned_trim.faa+556461at33208_aligned_trim.faa+592872at33208_aligned_trim.faa+610541at33208_aligned_trim.faa+617020at33208_aligned_trim.faa+618516at33208_aligned_trim.faa+639252at33208_aligned_trim.faa+649979at33208_aligned_trim.faa+76852at33208_aligned_trim.faa with BIC score: 1892981.894 (LnL: -945556.645  df: 182)
Merging 123923at33208_aligned_trim.faa+280914at33208_aligned_trim.faa+486370at33208_aligned_trim.faa+489997at33208_aligned_trim.faa+522988at33208_aligned_trim.faa+535367at33208_aligned_trim.faa+536251at33208_aligned_trim.faa+548327at33208_aligned_trim.faa+567650at33208_aligned_trim.faa+573203at33208_aligned_trim.faa+612825at33208_aligned_trim.faa+619250at33208_aligned_trim.faa with BIC score: 1892836.732 (LnL: -945597.002  df: 160)
Merging 139188at33208_aligned_trim.faa+210614at33208_aligned_trim.faa+239016at33208_aligned_trim.faa+281693at33208_aligned_trim.faa+284059at33208_aligned_trim.faa+435939at33208_aligned_trim.faa+437653at33208_aligned_trim.faa+454911at33208_aligned_trim.faa+455941at33208_aligned_trim.faa+468757at33208_aligned_trim.faa+501546at33208_aligned_trim.faa+518569at33208_aligned_trim.faa+525888at33208_aligned_trim.faa+556445at33208_aligned_trim.faa+580896at33208_aligned_trim.faa+591316at33208_aligned_trim.faa+608074at33208_aligned_trim.faa+608869at33208_aligned_trim.faa+615531at33208_aligned_trim.faa+616149at33208_aligned_trim.faa with BIC score: 1892728.447 (LnL: -945558.260  df: 157)
Merging 366814at33208_aligned_trim.faa+424392at33208_aligned_trim.faa+465092at33208_aligned_trim.faa+517686at33208_aligned_trim.faa+544849at33208_aligned_trim.faa+576633at33208_aligned_trim.faa with BIC score: 1892705.195 (LnL: -945562.034  df: 154)
 308 LG+I+G4      1892737.829 5.225       109109at33208_aligned_trim.faa+478073at33208_aligned_trim.faa+552764at33208_aligned_trim.faa+606748at33208_aligned_trim.faa+622270at33208_aligned_trim.faa+644034at33208_aligned_trim.faa	0h:1m:32s (0h:23m:23s left)
 309 LG+I+G4      1892807.609 6.443       109109at33208_aligned_trim.faa+430701at33208_aligned_trim.faa+552764at33208_aligned_trim.faa+644034at33208_aligned_trim.faa	0h:1m:33s (0h:23m:31s left)
 310 LG+I+G4      1892740.089 4.852       366814at33208_aligned_trim.faa+424392at33208_aligned_trim.faa+465092at33208_aligned_trim.faa+478073at33208_aligned_trim.faa+517686at33208_aligned_trim.faa+544849at33208_aligned_trim.faa+576633at33208_aligned_trim.faa+606748at33208_aligned_trim.faa+622270at33208_aligned_trim.faa	0h:1m:35s (0h:23m:50s left)
 311 LG+I+G4      1892734.760 12.784      202545at33208_aligned_trim.faa+355739at33208_aligned_trim.faa+430701at33208_aligned_trim.faa+478984at33208_aligned_trim.faa+563426at33208_aligned_trim.faa	0h:1m:36s (0h:24m:1s left)
 312 LG+I+G4      1892828.193 6.184       130245at33208_aligned_trim.faa+274769at33208_aligned_trim.faa+393291at33208_aligned_trim.faa+424569at33208_aligned_trim.faa+478073at33208_aligned_trim.faa+496219at33208_aligned_trim.faa+514740at33208_aligned_trim.faa+596131at33208_aligned_trim.faa+602089at33208_aligned_trim.faa+606748at33208_aligned_trim.faa+622270at33208_aligned_trim.faa	0h:1m:36s (0h:23m:58s left)
 313 LG+I+G4      1892733.512 5.781       109109at33208_aligned_trim.faa+366814at33208_aligned_trim.faa+424392at33208_aligned_trim.faa+465092at33208_aligned_trim.faa+517686at33208_aligned_trim.faa+544849at33208_aligned_trim.faa+552764at33208_aligned_trim.faa+576633at33208_aligned_trim.faa+644034at33208_aligned_trim.faa	0h:1m:37s (0h:24m:10s left)
 314 LG+I+G4      1892778.431 11.344      176247at33208_aligned_trim.faa+202545at33208_aligned_trim.faa+355739at33208_aligned_trim.faa+364383at33208_aligned_trim.faa+415618at33208_aligned_trim.faa+478984at33208_aligned_trim.faa+533690at33208_aligned_trim.faa+556510at33208_aligned_trim.faa+563426at33208_aligned_trim.faa+564286at33208_aligned_trim.faa+581547at33208_aligned_trim.faa+582473at33208_aligned_trim.faa+633619at33208_aligned_trim.faa	0h:1m:41s (0h:25m:7s left)
 315 LG+I+G4      1892720.525 6.249       130245at33208_aligned_trim.faa+274769at33208_aligned_trim.faa+366814at33208_aligned_trim.faa+393291at33208_aligned_trim.faa+424392at33208_aligned_trim.faa+424569at33208_aligned_trim.faa+465092at33208_aligned_trim.faa+496219at33208_aligned_trim.faa+514740at33208_aligned_trim.faa+517686at33208_aligned_trim.faa+544849at33208_aligned_trim.faa+576633at33208_aligned_trim.faa+596131at33208_aligned_trim.faa+602089at33208_aligned_trim.faa	0h:1m:42s (0h:25m:16s left)
 316 LG+I+G4      1892809.655 7.955       130245at33208_aligned_trim.faa+176247at33208_aligned_trim.faa+274769at33208_aligned_trim.faa+364383at33208_aligned_trim.faa+393291at33208_aligned_trim.faa+415618at33208_aligned_trim.faa+424569at33208_aligned_trim.faa+496219at33208_aligned_trim.faa+514740at33208_aligned_trim.faa+533690at33208_aligned_trim.faa+556510at33208_aligned_trim.faa+564286at33208_aligned_trim.faa+581547at33208_aligned_trim.faa+582473at33208_aligned_trim.faa+596131at33208_aligned_trim.faa+602089at33208_aligned_trim.faa+633619at33208_aligned_trim.faa	0h:1m:42s (0h:25m:11s left)
 317 LG+F+I+G4    1892596.898 19.640      123923at33208_aligned_trim.faa+280914at33208_aligned_trim.faa+465651at33208_aligned_trim.faa+486370at33208_aligned_trim.faa+489997at33208_aligned_trim.faa+522988at33208_aligned_trim.faa+535367at33208_aligned_trim.faa+536251at33208_aligned_trim.faa+548327at33208_aligned_trim.faa+567650at33208_aligned_trim.faa+573203at33208_aligned_trim.faa+612825at33208_aligned_trim.faa+619250at33208_aligned_trim.faa	0h:1m:43s (0h:25m:18s left)
 318 LG+I+G4      1892773.779 7.150       308610at33208_aligned_trim.faa+313091at33208_aligned_trim.faa+338191at33208_aligned_trim.faa+359075at33208_aligned_trim.faa+366814at33208_aligned_trim.faa+391896at33208_aligned_trim.faa+424392at33208_aligned_trim.faa+465092at33208_aligned_trim.faa+485003at33208_aligned_trim.faa+517686at33208_aligned_trim.faa+529093at33208_aligned_trim.faa+539043at33208_aligned_trim.faa+544849at33208_aligned_trim.faa+576633at33208_aligned_trim.faa+604943at33208_aligned_trim.faa+631767at33208_aligned_trim.faa	0h:1m:44s (0h:25m:28s left)
 319 LG+I+G4      1892817.791 8.921       308610at33208_aligned_trim.faa+313091at33208_aligned_trim.faa+338191at33208_aligned_trim.faa+348544at33208_aligned_trim.faa+359075at33208_aligned_trim.faa+365323at33208_aligned_trim.faa+391896at33208_aligned_trim.faa+485003at33208_aligned_trim.faa+529093at33208_aligned_trim.faa+539043at33208_aligned_trim.faa+573313at33208_aligned_trim.faa+604943at33208_aligned_trim.faa+609899at33208_aligned_trim.faa+631767at33208_aligned_trim.faa	0h:1m:45s (0h:25m:34s left)
 320 LG+F+I+G4    1892751.505 14.286      207599at33208_aligned_trim.faa+257141at33208_aligned_trim.faa+285966at33208_aligned_trim.faa+348544at33208_aligned_trim.faa+365323at33208_aligned_trim.faa+443305at33208_aligned_trim.faa+446000at33208_aligned_trim.faa+450643at33208_aligned_trim.faa+465401at33208_aligned_trim.faa+495100at33208_aligned_trim.faa+519303at33208_aligned_trim.faa+538442at33208_aligned_trim.faa+556189at33208_aligned_trim.faa+556461at33208_aligned_trim.faa+573313at33208_aligned_trim.faa+592872at33208_aligned_trim.faa+609899at33208_aligned_trim.faa+610541at33208_aligned_trim.faa+617020at33208_aligned_trim.faa+618516at33208_aligned_trim.faa+639252at33208_aligned_trim.faa+649979at33208_aligned_trim.faa+76852at33208_aligned_trim.faa	0h:1m:46s (0h:25m:47s left)
 321 LG+F+I+G4    1892670.215 11.987      139188at33208_aligned_trim.faa+210614at33208_aligned_trim.faa+239016at33208_aligned_trim.faa+281693at33208_aligned_trim.faa+284059at33208_aligned_trim.faa+430701at33208_aligned_trim.faa+435939at33208_aligned_trim.faa+437653at33208_aligned_trim.faa+454911at33208_aligned_trim.faa+455941at33208_aligned_trim.faa+468757at33208_aligned_trim.faa+501546at33208_aligned_trim.faa+518569at33208_aligned_trim.faa+525888at33208_aligned_trim.faa+556445at33208_aligned_trim.faa+580896at33208_aligned_trim.faa+591316at33208_aligned_trim.faa+608074at33208_aligned_trim.faa+608869at33208_aligned_trim.faa+615531at33208_aligned_trim.faa+616149at33208_aligned_trim.faa	0h:1m:50s (0h:26m:38s left)
 322 LG+F+I+G4    1892898.766 11.387      139188at33208_aligned_trim.faa+176247at33208_aligned_trim.faa+210614at33208_aligned_trim.faa+239016at33208_aligned_trim.faa+281693at33208_aligned_trim.faa+284059at33208_aligned_trim.faa+364383at33208_aligned_trim.faa+415618at33208_aligned_trim.faa+435939at33208_aligned_trim.faa+437653at33208_aligned_trim.faa+454911at33208_aligned_trim.faa+455941at33208_aligned_trim.faa+468757at33208_aligned_trim.faa+501546at33208_aligned_trim.faa+518569at33208_aligned_trim.faa+525888at33208_aligned_trim.faa+533690at33208_aligned_trim.faa+556445at33208_aligned_trim.faa+556510at33208_aligned_trim.faa+564286at33208_aligned_trim.faa+580896at33208_aligned_trim.faa+581547at33208_aligned_trim.faa+582473at33208_aligned_trim.faa+591316at33208_aligned_trim.faa+608074at33208_aligned_trim.faa+608869at33208_aligned_trim.faa+615531at33208_aligned_trim.faa+616149at33208_aligned_trim.faa+633619at33208_aligned_trim.faa	0h:1m:51s (0h:26m:46s left)
 323 LG+F+I+G4    1892751.987 11.878      139188at33208_aligned_trim.faa+210614at33208_aligned_trim.faa+239016at33208_aligned_trim.faa+281693at33208_aligned_trim.faa+284059at33208_aligned_trim.faa+348544at33208_aligned_trim.faa+365323at33208_aligned_trim.faa+435939at33208_aligned_trim.faa+437653at33208_aligned_trim.faa+454911at33208_aligned_trim.faa+455941at33208_aligned_trim.faa+468757at33208_aligned_trim.faa+501546at33208_aligned_trim.faa+518569at33208_aligned_trim.faa+525888at33208_aligned_trim.faa+556445at33208_aligned_trim.faa+573313at33208_aligned_trim.faa+580896at33208_aligned_trim.faa+591316at33208_aligned_trim.faa+608074at33208_aligned_trim.faa+608869at33208_aligned_trim.faa+609899at33208_aligned_trim.faa+615531at33208_aligned_trim.faa+616149at33208_aligned_trim.faa	0h:1m:51s (0h:26m:48s left)
 324 LG+F+I+G4    1892775.236 12.277      139188at33208_aligned_trim.faa+202545at33208_aligned_trim.faa+210614at33208_aligned_trim.faa+239016at33208_aligned_trim.faa+281693at33208_aligned_trim.faa+284059at33208_aligned_trim.faa+355739at33208_aligned_trim.faa+435939at33208_aligned_trim.faa+437653at33208_aligned_trim.faa+454911at33208_aligned_trim.faa+455941at33208_aligned_trim.faa+468757at33208_aligned_trim.faa+478984at33208_aligned_trim.faa+501546at33208_aligned_trim.faa+518569at33208_aligned_trim.faa+525888at33208_aligned_trim.faa+556445at33208_aligned_trim.faa+563426at33208_aligned_trim.faa+580896at33208_aligned_trim.faa+591316at33208_aligned_trim.faa+608074at33208_aligned_trim.faa+608869at33208_aligned_trim.faa+615531at33208_aligned_trim.faa+616149at33208_aligned_trim.faa	0h:1m:52s (0h:26m:52s left)
 325 LG+F+I+G4    1892731.953 14.523      202545at33208_aligned_trim.faa+207599at33208_aligned_trim.faa+257141at33208_aligned_trim.faa+285966at33208_aligned_trim.faa+355739at33208_aligned_trim.faa+443305at33208_aligned_trim.faa+446000at33208_aligned_trim.faa+450643at33208_aligned_trim.faa+465401at33208_aligned_trim.faa+478984at33208_aligned_trim.faa+495100at33208_aligned_trim.faa+519303at33208_aligned_trim.faa+538442at33208_aligned_trim.faa+556189at33208_aligned_trim.faa+556461at33208_aligned_trim.faa+563426at33208_aligned_trim.faa+592872at33208_aligned_trim.faa+610541at33208_aligned_trim.faa+617020at33208_aligned_trim.faa+618516at33208_aligned_trim.faa+639252at33208_aligned_trim.faa+649979at33208_aligned_trim.faa+76852at33208_aligned_trim.faa	0h:1m:53s (0h:27m:2s left)
 326 LG+F+I+G4    1892683.358 16.763      123923at33208_aligned_trim.faa+207599at33208_aligned_trim.faa+257141at33208_aligned_trim.faa+280914at33208_aligned_trim.faa+285966at33208_aligned_trim.faa+443305at33208_aligned_trim.faa+446000at33208_aligned_trim.faa+450643at33208_aligned_trim.faa+465401at33208_aligned_trim.faa+486370at33208_aligned_trim.faa+489997at33208_aligned_trim.faa+495100at33208_aligned_trim.faa+519303at33208_aligned_trim.faa+522988at33208_aligned_trim.faa+535367at33208_aligned_trim.faa+536251at33208_aligned_trim.faa+538442at33208_aligned_trim.faa+548327at33208_aligned_trim.faa+556189at33208_aligned_trim.faa+556461at33208_aligned_trim.faa+567650at33208_aligned_trim.faa+573203at33208_aligned_trim.faa+592872at33208_aligned_trim.faa+610541at33208_aligned_trim.faa+612825at33208_aligned_trim.faa+617020at33208_aligned_trim.faa+618516at33208_aligned_trim.faa+619250at33208_aligned_trim.faa+639252at33208_aligned_trim.faa+649979at33208_aligned_trim.faa+76852at33208_aligned_trim.faa	0h:1m:53s (0h:27m:5s left)
 327 LG+F+I+G4    1892801.055 13.492      139188at33208_aligned_trim.faa+207599at33208_aligned_trim.faa+210614at33208_aligned_trim.faa+239016at33208_aligned_trim.faa+257141at33208_aligned_trim.faa+281693at33208_aligned_trim.faa+284059at33208_aligned_trim.faa+285966at33208_aligned_trim.faa+435939at33208_aligned_trim.faa+437653at33208_aligned_trim.faa+443305at33208_aligned_trim.faa+446000at33208_aligned_trim.faa+450643at33208_aligned_trim.faa+454911at33208_aligned_trim.faa+455941at33208_aligned_trim.faa+465401at33208_aligned_trim.faa+468757at33208_aligned_trim.faa+495100at33208_aligned_trim.faa+501546at33208_aligned_trim.faa+518569at33208_aligned_trim.faa+519303at33208_aligned_trim.faa+525888at33208_aligned_trim.faa+538442at33208_aligned_trim.faa+556189at33208_aligned_trim.faa+556445at33208_aligned_trim.faa+556461at33208_aligned_trim.faa+580896at33208_aligned_trim.faa+591316at33208_aligned_trim.faa+592872at33208_aligned_trim.faa+608074at33208_aligned_trim.faa+608869at33208_aligned_trim.faa+610541at33208_aligned_trim.faa+615531at33208_aligned_trim.faa+616149at33208_aligned_trim.faa+617020at33208_aligned_trim.faa+618516at33208_aligned_trim.faa+639252at33208_aligned_trim.faa+649979at33208_aligned_trim.faa+76852at33208_aligned_trim.faa	0h:1m:56s (0h:27m:43s left)
2 compatible better partition pairs found
Merging 123923at33208_aligned_trim.faa+280914at33208_aligned_trim.faa+465651at33208_aligned_trim.faa+486370at33208_aligned_trim.faa+489997at33208_aligned_trim.faa+522988at33208_aligned_trim.faa+535367at33208_aligned_trim.faa+536251at33208_aligned_trim.faa+548327at33208_aligned_trim.faa+567650at33208_aligned_trim.faa+573203at33208_aligned_trim.faa+612825at33208_aligned_trim.faa+619250at33208_aligned_trim.faa with BIC score: 1892596.898 (LnL: -945523.286  df: 151)
Merging 139188at33208_aligned_trim.faa+210614at33208_aligned_trim.faa+239016at33208_aligned_trim.faa+281693at33208_aligned_trim.faa+284059at33208_aligned_trim.faa+430701at33208_aligned_trim.faa+435939at33208_aligned_trim.faa+437653at33208_aligned_trim.faa+454911at33208_aligned_trim.faa+455941at33208_aligned_trim.faa+468757at33208_aligned_trim.faa+501546at33208_aligned_trim.faa+518569at33208_aligned_trim.faa+525888at33208_aligned_trim.faa+556445at33208_aligned_trim.faa+580896at33208_aligned_trim.faa+591316at33208_aligned_trim.faa+608074at33208_aligned_trim.faa+608869at33208_aligned_trim.faa+615531at33208_aligned_trim.faa+616149at33208_aligned_trim.faa with BIC score: 1892561.918 (LnL: -945521.197  df: 148)
 328 LG+I+G4      1892669.599 8.300       109109at33208_aligned_trim.faa+176247at33208_aligned_trim.faa+364383at33208_aligned_trim.faa+415618at33208_aligned_trim.faa+533690at33208_aligned_trim.faa+552764at33208_aligned_trim.faa+556510at33208_aligned_trim.faa+564286at33208_aligned_trim.faa+581547at33208_aligned_trim.faa+582473at33208_aligned_trim.faa+633619at33208_aligned_trim.faa+644034at33208_aligned_trim.faa	0h:2m:4s (0h:29m:26s left)
 329 LG+I+G4      1892799.905 8.517       130245at33208_aligned_trim.faa+274769at33208_aligned_trim.faa+348544at33208_aligned_trim.faa+365323at33208_aligned_trim.faa+393291at33208_aligned_trim.faa+424569at33208_aligned_trim.faa+496219at33208_aligned_trim.faa+514740at33208_aligned_trim.faa+573313at33208_aligned_trim.faa+596131at33208_aligned_trim.faa+602089at33208_aligned_trim.faa+609899at33208_aligned_trim.faa	0h:2m:6s (0h:29m:43s left)
 330 LG+I+G4      1892724.619 7.960       176247at33208_aligned_trim.faa+364383at33208_aligned_trim.faa+366814at33208_aligned_trim.faa+415618at33208_aligned_trim.faa+424392at33208_aligned_trim.faa+465092at33208_aligned_trim.faa+517686at33208_aligned_trim.faa+533690at33208_aligned_trim.faa+544849at33208_aligned_trim.faa+556510at33208_aligned_trim.faa+564286at33208_aligned_trim.faa+576633at33208_aligned_trim.faa+581547at33208_aligned_trim.faa+582473at33208_aligned_trim.faa+633619at33208_aligned_trim.faa	0h:2m:8s (0h:30m:7s left)
 331 LG+F+I+G4    1892824.214 17.893      123923at33208_aligned_trim.faa+202545at33208_aligned_trim.faa+280914at33208_aligned_trim.faa+355739at33208_aligned_trim.faa+465651at33208_aligned_trim.faa+478984at33208_aligned_trim.faa+486370at33208_aligned_trim.faa+489997at33208_aligned_trim.faa+522988at33208_aligned_trim.faa+535367at33208_aligned_trim.faa+536251at33208_aligned_trim.faa+548327at33208_aligned_trim.faa+563426at33208_aligned_trim.faa+567650at33208_aligned_trim.faa+573203at33208_aligned_trim.faa+612825at33208_aligned_trim.faa+619250at33208_aligned_trim.faa	0h:2m:15s (0h:31m:48s left)
 332 LG+F+I+G4    1892573.403 16.941      123923at33208_aligned_trim.faa+207599at33208_aligned_trim.faa+257141at33208_aligned_trim.faa+280914at33208_aligned_trim.faa+285966at33208_aligned_trim.faa+443305at33208_aligned_trim.faa+446000at33208_aligned_trim.faa+450643at33208_aligned_trim.faa+465401at33208_aligned_trim.faa+465651at33208_aligned_trim.faa+486370at33208_aligned_trim.faa+489997at33208_aligned_trim.faa+495100at33208_aligned_trim.faa+519303at33208_aligned_trim.faa+522988at33208_aligned_trim.faa+535367at33208_aligned_trim.faa+536251at33208_aligned_trim.faa+538442at33208_aligned_trim.faa+548327at33208_aligned_trim.faa+556189at33208_aligned_trim.faa+556461at33208_aligned_trim.faa+567650at33208_aligned_trim.faa+573203at33208_aligned_trim.faa+592872at33208_aligned_trim.faa+610541at33208_aligned_trim.faa+612825at33208_aligned_trim.faa+617020at33208_aligned_trim.faa+618516at33208_aligned_trim.faa+619250at33208_aligned_trim.faa+639252at33208_aligned_trim.faa+649979at33208_aligned_trim.faa+76852at33208_aligned_trim.faa	0h:2m:16s (0h:31m:45s left)
 333 LG+F+I+G4    1892640.014 12.245      139188at33208_aligned_trim.faa+202545at33208_aligned_trim.faa+210614at33208_aligned_trim.faa+239016at33208_aligned_trim.faa+281693at33208_aligned_trim.faa+284059at33208_aligned_trim.faa+355739at33208_aligned_trim.faa+430701at33208_aligned_trim.faa+435939at33208_aligned_trim.faa+437653at33208_aligned_trim.faa+454911at33208_aligned_trim.faa+455941at33208_aligned_trim.faa+468757at33208_aligned_trim.faa+478984at33208_aligned_trim.faa+501546at33208_aligned_trim.faa+518569at33208_aligned_trim.faa+525888at33208_aligned_trim.faa+556445at33208_aligned_trim.faa+563426at33208_aligned_trim.faa+580896at33208_aligned_trim.faa+591316at33208_aligned_trim.faa+608074at33208_aligned_trim.faa+608869at33208_aligned_trim.faa+615531at33208_aligned_trim.faa+616149at33208_aligned_trim.faa	0h:2m:18s (0h:32m:6s left)
 334 LG+F+I+G4    1892610.925 11.853      139188at33208_aligned_trim.faa+210614at33208_aligned_trim.faa+239016at33208_aligned_trim.faa+281693at33208_aligned_trim.faa+284059at33208_aligned_trim.faa+348544at33208_aligned_trim.faa+365323at33208_aligned_trim.faa+430701at33208_aligned_trim.faa+435939at33208_aligned_trim.faa+437653at33208_aligned_trim.faa+454911at33208_aligned_trim.faa+455941at33208_aligned_trim.faa+468757at33208_aligned_trim.faa+501546at33208_aligned_trim.faa+518569at33208_aligned_trim.faa+525888at33208_aligned_trim.faa+556445at33208_aligned_trim.faa+573313at33208_aligned_trim.faa+580896at33208_aligned_trim.faa+591316at33208_aligned_trim.faa+608074at33208_aligned_trim.faa+608869at33208_aligned_trim.faa+609899at33208_aligned_trim.faa+615531at33208_aligned_trim.faa+616149at33208_aligned_trim.faa	0h:2m:18s (0h:32m:2s left)
 335 LG+F+I+G4    1892761.818 11.372      139188at33208_aligned_trim.faa+176247at33208_aligned_trim.faa+210614at33208_aligned_trim.faa+239016at33208_aligned_trim.faa+281693at33208_aligned_trim.faa+284059at33208_aligned_trim.faa+364383at33208_aligned_trim.faa+415618at33208_aligned_trim.faa+430701at33208_aligned_trim.faa+435939at33208_aligned_trim.faa+437653at33208_aligned_trim.faa+454911at33208_aligned_trim.faa+455941at33208_aligned_trim.faa+468757at33208_aligned_trim.faa+501546at33208_aligned_trim.faa+518569at33208_aligned_trim.faa+525888at33208_aligned_trim.faa+533690at33208_aligned_trim.faa+556445at33208_aligned_trim.faa+556510at33208_aligned_trim.faa+564286at33208_aligned_trim.faa+580896at33208_aligned_trim.faa+581547at33208_aligned_trim.faa+582473at33208_aligned_trim.faa+591316at33208_aligned_trim.faa+608074at33208_aligned_trim.faa+608869at33208_aligned_trim.faa+615531at33208_aligned_trim.faa+616149at33208_aligned_trim.faa+633619at33208_aligned_trim.faa	0h:2m:22s (0h:32m:50s left)
 336 LG+F+I+G4    1892887.396 13.612      176247at33208_aligned_trim.faa+207599at33208_aligned_trim.faa+257141at33208_aligned_trim.faa+285966at33208_aligned_trim.faa+364383at33208_aligned_trim.faa+415618at33208_aligned_trim.faa+443305at33208_aligned_trim.faa+446000at33208_aligned_trim.faa+450643at33208_aligned_trim.faa+465401at33208_aligned_trim.faa+495100at33208_aligned_trim.faa+519303at33208_aligned_trim.faa+533690at33208_aligned_trim.faa+538442at33208_aligned_trim.faa+556189at33208_aligned_trim.faa+556461at33208_aligned_trim.faa+556510at33208_aligned_trim.faa+564286at33208_aligned_trim.faa+581547at33208_aligned_trim.faa+582473at33208_aligned_trim.faa+592872at33208_aligned_trim.faa+610541at33208_aligned_trim.faa+617020at33208_aligned_trim.faa+618516at33208_aligned_trim.faa+633619at33208_aligned_trim.faa+639252at33208_aligned_trim.faa+649979at33208_aligned_trim.faa+76852at33208_aligned_trim.faa	0h:2m:22s (0h:32m:51s left)
 337 LG+F+I+G4    1892680.574 13.457      139188at33208_aligned_trim.faa+207599at33208_aligned_trim.faa+210614at33208_aligned_trim.faa+239016at33208_aligned_trim.faa+257141at33208_aligned_trim.faa+281693at33208_aligned_trim.faa+284059at33208_aligned_trim.faa+285966at33208_aligned_trim.faa+430701at33208_aligned_trim.faa+435939at33208_aligned_trim.faa+437653at33208_aligned_trim.faa+443305at33208_aligned_trim.faa+446000at33208_aligned_trim.faa+450643at33208_aligned_trim.faa+454911at33208_aligned_trim.faa+455941at33208_aligned_trim.faa+465401at33208_aligned_trim.faa+468757at33208_aligned_trim.faa+495100at33208_aligned_trim.faa+501546at33208_aligned_trim.faa+518569at33208_aligned_trim.faa+519303at33208_aligned_trim.faa+525888at33208_aligned_trim.faa+538442at33208_aligned_trim.faa+556189at33208_aligned_trim.faa+556445at33208_aligned_trim.faa+556461at33208_aligned_trim.faa+580896at33208_aligned_trim.faa+591316at33208_aligned_trim.faa+592872at33208_aligned_trim.faa+608074at33208_aligned_trim.faa+608869at33208_aligned_trim.faa+610541at33208_aligned_trim.faa+615531at33208_aligned_trim.faa+616149at33208_aligned_trim.faa+617020at33208_aligned_trim.faa+618516at33208_aligned_trim.faa+639252at33208_aligned_trim.faa+649979at33208_aligned_trim.faa+76852at33208_aligned_trim.faa	0h:2m:24s (0h:33m:10s left)
 338 LG+F+I+G4    1893243.714 10.680      139188at33208_aligned_trim.faa+210614at33208_aligned_trim.faa+239016at33208_aligned_trim.faa+281693at33208_aligned_trim.faa+284059at33208_aligned_trim.faa+308610at33208_aligned_trim.faa+313091at33208_aligned_trim.faa+338191at33208_aligned_trim.faa+359075at33208_aligned_trim.faa+391896at33208_aligned_trim.faa+430701at33208_aligned_trim.faa+435939at33208_aligned_trim.faa+437653at33208_aligned_trim.faa+454911at33208_aligned_trim.faa+455941at33208_aligned_trim.faa+468757at33208_aligned_trim.faa+485003at33208_aligned_trim.faa+501546at33208_aligned_trim.faa+518569at33208_aligned_trim.faa+525888at33208_aligned_trim.faa+529093at33208_aligned_trim.faa+539043at33208_aligned_trim.faa+556445at33208_aligned_trim.faa+580896at33208_aligned_trim.faa+591316at33208_aligned_trim.faa+604943at33208_aligned_trim.faa+608074at33208_aligned_trim.faa+608869at33208_aligned_trim.faa+615531at33208_aligned_trim.faa+616149at33208_aligned_trim.faa+631767at33208_aligned_trim.faa	0h:2m:27s (0h:33m:46s left)
Agglomerative model selection: ((109109at33208_aligned_trim.faa,(552764at33208_aligned_trim.faa,644034at33208_aligned_trim.faa)7:1.89626e+06)29:1.8957e+06,((((((123923at33208_aligned_trim.faa,((486370at33208_aligned_trim.faa,489997at33208_aligned_trim.faa)13:1.89611e+06,612825at33208_aligned_trim.faa)34:1.89563e+06)36:1.89537e+06,(536251at33208_aligned_trim.faa,548327at33208_aligned_trim.faa)21:1.89591e+06)56:1.8947e+06,280914at33208_aligned_trim.faa)61:1.89438e+06,573203at33208_aligned_trim.faa)73:1.89379e+06,(((522988at33208_aligned_trim.faa,619250at33208_aligned_trim.faa)27:1.89575e+06,567650at33208_aligned_trim.faa)60:1.89447e+06,535367at33208_aligned_trim.faa)76:1.89326e+06)85:1.89284e+06,465651at33208_aligned_trim.faa)88:1.8926e+06,(((130245at33208_aligned_trim.faa,514740at33208_aligned_trim.faa)14:1.89609e+06,(274769at33208_aligned_trim.faa,602089at33208_aligned_trim.faa)45:1.89513e+06)71:1.89401e+06,(((393291at33208_aligned_trim.faa,424569at33208_aligned_trim.faa)18:1.896e+06,596131at33208_aligned_trim.faa)41:1.89521e+06,496219at33208_aligned_trim.faa)68:1.89406e+06)82:1.89316e+06,(((((((139188at33208_aligned_trim.faa,210614at33208_aligned_trim.faa)28:1.89572e+06,(435939at33208_aligned_trim.faa,454911at33208_aligned_trim.faa)4:1.89634e+06)35:1.89549e+06,(437653at33208_aligned_trim.faa,468757at33208_aligned_trim.faa)38:1.8953e+06)49:1.89491e+06,(501546at33208_aligned_trim.faa,((580896at33208_aligned_trim.faa,591316at33208_aligned_trim.faa)3:1.8964e+06,608869at33208_aligned_trim.faa)19:1.89597e+06)40:1.89524e+06)64:1.89417e+06,(((239016at33208_aligned_trim.faa,615531at33208_aligned_trim.faa)16:1.89608e+06,556445at33208_aligned_trim.faa)42:1.89519e+06,(281693at33208_aligned_trim.faa,(525888at33208_aligned_trim.faa,608074at33208_aligned_trim.faa)11:1.89615e+06)47:1.89504e+06)59:1.89457e+06)74:1.89358e+06,(((284059at33208_aligned_trim.faa,616149at33208_aligned_trim.faa)10:1.89617e+06,455941at33208_aligned_trim.faa)25:1.8958e+06,518569at33208_aligned_trim.faa)72:1.894e+06)86:1.89273e+06,430701at33208_aligned_trim.faa)89:1.89256e+06,(((176247at33208_aligned_trim.faa,533690at33208_aligned_trim.faa)23:1.89586e+06,((364383at33208_aligned_trim.faa,415618at33208_aligned_trim.faa)5:1.89632e+06,(556510at33208_aligned_trim.faa,581547at33208_aligned_trim.faa)26:1.89578e+06)39:1.89527e+06)52:1.8948e+06,((564286at33208_aligned_trim.faa,633619at33208_aligned_trim.faa)22:1.89589e+06,582473at33208_aligned_trim.faa)67:1.89408e+06)79:1.89319e+06,((202545at33208_aligned_trim.faa,355739at33208_aligned_trim.faa)54:1.89475e+06,(478984at33208_aligned_trim.faa,563426at33208_aligned_trim.faa)51:1.89483e+06)80:1.89318e+06,((((207599at33208_aligned_trim.faa,(556189at33208_aligned_trim.faa,592872at33208_aligned_trim.faa)6:1.89629e+06)30:1.89568e+06,519303at33208_aligned_trim.faa)63:1.89423e+06,((285966at33208_aligned_trim.faa,(((446000at33208_aligned_trim.faa,465401at33208_aligned_trim.faa)1:1.89659e+06,(610541at33208_aligned_trim.faa,639252at33208_aligned_trim.faa)12:1.89613e+06)33:1.89563e+06,(495100at33208_aligned_trim.faa,(556461at33208_aligned_trim.faa,76852at33208_aligned_trim.faa)15:1.89609e+06)17:1.89603e+06)37:1.89533e+06)50:1.89487e+06,538442at33208_aligned_trim.faa)62:1.8943e+06)75:1.89339e+06,((((257141at33208_aligned_trim.faa,649979at33208_aligned_trim.faa)9:1.8962e+06,617020at33208_aligned_trim.faa)31:1.89565e+06,618516at33208_aligned_trim.faa)48:1.89497e+06,(443305at33208_aligned_trim.faa,450643at33208_aligned_trim.faa)55:1.89472e+06)83:1.89316e+06)84:1.89298e+06,((((((308610at33208_aligned_trim.faa,338191at33208_aligned_trim.faa)8:1.89623e+06,604943at33208_aligned_trim.faa)20:1.89594e+06,359075at33208_aligned_trim.faa)46:1.89511e+06,391896at33208_aligned_trim.faa)57:1.89469e+06,485003at33208_aligned_trim.faa)69:1.89403e+06,((313091at33208_aligned_trim.faa,631767at33208_aligned_trim.faa)53:1.89478e+06,(529093at33208_aligned_trim.faa,539043at33208_aligned_trim.faa)58:1.89469e+06)70:1.89402e+06)81:1.89317e+06,(348544at33208_aligned_trim.faa,((365323at33208_aligned_trim.faa,609899at33208_aligned_trim.faa)2:1.89649e+06,573313at33208_aligned_trim.faa)32:1.89564e+06)44:1.89514e+06,(((366814at33208_aligned_trim.faa,(424392at33208_aligned_trim.faa,465092at33208_aligned_trim.faa)24:1.89583e+06)43:1.89516e+06,544849at33208_aligned_trim.faa)77:1.89323e+06,(517686at33208_aligned_trim.faa,576633at33208_aligned_trim.faa)65:1.89414e+06)87:1.89271e+06,((478073at33208_aligned_trim.faa,622270at33208_aligned_trim.faa)66:1.89411e+06,606748at33208_aligned_trim.faa)78:1.89321e+06)
Merging into 11 partitions...
WARNING: Normalizing state frequencies so that sum of them equals to 1
WARNING: Normalizing state frequencies so that sum of them equals to 1
WARNING: Normalizing state frequencies so that sum of them equals to 1
WARNING: Normalizing state frequencies so that sum of them equals to 1
WARNING: Normalizing state frequencies so that sum of them equals to 1
WARNING: Normalizing state frequencies so that sum of them equals to 1
WARNING: Normalizing state frequencies so that sum of them equals to 1
WARNING: Normalizing state frequencies so that sum of them equals to 1
WARNING: Normalizing state frequencies so that sum of them equals to 1
WARNING: Normalizing state frequencies so that sum of them equals to 1
WARNING: Normalizing state frequencies so that sum of them equals to 1
WARNING: Normalizing state frequencies so that sum of them equals to 1
WARNING: Normalizing state frequencies so that sum of them equals to 1
WARNING: Normalizing state frequencies so that sum of them equals to 1
WARNING: Normalizing state frequencies so that sum of them equals to 1
WARNING: Normalizing state frequencies so that sum of them equals to 1
WARNING: Normalizing state frequencies so that sum of them equals to 1
WARNING: Normalizing state frequencies so that sum of them equals to 1
WARNING: Normalizing state frequencies so that sum of them equals to 1
WARNING: Normalizing state frequencies so that sum of them equals to 1
WARNING: Normalizing state frequencies so that sum of them equals to 1
WARNING: Normalizing state frequencies so that sum of them equals to 1
WARNING: Normalizing state frequencies so that sum of them equals to 1
WARNING: Normalizing state frequencies so that sum of them equals to 1
 339 Q.insect+R5  463060.084  139188at33208_aligned_trim.faa+210614at33208_aligned_trim.faa+239016at33208_aligned_trim.faa+281693at33208_aligned_trim.faa+284059at33208_aligned_trim.faa+430701at33208_aligned_trim.faa+435939at33208_aligned_trim.faa+437653at33208_aligned_trim.faa+454911at33208_aligned_trim.faa+455941at33208_aligned_trim.faa+468757at33208_aligned_trim.faa+501546at33208_aligned_trim.faa+518569at33208_aligned_trim.faa+525888at33208_aligned_trim.faa+556445at33208_aligned_trim.faa+580896at33208_aligned_trim.faa+591316at33208_aligned_trim.faa+608074at33208_aligned_trim.faa+608869at33208_aligned_trim.faa+615531at33208_aligned_trim.faa+616149at33208_aligned_trim.faa	1h:6m:25s (15h:8m:36s left)
WARNING: Normalizing state frequencies so that sum of them equals to 1
WARNING: Normalizing state frequencies so that sum of them equals to 1
WARNING: Normalizing state frequencies so that sum of them equals to 1
WARNING: Normalizing state frequencies so that sum of them equals to 1
WARNING: Normalizing state frequencies so that sum of them equals to 1
WARNING: Normalizing state frequencies so that sum of them equals to 1
WARNING: Normalizing state frequencies so that sum of them equals to 1
WARNING: Normalizing state frequencies so that sum of them equals to 1
WARNING: Normalizing state frequencies so that sum of them equals to 1
WARNING: Normalizing state frequencies so that sum of them equals to 1
WARNING: Normalizing state frequencies so that sum of them equals to 1
WARNING: Normalizing state frequencies so that sum of them equals to 1
WARNING: Normalizing state frequencies so that sum of them equals to 1
WARNING: Normalizing state frequencies so that sum of them equals to 1
WARNING: Normalizing state frequencies so that sum of them equals to 1
WARNING: Normalizing state frequencies so that sum of them equals to 1
WARNING: Normalizing state frequencies so that sum of them equals to 1
WARNING: Normalizing state frequencies so that sum of them equals to 1
WARNING: Normalizing state frequencies so that sum of them equals to 1
WARNING: Normalizing state frequencies so that sum of them equals to 1
WARNING: Normalizing state frequencies so that sum of them equals to 1
WARNING: Normalizing state frequencies so that sum of them equals to 1
WARNING: Normalizing state frequencies so that sum of them equals to 1
WARNING: Normalizing state frequencies so that sum of them equals to 1
 340 Q.insect+R5  435244.102  207599at33208_aligned_trim.faa+257141at33208_aligned_trim.faa+285966at33208_aligned_trim.faa+443305at33208_aligned_trim.faa+446000at33208_aligned_trim.faa+450643at33208_aligned_trim.faa+465401at33208_aligned_trim.faa+495100at33208_aligned_trim.faa+519303at33208_aligned_trim.faa+538442at33208_aligned_trim.faa+556189at33208_aligned_trim.faa+556461at33208_aligned_trim.faa+592872at33208_aligned_trim.faa+610541at33208_aligned_trim.faa+617020at33208_aligned_trim.faa+618516at33208_aligned_trim.faa+639252at33208_aligned_trim.faa+649979at33208_aligned_trim.faa+76852at33208_aligned_trim.faa	1h:53m:2s (25h:41m:24s left)
WARNING: Normalizing state frequencies so that sum of them equals to 1
WARNING: Normalizing state frequencies so that sum of them equals to 1
WARNING: Normalizing state frequencies so that sum of them equals to 1
WARNING: Normalizing state frequencies so that sum of them equals to 1
WARNING: Normalizing state frequencies so that sum of them equals to 1
WARNING: Normalizing state frequencies so that sum of them equals to 1
WARNING: Normalizing state frequencies so that sum of them equals to 1
WARNING: Normalizing state frequencies so that sum of them equals to 1
WARNING: Normalizing state frequencies so that sum of them equals to 1
WARNING: Normalizing state frequencies so that sum of them equals to 1
WARNING: Normalizing state frequencies so that sum of them equals to 1
WARNING: Normalizing state frequencies so that sum of them equals to 1
WARNING: Normalizing state frequencies so that sum of them equals to 1
WARNING: Normalizing state frequencies so that sum of them equals to 1
WARNING: Normalizing state frequencies so that sum of them equals to 1
WARNING: Normalizing state frequencies so that sum of them equals to 1
WARNING: Normalizing state frequencies so that sum of them equals to 1
WARNING: Normalizing state frequencies so that sum of them equals to 1
WARNING: Normalizing state frequencies so that sum of them equals to 1
WARNING: Normalizing state frequencies so that sum of them equals to 1
WARNING: Normalizing state frequencies so that sum of them equals to 1
WARNING: Normalizing state frequencies so that sum of them equals to 1
WARNING: Normalizing state frequencies so that sum of them equals to 1
WARNING: Normalizing state frequencies so that sum of them equals to 1
WARNING: Normalizing state frequencies so that sum of them equals to 1
WARNING: Normalizing state frequencies so that sum of them equals to 1
WARNING: Normalizing state frequencies so that sum of them equals to 1
WARNING: Normalizing state frequencies so that sum of them equals to 1
WARNING: Normalizing state frequencies so that sum of them equals to 1
WARNING: Normalizing state frequencies so that sum of them equals to 1
WARNING: Normalizing state frequencies so that sum of them equals to 1
WARNING: Normalizing state frequencies so that sum of them equals to 1
WARNING: Normalizing state frequencies so that sum of them equals to 1
WARNING: Normalizing state frequencies so that sum of them equals to 1
WARNING: Normalizing state frequencies so that sum of them equals to 1
WARNING: Normalizing state frequencies so that sum of them equals to 1
WARNING: Normalizing state frequencies so that sum of them equals to 1
WARNING: Normalizing state frequencies so that sum of them equals to 1
WARNING: Normalizing state frequencies so that sum of them equals to 1
WARNING: Normalizing state frequencies so that sum of them equals to 1
WARNING: Normalizing state frequencies so that sum of them equals to 1
WARNING: Normalizing state frequencies so that sum of them equals to 1
WARNING: Normalizing state frequencies so that sum of them equals to 1
WARNING: Normalizing state frequencies so that sum of them equals to 1
WARNING: Normalizing state frequencies so that sum of them equals to 1
WARNING: Normalizing state frequencies so that sum of them equals to 1
WARNING: Normalizing state frequencies so that sum of them equals to 1
WARNING: Normalizing state frequencies so that sum of them equals to 1
 341 LG+F+R6      361668.038  123923at33208_aligned_trim.faa+280914at33208_aligned_trim.faa+465651at33208_aligned_trim.faa+486370at33208_aligned_trim.faa+489997at33208_aligned_trim.faa+522988at33208_aligned_trim.faa+535367at33208_aligned_trim.faa+536251at33208_aligned_trim.faa+548327at33208_aligned_trim.faa+567650at33208_aligned_trim.faa+573203at33208_aligned_trim.faa+612825at33208_aligned_trim.faa+619250at33208_aligned_trim.faa	3h:43m:6s (50h:32m:36s left)
WARNING: Normalizing state frequencies so that sum of them equals to 1
WARNING: Normalizing state frequencies so that sum of them equals to 1
WARNING: Normalizing state frequencies so that sum of them equals to 1
WARNING: Normalizing state frequencies so that sum of them equals to 1
WARNING: Normalizing state frequencies so that sum of them equals to 1
WARNING: Normalizing state frequencies so that sum of them equals to 1
WARNING: Normalizing state frequencies so that sum of them equals to 1
WARNING: Normalizing state frequencies so that sum of them equals to 1
WARNING: Normalizing state frequencies so that sum of them equals to 1
WARNING: Normalizing state frequencies so that sum of them equals to 1
WARNING: Normalizing state frequencies so that sum of them equals to 1
WARNING: Normalizing state frequencies so that sum of them equals to 1
WARNING: Normalizing state frequencies so that sum of them equals to 1
WARNING: Normalizing state frequencies so that sum of them equals to 1
WARNING: Normalizing state frequencies so that sum of them equals to 1
WARNING: Normalizing state frequencies so that sum of them equals to 1
WARNING: Normalizing state frequencies so that sum of them equals to 1
WARNING: Normalizing state frequencies so that sum of them equals to 1
WARNING: Normalizing state frequencies so that sum of them equals to 1
WARNING: Normalizing state frequencies so that sum of them equals to 1
WARNING: Normalizing state frequencies so that sum of them equals to 1
WARNING: Normalizing state frequencies so that sum of them equals to 1
WARNING: Normalizing state frequencies so that sum of them equals to 1
WARNING: Normalizing state frequencies so that sum of them equals to 1
 342 Q.insect+I+I+R4 139531.385  308610at33208_aligned_trim.faa+313091at33208_aligned_trim.faa+338191at33208_aligned_trim.faa+359075at33208_aligned_trim.faa+391896at33208_aligned_trim.faa+485003at33208_aligned_trim.faa+529093at33208_aligned_trim.faa+539043at33208_aligned_trim.faa+604943at33208_aligned_trim.faa+631767at33208_aligned_trim.faa	3h:57m:53s (53h:43m:27s left)
WARNING: Normalizing state frequencies so that sum of them equals to 1
WARNING: Normalizing state frequencies so that sum of them equals to 1
WARNING: Normalizing state frequencies so that sum of them equals to 1
WARNING: Normalizing state frequencies so that sum of them equals to 1
WARNING: Normalizing state frequencies so that sum of them equals to 1
WARNING: Normalizing state frequencies so that sum of them equals to 1
WARNING: Normalizing state frequencies so that sum of them equals to 1
WARNING: Normalizing state frequencies so that sum of them equals to 1
WARNING: Normalizing state frequencies so that sum of them equals to 1
WARNING: Normalizing state frequencies so that sum of them equals to 1
WARNING: Normalizing state frequencies so that sum of them equals to 1
WARNING: Normalizing state frequencies so that sum of them equals to 1
WARNING: Normalizing state frequencies so that sum of them equals to 1
WARNING: Normalizing state frequencies so that sum of them equals to 1
WARNING: Normalizing state frequencies so that sum of them equals to 1
WARNING: Normalizing state frequencies so that sum of them equals to 1
WARNING: Normalizing state frequencies so that sum of them equals to 1
WARNING: Normalizing state frequencies so that sum of them equals to 1
WARNING: Normalizing state frequencies so that sum of them equals to 1
WARNING: Normalizing state frequencies so that sum of them equals to 1
WARNING: Normalizing state frequencies so that sum of them equals to 1
WARNING: Normalizing state frequencies so that sum of them equals to 1
WARNING: Normalizing state frequencies so that sum of them equals to 1
WARNING: Normalizing state frequencies so that sum of them equals to 1
 343 Q.insect+I+I+R4 109232.843  130245at33208_aligned_trim.faa+274769at33208_aligned_trim.faa+393291at33208_aligned_trim.faa+424569at33208_aligned_trim.faa+496219at33208_aligned_trim.faa+514740at33208_aligned_trim.faa+596131at33208_aligned_trim.faa+602089at33208_aligned_trim.faa	4h:9m:7s (56h:4m:56s left)
WARNING: Normalizing state frequencies so that sum of them equals to 1
WARNING: Normalizing state frequencies so that sum of them equals to 1
WARNING: Normalizing state frequencies so that sum of them equals to 1
WARNING: Normalizing state frequencies so that sum of them equals to 1
WARNING: Normalizing state frequencies so that sum of them equals to 1
WARNING: Normalizing state frequencies so that sum of them equals to 1
WARNING: Normalizing state frequencies so that sum of them equals to 1
WARNING: Normalizing state frequencies so that sum of them equals to 1
WARNING: Normalizing state frequencies so that sum of them equals to 1
WARNING: Normalizing state frequencies so that sum of them equals to 1
WARNING: Normalizing state frequencies so that sum of them equals to 1
WARNING: Normalizing state frequencies so that sum of them equals to 1
WARNING: Normalizing state frequencies so that sum of them equals to 1
WARNING: Normalizing state frequencies so that sum of them equals to 1
WARNING: Normalizing state frequencies so that sum of them equals to 1
WARNING: Normalizing state frequencies so that sum of them equals to 1
WARNING: Normalizing state frequencies so that sum of them equals to 1
WARNING: Normalizing state frequencies so that sum of them equals to 1
WARNING: Normalizing state frequencies so that sum of them equals to 1
WARNING: Normalizing state frequencies so that sum of them equals to 1
WARNING: Normalizing state frequencies so that sum of them equals to 1
WARNING: Normalizing state frequencies so that sum of them equals to 1
WARNING: Normalizing state frequencies so that sum of them equals to 1
WARNING: Normalizing state frequencies so that sum of them equals to 1
WARNING: Normalizing state frequencies so that sum of them equals to 1
WARNING: Normalizing state frequencies so that sum of them equals to 1
WARNING: Normalizing state frequencies so that sum of them equals to 1
WARNING: Normalizing state frequencies so that sum of them equals to 1
WARNING: Normalizing state frequencies so that sum of them equals to 1
WARNING: Normalizing state frequencies so that sum of them equals to 1
WARNING: Normalizing state frequencies so that sum of them equals to 1
WARNING: Normalizing state frequencies so that sum of them equals to 1
WARNING: Normalizing state frequencies so that sum of them equals to 1
WARNING: Normalizing state frequencies so that sum of them equals to 1
WARNING: Normalizing state frequencies so that sum of them equals to 1
WARNING: Normalizing state frequencies so that sum of them equals to 1
 344 Q.insect+I+I+R4 98139.862   176247at33208_aligned_trim.faa+364383at33208_aligned_trim.faa+415618at33208_aligned_trim.faa+533690at33208_aligned_trim.faa+556510at33208_aligned_trim.faa+564286at33208_aligned_trim.faa+581547at33208_aligned_trim.faa+582473at33208_aligned_trim.faa+633619at33208_aligned_trim.faa	4h:25m:9s (59h:30m:17s left)
WARNING: Normalizing state frequencies so that sum of them equals to 1
WARNING: Normalizing state frequencies so that sum of them equals to 1
WARNING: Normalizing state frequencies so that sum of them equals to 1
WARNING: Normalizing state frequencies so that sum of them equals to 1
WARNING: Normalizing state frequencies so that sum of them equals to 1
WARNING: Normalizing state frequencies so that sum of them equals to 1
WARNING: Normalizing state frequencies so that sum of them equals to 1
WARNING: Normalizing state frequencies so that sum of them equals to 1
WARNING: Normalizing state frequencies so that sum of them equals to 1
WARNING: Normalizing state frequencies so that sum of them equals to 1
WARNING: Normalizing state frequencies so that sum of them equals to 1
WARNING: Normalizing state frequencies so that sum of them equals to 1
 345 Q.insect+I+G4 98986.919   202545at33208_aligned_trim.faa+355739at33208_aligned_trim.faa+478984at33208_aligned_trim.faa+563426at33208_aligned_trim.faa	4h:26m:49s (59h:41m:44s left)
WARNING: Normalizing state frequencies so that sum of them equals to 1
WARNING: Normalizing state frequencies so that sum of them equals to 1
WARNING: Normalizing state frequencies so that sum of them equals to 1
WARNING: Normalizing state frequencies so that sum of them equals to 1
WARNING: Normalizing state frequencies so that sum of them equals to 1
WARNING: Normalizing state frequencies so that sum of them equals to 1
WARNING: Normalizing state frequencies so that sum of them equals to 1
WARNING: Normalizing state frequencies so that sum of them equals to 1
WARNING: Normalizing state frequencies so that sum of them equals to 1
WARNING: Normalizing state frequencies so that sum of them equals to 1
WARNING: Normalizing state frequencies so that sum of them equals to 1
WARNING: Normalizing state frequencies so that sum of them equals to 1
WARNING: Normalizing state frequencies so that sum of them equals to 1
WARNING: Normalizing state frequencies so that sum of them equals to 1
WARNING: Normalizing state frequencies so that sum of them equals to 1
WARNING: Normalizing state frequencies so that sum of them equals to 1
WARNING: Normalizing state frequencies so that sum of them equals to 1
WARNING: Normalizing state frequencies so that sum of them equals to 1
WARNING: Normalizing state frequencies so that sum of them equals to 1
WARNING: Normalizing state frequencies so that sum of them equals to 1
WARNING: Normalizing state frequencies so that sum of them equals to 1
WARNING: Normalizing state frequencies so that sum of them equals to 1
WARNING: Normalizing state frequencies so that sum of them equals to 1
WARNING: Normalizing state frequencies so that sum of them equals to 1
 346 Q.insect+R4  53388.287   366814at33208_aligned_trim.faa+424392at33208_aligned_trim.faa+465092at33208_aligned_trim.faa+517686at33208_aligned_trim.faa+544849at33208_aligned_trim.faa+576633at33208_aligned_trim.faa	4h:38m:31s (62h:7m:8s left)
WARNING: Normalizing state frequencies so that sum of them equals to 1
WARNING: Normalizing state frequencies so that sum of them equals to 1
WARNING: Normalizing state frequencies so that sum of them equals to 1
WARNING: Normalizing state frequencies so that sum of them equals to 1
WARNING: Normalizing state frequencies so that sum of them equals to 1
WARNING: Normalizing state frequencies so that sum of them equals to 1
WARNING: Normalizing state frequencies so that sum of them equals to 1
WARNING: Normalizing state frequencies so that sum of them equals to 1
WARNING: Normalizing state frequencies so that sum of them equals to 1
WARNING: Normalizing state frequencies so that sum of them equals to 1
WARNING: Normalizing state frequencies so that sum of them equals to 1
WARNING: Normalizing state frequencies so that sum of them equals to 1
 347 Q.insect+I+G4 77330.270   348544at33208_aligned_trim.faa+365323at33208_aligned_trim.faa+573313at33208_aligned_trim.faa+609899at33208_aligned_trim.faa	4h:39m:31s (62h:8m:47s left)
WARNING: Normalizing state frequencies so that sum of them equals to 1
WARNING: Normalizing state frequencies so that sum of them equals to 1
WARNING: Normalizing state frequencies so that sum of them equals to 1
WARNING: Normalizing state frequencies so that sum of them equals to 1
WARNING: Normalizing state frequencies so that sum of them equals to 1
WARNING: Normalizing state frequencies so that sum of them equals to 1
WARNING: Normalizing state frequencies so that sum of them equals to 1
WARNING: Normalizing state frequencies so that sum of them equals to 1
WARNING: Normalizing state frequencies so that sum of them equals to 1
WARNING: Normalizing state frequencies so that sum of them equals to 1
WARNING: Normalizing state frequencies so that sum of them equals to 1
WARNING: Normalizing state frequencies so that sum of them equals to 1
WARNING: Normalizing state frequencies so that sum of them equals to 1
WARNING: Normalizing state frequencies so that sum of them equals to 1
WARNING: Normalizing state frequencies so that sum of them equals to 1
WARNING: Normalizing state frequencies so that sum of them equals to 1
WARNING: Normalizing state frequencies so that sum of them equals to 1
WARNING: Normalizing state frequencies so that sum of them equals to 1
WARNING: Normalizing state frequencies so that sum of them equals to 1
WARNING: Normalizing state frequencies so that sum of them equals to 1
WARNING: Normalizing state frequencies so that sum of them equals to 1
WARNING: Normalizing state frequencies so that sum of them equals to 1
WARNING: Normalizing state frequencies so that sum of them equals to 1
WARNING: Normalizing state frequencies so that sum of them equals to 1
 348 Q.insect+R4  37059.742   109109at33208_aligned_trim.faa+552764at33208_aligned_trim.faa+644034at33208_aligned_trim.faa	4h:48m:27s (63h:56m:5s left)
WARNING: Normalizing state frequencies so that sum of them equals to 1
WARNING: Normalizing state frequencies so that sum of them equals to 1
WARNING: Normalizing state frequencies so that sum of them equals to 1
WARNING: Normalizing state frequencies so that sum of them equals to 1
WARNING: Normalizing state frequencies so that sum of them equals to 1
WARNING: Normalizing state frequencies so that sum of them equals to 1
WARNING: Normalizing state frequencies so that sum of them equals to 1
WARNING: Normalizing state frequencies so that sum of them equals to 1
WARNING: Normalizing state frequencies so that sum of them equals to 1
WARNING: Normalizing state frequencies so that sum of them equals to 1
WARNING: Normalizing state frequencies so that sum of them equals to 1
WARNING: Normalizing state frequencies so that sum of them equals to 1
WARNING: Normalizing state frequencies so that sum of them equals to 1
WARNING: Normalizing state frequencies so that sum of them equals to 1
WARNING: Normalizing state frequencies so that sum of them equals to 1
WARNING: Normalizing state frequencies so that sum of them equals to 1
WARNING: Normalizing state frequencies so that sum of them equals to 1
WARNING: Normalizing state frequencies so that sum of them equals to 1
WARNING: Normalizing state frequencies so that sum of them equals to 1
WARNING: Normalizing state frequencies so that sum of them equals to 1
WARNING: Normalizing state frequencies so that sum of them equals to 1
WARNING: Normalizing state frequencies so that sum of them equals to 1
WARNING: Normalizing state frequencies so that sum of them equals to 1
WARNING: Normalizing state frequencies so that sum of them equals to 1
WARNING: Normalizing state frequencies so that sum of them equals to 1
WARNING: Normalizing state frequencies so that sum of them equals to 1
WARNING: Normalizing state frequencies so that sum of them equals to 1
WARNING: Normalizing state frequencies so that sum of them equals to 1
WARNING: Normalizing state frequencies so that sum of them equals to 1
WARNING: Normalizing state frequencies so that sum of them equals to 1
WARNING: Normalizing state frequencies so that sum of them equals to 1
WARNING: Normalizing state frequencies so that sum of them equals to 1
WARNING: Normalizing state frequencies so that sum of them equals to 1
WARNING: Normalizing state frequencies so that sum of them equals to 1
WARNING: Normalizing state frequencies so that sum of them equals to 1
WARNING: Normalizing state frequencies so that sum of them equals to 1
 349 Q.insect+I+G4 14095.693   478073at33208_aligned_trim.faa+606748at33208_aligned_trim.faa+622270at33208_aligned_trim.faa	4h:53m:20s (64h:48m:59s left)
Best partition model BIC score: 1888555.112 (LnL: -943492.127  df:153)
Partition information was printed to 03_ML_1/MLtree.best_scheme.nex
Partition information in Raxml format was printed to 03_ML_1/MLtree.best_scheme

All model information printed to 03_ML_1/MLtree.model.gz
CPU time for ModelFinder: 126749.914 seconds (35h:12m:29s)
Wall-clock time for ModelFinder: 17774.755 seconds (4h:56m:14s)

---> START RUN NUMBER 1 (seed: 193268)

Create initial parsimony tree by phylogenetic likelihood library (PLL)... 0.262 seconds
Generating 1000 samples for ultrafast bootstrap (seed: 193268)...

NOTE: 728 MB RAM (0 GB) is required!
Measuring multi-threading efficiency up to 32 CPU cores
10 trees examined
Threads: 1 / Time: 35.091 sec / Speedup: 1.000 / Efficiency: 100% / LogL: -1059029
Threads: 2 / Time: 17.699 sec / Speedup: 1.983 / Efficiency: 99% / LogL: -1059029
Threads: 3 / Time: 12.773 sec / Speedup: 2.747 / Efficiency: 92% / LogL: -1059029
Threads: 4 / Time: 9.983 sec / Speedup: 3.515 / Efficiency: 88% / LogL: -1059029
Threads: 5 / Time: 10.129 sec / Speedup: 3.464 / Efficiency: 69% / LogL: -1059029
Threads: 6 / Time: 10.214 sec / Speedup: 3.436 / Efficiency: 57% / LogL: -1059029
Threads: 7 / Time: 10.668 sec / Speedup: 3.289 / Efficiency: 47% / LogL: -1059029
Determining AUTO threadcount: done in 106.911 secs using 274.7% CPU
BEST NUMBER OF THREADS: 4

Estimate model parameters (epsilon = 0.100)
Initial log-likelihood: -962789.371
Current log-likelihood at step 1: -944634.221
Current log-likelihood at step 2: -943959.661
Current log-likelihood at step 3: -943845.267
Current log-likelihood at step 4: -943799.713
Current log-likelihood at step 5: -943774.926
Current log-likelihood at step 6: -943758.535
Current log-likelihood at step 7: -943746.845
Current log-likelihood at step 8: -943738.022
Current log-likelihood at step 9: -943730.923
Current log-likelihood at step 10: -943724.883
Current log-likelihood at step 11: -943719.582
Current log-likelihood at step 12: -943714.877
Current log-likelihood at step 13: -943710.650
Current log-likelihood at step 14: -943706.862
Current log-likelihood at step 15: -943703.439
Current log-likelihood at step 16: -943700.394
Current log-likelihood at step 17: -943697.620
Current log-likelihood at step 18: -943695.181
Current log-likelihood at step 19: -943693.008
Current log-likelihood at step 20: -943691.057
Current log-likelihood at step 21: -943689.284
Current log-likelihood at step 22: -943687.646
Current log-likelihood at step 23: -943686.082
Current log-likelihood at step 24: -943684.633
Current log-likelihood at step 25: -943683.247
Current log-likelihood at step 26: -943681.919
Current log-likelihood at step 27: -943680.636
Current log-likelihood at step 28: -943679.411
Current log-likelihood at step 29: -943678.217
Current log-likelihood at step 30: -943677.081
Current log-likelihood at step 31: -943676.014
Current log-likelihood at step 32: -943675.045
Current log-likelihood at step 33: -943674.158
Current log-likelihood at step 34: -943673.356
Current log-likelihood at step 35: -943672.644
Current log-likelihood at step 36: -943672.037
Current log-likelihood at step 37: -943671.527
Current log-likelihood at step 38: -943671.108
Current log-likelihood at step 39: -943670.765
Current log-likelihood at step 40: -943670.493
Current log-likelihood at step 41: -943670.263
Current log-likelihood at step 42: -943670.093
Current log-likelihood at step 43: -943669.937
Current log-likelihood at step 44: -943669.817
Current log-likelihood at step 45: -943669.716
Current log-likelihood at step 46: -943669.624
Partition-specific rates:  0.443 1.605 0.521 0.972 0.737 1.099 1.281 0.600 0.939 0.405 0.267
Parameters optimization took 45 rounds (412.723 sec)

Wrote distance file to... 
Computing ML distances based on estimated model parameters...
Calculating distance matrix: done in 0.000103676 secs using 422.5% CPU
Computing ML distances took 0.000226 sec (of wall-clock time) 0.000552 sec (of CPU time)
Setting up auxiliary I and S matrices: done in 0.000336806 secs using 239.9% CPU
Constructing RapidNJ tree: done in 0.00729856 secs using 13.51% CPU
Computing RapidNJ tree took 0.007730 sec (of wall-clock time) 0.001847 sec (of CPU time)
Log-likelihood of RapidNJ tree: -1058975.331
--------------------------------------------------------------------
|             INITIALIZING CANDIDATE TREE SET                      |
--------------------------------------------------------------------
Generating 98 parsimony trees... 24.810 second
Computing log-likelihood of 98 initial trees ... 91.112 seconds
Current best score: -943669.624

Do NNI search on 20 best initial trees
Optimizing NNI: done in 7.30131 secs using 396.8% CPU
Estimate model parameters (epsilon = 0.100)
Initial log-likelihood: -943483.803
Current log-likelihood at step 1: -943482.188
Current log-likelihood at step 2: -943482.077
Current log-likelihood at step 3: -943481.985
Parameters optimization took 2 rounds (26.727 sec)

BETTER TREE FOUND at iteration 1: -943481.985
Optimizing NNI: done in 13.3134 secs using 398% CPU
Optimizing NNI: done in 17.858 secs using 398% CPU
Optimizing NNI: done in 11.1112 secs using 397.8% CPU
Optimizing NNI: done in 16.4211 secs using 398% CPU
Optimizing NNI: done in 12.3309 secs using 397.9% CPU
Optimizing NNI: done in 16.1197 secs using 397.9% CPU
Optimizing NNI: done in 15.6413 secs using 397.8% CPU
Optimizing NNI: done in 21.2459 secs using 397.9% CPU
Optimizing NNI: done in 14.0843 secs using 398% CPU
Iteration 10 / LogL: -943610.695 / Time: 0h:13m:46s
Optimizing NNI: done in 16.9992 secs using 397.9% CPU
Optimizing NNI: done in 13.4492 secs using 398.3% CPU
Optimizing NNI: done in 16.9318 secs using 397.7% CPU
Optimizing NNI: done in 16.3169 secs using 396.7% CPU
Optimizing NNI: done in 17.1589 secs using 398.2% CPU
Optimizing NNI: done in 15.6467 secs using 397.3% CPU
Optimizing NNI: done in 16.6595 secs using 396.2% CPU
Optimizing NNI: done in 16.1913 secs using 396.2% CPU
Optimizing NNI: done in 17.461 secs using 396.8% CPU
Optimizing NNI: done in 16.3538 secs using 398.5% CPU
Iteration 20 / LogL: -943497.293 / Time: 0h:16m:30s
Finish initializing candidate tree set (1)
Current best tree score: -943481.985 / CPU time: 454.785
Number of iterations: 20
--------------------------------------------------------------------
|               OPTIMIZING CANDIDATE TREE SET                      |
--------------------------------------------------------------------
Optimizing NNI: done in 16.0044 secs using 398.1% CPU
Optimizing NNI: done in 13.9993 secs using 395.9% CPU
Optimizing NNI: done in 14.2671 secs using 397.1% CPU
Optimizing NNI: done in 16.1786 secs using 398% CPU
Optimizing NNI: done in 18.5786 secs using 396.5% CPU
Optimizing NNI: done in 14.7728 secs using 398.2% CPU
Optimizing NNI: done in 16.6191 secs using 396.6% CPU
Optimizing NNI: done in 17.7847 secs using 398% CPU
Optimizing NNI: done in 15.5884 secs using 397.5% CPU
Optimizing NNI: done in 19.3139 secs using 397.4% CPU
Iteration 30 / LogL: -943483.989 / Time: 0h:19m:15s (5h:12m:33s left)
Optimizing NNI: done in 19.416 secs using 397% CPU
Optimizing NNI: done in 15.9081 secs using 397.2% CPU
Optimizing NNI: done in 20.5357 secs using 396.2% CPU
Optimizing NNI: done in 21.3071 secs using 397.5% CPU
Optimizing NNI: done in 15.5051 secs using 397.5% CPU
Optimizing NNI: done in 16.8638 secs using 397.9% CPU
Optimizing NNI: done in 12.4211 secs using 397.8% CPU
Optimizing NNI: done in 15.3347 secs using 397.7% CPU
Optimizing NNI: done in 16.135 secs using 396.7% CPU
Optimizing NNI: done in 14.2899 secs using 397.2% CPU
Iteration 40 / LogL: -943484.714 / Time: 0h:22m:5s (4h:20m:52s left)
Optimizing NNI: done in 19.612 secs using 397.5% CPU
Optimizing NNI: done in 11.9363 secs using 397.7% CPU
Optimizing NNI: done in 22.6503 secs using 396.7% CPU
Optimizing NNI: done in 24.394 secs using 396.8% CPU
Optimizing NNI: done in 18.7384 secs using 396.4% CPU
Optimizing NNI: done in 11.7524 secs using 397.9% CPU
Optimizing NNI: done in 15.1033 secs using 396.8% CPU
Optimizing NNI: done in 17.9186 secs using 396.4% CPU
Optimizing NNI: done in 14.6285 secs using 397.9% CPU
Optimizing NNI: done in 14.3471 secs using 396.8% CPU
Iteration 50 / LogL: -943482.263 / Time: 0h:24m:58s (3h:49m:38s left)
Log-likelihood cutoff on original alignment: -943525.959
Optimizing NNI: done in 14.9746 secs using 398% CPU
Optimizing NNI: done in 13.5838 secs using 398.1% CPU
Optimizing NNI: done in 12.9083 secs using 398.3% CPU
Optimizing NNI: done in 17.3863 secs using 397.7% CPU
Optimizing NNI: done in 18.1941 secs using 397.3% CPU
Optimizing NNI: done in 20.4328 secs using 398.2% CPU
Optimizing NNI: done in 18.4003 secs using 397.7% CPU
Optimizing NNI: done in 22.3384 secs using 397.2% CPU
Optimizing NNI: done in 18.8701 secs using 398.1% CPU
Optimizing NNI: done in 13.184 secs using 398.2% CPU
Iteration 60 / LogL: -943483.774 / Time: 0h:27m:50s (3h:27m:56s left)
Optimizing NNI: done in 18.1885 secs using 397.1% CPU
Optimizing NNI: done in 18.9935 secs using 397.1% CPU
Optimizing NNI: done in 19.1473 secs using 397.9% CPU
Optimizing NNI: done in 16.3624 secs using 398% CPU
Optimizing NNI: done in 17.3851 secs using 397.9% CPU
Optimizing NNI: done in 18.3983 secs using 397.6% CPU
Optimizing NNI: done in 17.7055 secs using 398% CPU
Optimizing NNI: done in 16.1774 secs using 396.8% CPU
Optimizing NNI: done in 17.0392 secs using 396% CPU
Optimizing NNI: done in 16.8296 secs using 396.3% CPU
Iteration 70 / LogL: -943483.698 / Time: 0h:30m:48s (3h:12m:18s left)
Optimizing NNI: done in 15.7998 secs using 396.3% CPU
Optimizing NNI: done in 18.335 secs using 395.7% CPU
Optimizing NNI: done in 15.1421 secs using 397.5% CPU
Optimizing NNI: done in 19.0275 secs using 395.8% CPU
Optimizing NNI: done in 18.3739 secs using 397.6% CPU
Optimizing NNI: done in 20.3612 secs using 397% CPU
Optimizing NNI: done in 17.2951 secs using 396.5% CPU
Optimizing NNI: done in 21.8126 secs using 397.6% CPU
Optimizing NNI: done in 14.7692 secs using 397.9% CPU
Optimizing NNI: done in 18.9468 secs using 397.5% CPU
Iteration 80 / LogL: -943482.531 / Time: 0h:33m:50s (3h:0m:12s left)
Optimizing NNI: done in 15.2685 secs using 397.5% CPU
Optimizing NNI: done in 16.4025 secs using 397.5% CPU
Optimizing NNI: done in 20.9607 secs using 397.1% CPU
Optimizing NNI: done in 19.8962 secs using 397.6% CPU
Optimizing NNI: done in 20.8977 secs using 397.6% CPU
Optimizing NNI: done in 16.1135 secs using 397.1% CPU
Optimizing NNI: done in 15.0636 secs using 397.1% CPU
Optimizing NNI: done in 19.0054 secs using 397.3% CPU
Optimizing NNI: done in 17.3179 secs using 397% CPU
Optimizing NNI: done in 15.0981 secs using 396.9% CPU
Iteration 90 / LogL: -943491.305 / Time: 0h:36m:48s (2h:49m:50s left)
Optimizing NNI: done in 15.0521 secs using 397% CPU
Optimizing NNI: done in 17.8383 secs using 397.4% CPU
Optimizing NNI: done in 16.1971 secs using 397.2% CPU
Optimizing NNI: done in 16.1337 secs using 397% CPU
Optimizing NNI: done in 15.9607 secs using 397% CPU
Optimizing NNI: done in 10.6896 secs using 397.1% CPU
Optimizing NNI: done in 12.9141 secs using 397.2% CPU
Optimizing NNI: done in 15.8902 secs using 396.9% CPU
Optimizing NNI: done in 14.4465 secs using 397% CPU
Optimizing NNI: done in 13.5002 secs using 397.6% CPU
Iteration 100 / LogL: -943482.475 / Time: 0h:39m:18s (2h:39m:8s left)
Log-likelihood cutoff on original alignment: -943525.959
NOTE: Bootstrap correlation coefficient of split occurrence frequencies: 1.000
Optimizing NNI: done in 18.083 secs using 397.2% CPU
Optimizing NNI: done in 13.292 secs using 397.4% CPU
Optimizing NNI: done in 14.0911 secs using 397.4% CPU
Optimizing NNI: done in 14.1135 secs using 397.3% CPU
Optimizing NNI: done in 14.0317 secs using 397.5% CPU
Optimizing NNI: done in 14.8876 secs using 397.1% CPU
Optimizing NNI: done in 18.9769 secs using 397.6% CPU
Optimizing NNI: done in 17.3524 secs using 397.2% CPU
Optimizing NNI: done in 15.4674 secs using 397.2% CPU
Optimizing NNI: done in 18.6479 secs using 396.9% CPU
Iteration 110 / LogL: -943482.090 / Time: 0h:41m:59s (2h:30m:32s left)
Optimizing NNI: done in 22.0057 secs using 396.4% CPU
Optimizing NNI: done in 15.4475 secs using 397.1% CPU
Optimizing NNI: done in 13.6226 secs using 397.7% CPU
Optimizing NNI: done in 13.7964 secs using 397.8% CPU
Optimizing NNI: done in 24.0053 secs using 397% CPU
Optimizing NNI: done in 16.2083 secs using 397% CPU
Optimizing NNI: done in 20.7536 secs using 397.8% CPU
Optimizing NNI: done in 16.542 secs using 397.6% CPU
Optimizing NNI: done in 17.1917 secs using 398.2% CPU
Optimizing NNI: done in 15.345 secs using 397.5% CPU
Iteration 120 / LogL: -943484.106 / Time: 0h:44m:56s (2h:23m:47s left)
Optimizing NNI: done in 14.4624 secs using 398% CPU
Optimizing NNI: done in 17.2641 secs using 397.9% CPU
Optimizing NNI: done in 20.4195 secs using 397.3% CPU
Optimizing NNI: done in 16.0253 secs using 397.8% CPU
Optimizing NNI: done in 14.5471 secs using 397.5% CPU
Optimizing NNI: done in 14.8834 secs using 397.5% CPU
Optimizing NNI: done in 16.8872 secs using 397.8% CPU
Optimizing NNI: done in 19.4784 secs using 398% CPU
Optimizing NNI: done in 22.9993 secs using 397.9% CPU
Optimizing NNI: done in 15.7627 secs using 398.2% CPU
Iteration 130 / LogL: -943482.033 / Time: 0h:47m:50s (2h:17m:32s left)
Optimizing NNI: done in 19.1933 secs using 397.7% CPU
Optimizing NNI: done in 13.963 secs using 397.3% CPU
Optimizing NNI: done in 12.6306 secs using 397.9% CPU
Optimizing NNI: done in 18.2243 secs using 397.9% CPU
Optimizing NNI: done in 13.6765 secs using 397.4% CPU
Optimizing NNI: done in 14.0981 secs using 397.8% CPU
Optimizing NNI: done in 18.1806 secs using 397.8% CPU
Optimizing NNI: done in 15.9474 secs using 397.9% CPU
Optimizing NNI: done in 15.5342 secs using 397.5% CPU
Optimizing NNI: done in 16.3429 secs using 398.2% CPU
Iteration 140 / LogL: -943483.829 / Time: 0h:50m:30s (2h:11m:6s left)
Optimizing NNI: done in 14.3139 secs using 398% CPU
Optimizing NNI: done in 17.6772 secs using 396.3% CPU
Optimizing NNI: done in 15.3597 secs using 395.7% CPU
Optimizing NNI: done in 15.0457 secs using 397.4% CPU
Optimizing NNI: done in 21.8231 secs using 396.9% CPU
Optimizing NNI: done in 17.8368 secs using 397.7% CPU
Optimizing NNI: done in 21.256 secs using 396.9% CPU
Optimizing NNI: done in 15.0262 secs using 398% CPU
Optimizing NNI: done in 18.6182 secs using 393.9% CPU
Optimizing NNI: done in 11.1176 secs using 393.5% CPU
Iteration 150 / LogL: -943483.361 / Time: 0h:53m:20s (2h:5m:35s left)
Log-likelihood cutoff on original alignment: -943525.959
Optimizing NNI: done in 14.1516 secs using 393.7% CPU
Optimizing NNI: done in 13.3196 secs using 393.6% CPU
Optimizing NNI: done in 16.2512 secs using 395.4% CPU
Optimizing NNI: done in 21.314 secs using 393.9% CPU
Optimizing NNI: done in 20.8215 secs using 394% CPU
Optimizing NNI: done in 22.6407 secs using 393.8% CPU
Optimizing NNI: done in 17.9703 secs using 394.5% CPU
Optimizing NNI: done in 22.3725 secs using 394.3% CPU
Optimizing NNI: done in 18.1032 secs using 393.7% CPU
Optimizing NNI: done in 10.6446 secs using 394.8% CPU
Iteration 160 / LogL: -943482.433 / Time: 0h:56m:19s (2h:0m:45s left)
Optimizing NNI: done in 21.1915 secs using 393.3% CPU
Optimizing NNI: done in 21.4944 secs using 393.7% CPU
Optimizing NNI: done in 18.6985 secs using 393.7% CPU
Optimizing NNI: done in 19.7096 secs using 394.9% CPU
Optimizing NNI: done in 24.5112 secs using 394.7% CPU
Optimizing NNI: done in 16.6011 secs using 394.1% CPU
Optimizing NNI: done in 16.7735 secs using 395.4% CPU
Optimizing NNI: done in 16.1949 secs using 394.2% CPU
Optimizing NNI: done in 18.5152 secs using 394.5% CPU
Optimizing NNI: done in 16.6816 secs using 394.7% CPU
Iteration 170 / LogL: -943492.144 / Time: 0h:59m:31s (1h:56m:33s left)
Optimizing NNI: done in 18.3118 secs using 393.5% CPU
Optimizing NNI: done in 18.5598 secs using 394.6% CPU
Optimizing NNI: done in 17.1322 secs using 394.8% CPU
Optimizing NNI: done in 20.3515 secs using 395.5% CPU
Optimizing NNI: done in 13.719 secs using 395.1% CPU
Optimizing NNI: done in 17.0076 secs using 395.3% CPU
Optimizing NNI: done in 20.4126 secs using 393.8% CPU
Optimizing NNI: done in 11.7815 secs using 392.9% CPU
Optimizing NNI: done in 22.2977 secs using 393.2% CPU
Optimizing NNI: done in 15.1682 secs using 394.8% CPU
Iteration 180 / LogL: -943482.487 / Time: 1h:2m:28s (1h:51m:59s left)
Optimizing NNI: done in 15.5309 secs using 394.8% CPU
Optimizing NNI: done in 15.1282 secs using 395.4% CPU
Optimizing NNI: done in 17.2463 secs using 395.4% CPU
Optimizing NNI: done in 15.5458 secs using 396.6% CPU
Optimizing NNI: done in 13.7334 secs using 395.9% CPU
Optimizing NNI: done in 15.4015 secs using 395.9% CPU
Optimizing NNI: done in 16.9123 secs using 396.4% CPU
Optimizing NNI: done in 17.7729 secs using 396.8% CPU
Optimizing NNI: done in 20.3496 secs using 397.3% CPU
Optimizing NNI: done in 14.4177 secs using 395.6% CPU
Iteration 190 / LogL: -943482.372 / Time: 1h:5m:12s (1h:47m:15s left)
Optimizing NNI: done in 12.9222 secs using 396.6% CPU
Optimizing NNI: done in 17.5297 secs using 396.9% CPU
Optimizing NNI: done in 17.2549 secs using 397.7% CPU
Optimizing NNI: done in 12.0595 secs using 397.9% CPU
Optimizing NNI: done in 13.6955 secs using 398.2% CPU
Optimizing NNI: done in 15.0172 secs using 396.8% CPU
Optimizing NNI: done in 23.8554 secs using 397.3% CPU
Optimizing NNI: done in 12.5046 secs using 397.7% CPU
Optimizing NNI: done in 16.0919 secs using 396.5% CPU
Optimizing NNI: done in 14.7072 secs using 397.6% CPU
Iteration 200 / LogL: -943485.159 / Time: 1h:7m:49s (1h:42m:33s left)
Log-likelihood cutoff on original alignment: -943526.263
NOTE: Bootstrap correlation coefficient of split occurrence frequencies: 1.000
Optimizing NNI: done in 21.5222 secs using 398.3% CPU
Optimizing NNI: done in 16.874 secs using 397.1% CPU
Optimizing NNI: done in 22.7139 secs using 397.3% CPU
Optimizing NNI: done in 14.2879 secs using 398.1% CPU
Optimizing NNI: done in 18.1629 secs using 395.4% CPU
Optimizing NNI: done in 16.6516 secs using 397.5% CPU
Optimizing NNI: done in 15.5187 secs using 397.8% CPU
Optimizing NNI: done in 16.5182 secs using 397.6% CPU
Optimizing NNI: done in 16.5924 secs using 396.2% CPU
Optimizing NNI: done in 11.53 secs using 397.7% CPU
Iteration 210 / LogL: -943483.436 / Time: 1h:10m:41s (1h:38m:24s left)
Optimizing NNI: done in 17.7136 secs using 398.1% CPU
Optimizing NNI: done in 17.1868 secs using 398% CPU
Optimizing NNI: done in 16.5539 secs using 398.1% CPU
Optimizing NNI: done in 14.9779 secs using 396.7% CPU
Optimizing NNI: done in 12.8782 secs using 398% CPU
Optimizing NNI: done in 15.5095 secs using 396.8% CPU
Optimizing NNI: done in 14.7041 secs using 398.2% CPU
Optimizing NNI: done in 15.0395 secs using 397.9% CPU
Optimizing NNI: done in 8.52589 secs using 398.2% CPU
Optimizing NNI: done in 12.2973 secs using 398.3% CPU
Iteration 220 / LogL: -943483.121 / Time: 1h:13m:9s (1h:33m:50s left)
Optimizing NNI: done in 17.0331 secs using 398.1% CPU
Optimizing NNI: done in 12.5441 secs using 398.1% CPU
Optimizing NNI: done in 18.3171 secs using 398% CPU
Optimizing NNI: done in 14.2082 secs using 397.8% CPU
Optimizing NNI: done in 18.7902 secs using 397.8% CPU
Optimizing NNI: done in 17.3045 secs using 397.8% CPU
Optimizing NNI: done in 16.6235 secs using 397.9% CPU
Optimizing NNI: done in 20.1206 secs using 398.1% CPU
Optimizing NNI: done in 17.9191 secs using 397.2% CPU
Optimizing NNI: done in 17.8588 secs using 396.8% CPU
Iteration 230 / LogL: -943482.725 / Time: 1h:16m:1s (1h:29m:56s left)
Optimizing NNI: done in 12.3756 secs using 395.7% CPU
Optimizing NNI: done in 14.5716 secs using 396.2% CPU
Optimizing NNI: done in 17.8553 secs using 397.1% CPU
Optimizing NNI: done in 12.9782 secs using 396.3% CPU
Optimizing NNI: done in 16.3131 secs using 397.7% CPU
Optimizing NNI: done in 17.6823 secs using 397.7% CPU
Optimizing NNI: done in 16.6279 secs using 394.7% CPU
Optimizing NNI: done in 13.5609 secs using 393.3% CPU
Optimizing NNI: done in 17.2307 secs using 394.9% CPU
Optimizing NNI: done in 19.5151 secs using 393.4% CPU
Iteration 240 / LogL: -943511.303 / Time: 1h:18m:42s (1h:25m:55s left)
Optimizing NNI: done in 12.9456 secs using 395.1% CPU
Optimizing NNI: done in 16.7088 secs using 395.6% CPU
Optimizing NNI: done in 14.7538 secs using 396.4% CPU
Optimizing NNI: done in 16.6754 secs using 397.2% CPU
Optimizing NNI: done in 18.3732 secs using 397.5% CPU
Optimizing NNI: done in 14.0445 secs using 398% CPU
Optimizing NNI: done in 19.4287 secs using 397.6% CPU
Optimizing NNI: done in 17.7355 secs using 396.2% CPU
Optimizing NNI: done in 18.0349 secs using 394% CPU
Optimizing NNI: done in 18.9935 secs using 396.9% CPU
Iteration 250 / LogL: -943482.372 / Time: 1h:21m:31s (1h:22m:9s left)
Log-likelihood cutoff on original alignment: -943526.263
Optimizing NNI: done in 20.223 secs using 397.4% CPU
Optimizing NNI: done in 13.7007 secs using 397% CPU
Optimizing NNI: done in 20.3719 secs using 397.4% CPU
Optimizing NNI: done in 22.5496 secs using 397.3% CPU
Optimizing NNI: done in 18.2652 secs using 397.7% CPU
Optimizing NNI: done in 15.3443 secs using 397.8% CPU
Optimizing NNI: done in 15.8675 secs using 398.1% CPU
Optimizing NNI: done in 15.9027 secs using 397.4% CPU
Optimizing NNI: done in 14.3659 secs using 396.6% CPU
Optimizing NNI: done in 15.5291 secs using 397.8% CPU
Iteration 260 / LogL: -943482.713 / Time: 1h:24m:25s (1h:18m:32s left)
Optimizing NNI: done in 15.6747 secs using 396.9% CPU
Optimizing NNI: done in 18.3468 secs using 396.5% CPU
Optimizing NNI: done in 14.4211 secs using 397.7% CPU
Optimizing NNI: done in 16.1947 secs using 397.6% CPU
Optimizing NNI: done in 20.564 secs using 397% CPU
Optimizing NNI: done in 15.578 secs using 397.3% CPU
Optimizing NNI: done in 19.2983 secs using 397.8% CPU
Optimizing NNI: done in 20.8139 secs using 398% CPU
Optimizing NNI: done in 15.6925 secs using 398% CPU
Optimizing NNI: done in 14.2421 secs using 397.6% CPU
Iteration 270 / LogL: -943482.885 / Time: 1h:27m:18s (1h:14m:57s left)
Optimizing NNI: done in 22.7043 secs using 397.3% CPU
Optimizing NNI: done in 16.9588 secs using 396.5% CPU
Optimizing NNI: done in 15.7491 secs using 397.9% CPU
Optimizing NNI: done in 16.4461 secs using 396.7% CPU
Optimizing NNI: done in 19.2523 secs using 397.2% CPU
Optimizing NNI: done in 13.0331 secs using 397.6% CPU
Optimizing NNI: done in 14.8482 secs using 397.6% CPU
Optimizing NNI: done in 16.9167 secs using 397.4% CPU
Optimizing NNI: done in 16.2499 secs using 397.6% CPU
Optimizing NNI: done in 13.6481 secs using 397.2% CPU
Iteration 280 / LogL: -943487.459 / Time: 1h:30m:6s (1h:11m:21s left)
Optimizing NNI: done in 16.6215 secs using 397.9% CPU
Optimizing NNI: done in 14.4466 secs using 397.7% CPU
Optimizing NNI: done in 10.6441 secs using 397.8% CPU
Optimizing NNI: done in 15.4123 secs using 397% CPU
Optimizing NNI: done in 16.335 secs using 397.7% CPU
Optimizing NNI: done in 16.4754 secs using 397.9% CPU
Optimizing NNI: done in 16.1552 secs using 397.9% CPU
Optimizing NNI: done in 15.136 secs using 397.9% CPU
Optimizing NNI: done in 13.9266 secs using 398.1% CPU
Optimizing NNI: done in 19.3487 secs using 398.1% CPU
Iteration 290 / LogL: -943483.330 / Time: 1h:32m:42s (1h:7m:40s left)
Optimizing NNI: done in 16.3995 secs using 398% CPU
Optimizing NNI: done in 16.9654 secs using 398.1% CPU
Optimizing NNI: done in 17.0439 secs using 397.7% CPU
Optimizing NNI: done in 16.632 secs using 397.7% CPU
Optimizing NNI: done in 18.0192 secs using 397.5% CPU
Optimizing NNI: done in 17.0286 secs using 397.1% CPU
Optimizing NNI: done in 18.8174 secs using 396.6% CPU
Optimizing NNI: done in 15.2394 secs using 396.7% CPU
Optimizing NNI: done in 21.7078 secs using 398% CPU
Optimizing NNI: done in 15.9723 secs using 396.8% CPU
Iteration 300 / LogL: -943482.108 / Time: 1h:35m:37s (1h:4m:16s left)
Log-likelihood cutoff on original alignment: -943526.263
NOTE: Bootstrap correlation coefficient of split occurrence frequencies: 1.000
Optimizing NNI: done in 23.1265 secs using 396.9% CPU
Optimizing NNI: done in 14.161 secs using 398.2% CPU
Optimizing NNI: done in 20.8273 secs using 397.2% CPU
Optimizing NNI: done in 19.6005 secs using 396.9% CPU
Optimizing NNI: done in 20.6636 secs using 397.8% CPU
Optimizing NNI: done in 11.9693 secs using 397.1% CPU
Optimizing NNI: done in 15.0048 secs using 396.5% CPU
Optimizing NNI: done in 16.1381 secs using 396.6% CPU
Optimizing NNI: done in 20.1407 secs using 396.9% CPU
Optimizing NNI: done in 15.3167 secs using 398.3% CPU
Iteration 310 / LogL: -943483.473 / Time: 1h:38m:36s (1h:0m:56s left)
Optimizing NNI: done in 12.3526 secs using 397% CPU
Optimizing NNI: done in 19.6829 secs using 397% CPU
Optimizing NNI: done in 16.9956 secs using 398% CPU
Optimizing NNI: done in 20.9567 secs using 396.2% CPU
Optimizing NNI: done in 20.8431 secs using 398.3% CPU
Optimizing NNI: done in 15.6361 secs using 397.3% CPU
Optimizing NNI: done in 11.4441 secs using 397.8% CPU
Optimizing NNI: done in 20.4054 secs using 397.3% CPU
Optimizing NNI: done in 15.8194 secs using 396.7% CPU
Optimizing NNI: done in 17.3397 secs using 398% CPU
Iteration 320 / LogL: -943482.374 / Time: 1h:41m:30s (0h:57m:34s left)
Optimizing NNI: done in 18.3451 secs using 397.3% CPU
Optimizing NNI: done in 18.634 secs using 397.1% CPU
Optimizing NNI: done in 15.5536 secs using 396.9% CPU
Optimizing NNI: done in 18.2825 secs using 397.6% CPU
Optimizing NNI: done in 18.7599 secs using 398% CPU
Optimizing NNI: done in 14.7878 secs using 397.9% CPU
Optimizing NNI: done in 18.1743 secs using 397.7% CPU
Optimizing NNI: done in 15.0264 secs using 398% CPU
Optimizing NNI: done in 18.3113 secs using 397.5% CPU
Optimizing NNI: done in 16.0123 secs using 397.8% CPU
Iteration 330 / LogL: -943482.055 / Time: 1h:44m:23s (0h:54m:15s left)
Optimizing NNI: done in 18.0626 secs using 397.5% CPU
Optimizing NNI: done in 21.243 secs using 397.7% CPU
Optimizing NNI: done in 16.8851 secs using 397.6% CPU
Optimizing NNI: done in 20.2458 secs using 397.2% CPU
Optimizing NNI: done in 15.1385 secs using 397.1% CPU
Optimizing NNI: done in 18.1981 secs using 397.8% CPU
Optimizing NNI: done in 16.1586 secs using 398% CPU
Optimizing NNI: done in 18.2184 secs using 398.1% CPU
Optimizing NNI: done in 20.6506 secs using 398.1% CPU
Optimizing NNI: done in 19.171 secs using 397.8% CPU
Iteration 340 / LogL: -943510.159 / Time: 1h:47m:29s (0h:51m:2s left)
Optimizing NNI: done in 13.449 secs using 397.7% CPU
Optimizing NNI: done in 17.5281 secs using 397.3% CPU
Optimizing NNI: done in 15.3269 secs using 397.5% CPU
Optimizing NNI: done in 16.9553 secs using 397.7% CPU
Optimizing NNI: done in 18.347 secs using 397.8% CPU
Optimizing NNI: done in 14.0479 secs using 397.3% CPU
Optimizing NNI: done in 16.1228 secs using 397.7% CPU
Optimizing NNI: done in 13.9829 secs using 397.8% CPU
Optimizing NNI: done in 17.5249 secs using 397.4% CPU
Optimizing NNI: done in 15.8262 secs using 397.8% CPU
Iteration 350 / LogL: -943491.470 / Time: 1h:50m:10s (0h:47m:39s left)
Log-likelihood cutoff on original alignment: -943525.368
Optimizing NNI: done in 15.2071 secs using 398.4% CPU
Optimizing NNI: done in 16.4104 secs using 397.8% CPU
Optimizing NNI: done in 21.1338 secs using 397.4% CPU
Optimizing NNI: done in 13.9236 secs using 397.9% CPU
Optimizing NNI: done in 19.152 secs using 396.9% CPU
Optimizing NNI: done in 18.7967 secs using 396.5% CPU
Optimizing NNI: done in 21.2446 secs using 397.3% CPU
Optimizing NNI: done in 12.213 secs using 398.1% CPU
Optimizing NNI: done in 17.3217 secs using 398.1% CPU
Optimizing NNI: done in 16.5495 secs using 398.5% CPU
Iteration 360 / LogL: -943482.911 / Time: 1h:53m:4s (0h:44m:24s left)
Optimizing NNI: done in 17.4543 secs using 397.9% CPU
Optimizing NNI: done in 19.683 secs using 397.5% CPU
Optimizing NNI: done in 17.3761 secs using 398% CPU
Optimizing NNI: done in 14.119 secs using 398.3% CPU
Optimizing NNI: done in 17.7403 secs using 396.6% CPU
Optimizing NNI: done in 13.5318 secs using 397.2% CPU
Optimizing NNI: done in 16.0897 secs using 397.6% CPU
Optimizing NNI: done in 14.7931 secs using 397.9% CPU
Optimizing NNI: done in 11.1103 secs using 397.4% CPU
Optimizing NNI: done in 19.4329 secs using 397.4% CPU
Iteration 370 / LogL: -943484.325 / Time: 1h:55m:47s (0h:41m:6s left)
Optimizing NNI: done in 15.6313 secs using 398.3% CPU
Optimizing NNI: done in 12.8139 secs using 396.7% CPU
Optimizing NNI: done in 16.0535 secs using 396.8% CPU
Optimizing NNI: done in 13.9727 secs using 398.1% CPU
Optimizing NNI: done in 15.9996 secs using 398.4% CPU
Optimizing NNI: done in 22.116 secs using 398.1% CPU
Optimizing NNI: done in 15.2354 secs using 398.1% CPU
Optimizing NNI: done in 20.3284 secs using 397% CPU
Optimizing NNI: done in 17.6145 secs using 396.8% CPU
Optimizing NNI: done in 16.8437 secs using 398.3% CPU
Iteration 380 / LogL: -943487.531 / Time: 1h:58m:35s (0h:37m:51s left)
Optimizing NNI: done in 13.7976 secs using 397.7% CPU
Optimizing NNI: done in 13.9958 secs using 397.7% CPU
Optimizing NNI: done in 15.8791 secs using 396.9% CPU
Optimizing NNI: done in 20.8044 secs using 398.2% CPU
Optimizing NNI: done in 22.4597 secs using 397.9% CPU
Optimizing NNI: done in 15.4005 secs using 397.3% CPU
Optimizing NNI: done in 15.0944 secs using 397.2% CPU
Optimizing NNI: done in 16.9362 secs using 397.8% CPU
Optimizing NNI: done in 20.9384 secs using 398% CPU
Optimizing NNI: done in 18.7348 secs using 398.3% CPU
Iteration 390 / LogL: -943483.803 / Time: 2h:1m:31s (0h:34m:40s left)
Optimizing NNI: done in 15.961 secs using 397.2% CPU
Optimizing NNI: done in 22.0653 secs using 397.9% CPU
Optimizing NNI: done in 17.3364 secs using 397.4% CPU
Optimizing NNI: done in 16.3686 secs using 396.9% CPU
Optimizing NNI: done in 15.2609 secs using 398.4% CPU
Optimizing NNI: done in 15.4984 secs using 397.7% CPU
Optimizing NNI: done in 17.959 secs using 397.3% CPU
Optimizing NNI: done in 11.2979 secs using 397.7% CPU
Optimizing NNI: done in 15.3725 secs using 398.5% CPU
Optimizing NNI: done in 17.137 secs using 397.9% CPU
Iteration 400 / LogL: -943482.528 / Time: 2h:4m:18s (0h:31m:27s left)
Log-likelihood cutoff on original alignment: -943525.368
NOTE: Bootstrap correlation coefficient of split occurrence frequencies: 1.000
Optimizing NNI: done in 13.6958 secs using 395.6% CPU
Optimizing NNI: done in 21.759 secs using 397.4% CPU
Optimizing NNI: done in 18.3236 secs using 398.4% CPU
Optimizing NNI: done in 18.2502 secs using 398% CPU
Optimizing NNI: done in 13.7118 secs using 397.6% CPU
Optimizing NNI: done in 15.3512 secs using 395.5% CPU
Optimizing NNI: done in 14.6258 secs using 397.8% CPU
Optimizing NNI: done in 13.6904 secs using 396.6% CPU
Optimizing NNI: done in 13.2719 secs using 396.1% CPU
Optimizing NNI: done in 18.2861 secs using 398.1% CPU
Iteration 410 / LogL: -943482.275 / Time: 2h:7m:0s (0h:28m:15s left)
Optimizing NNI: done in 22.3377 secs using 398.4% CPU
Optimizing NNI: done in 16.4086 secs using 398.2% CPU
Optimizing NNI: done in 18.1343 secs using 395.8% CPU
Optimizing NNI: done in 14.8681 secs using 398.1% CPU
Optimizing NNI: done in 14.5214 secs using 398.5% CPU
Optimizing NNI: done in 16.8253 secs using 398.4% CPU
Optimizing NNI: done in 18.2119 secs using 398.5% CPU
Optimizing NNI: done in 13.922 secs using 397.9% CPU
Optimizing NNI: done in 17.3296 secs using 397.2% CPU
Optimizing NNI: done in 15.2168 secs using 398.7% CPU
Iteration 420 / LogL: -943482.660 / Time: 2h:9m:50s (0h:25m:5s left)
Optimizing NNI: done in 16.8828 secs using 397.9% CPU
Optimizing NNI: done in 18.9465 secs using 396.6% CPU
Optimizing NNI: done in 19.1253 secs using 398.3% CPU
Optimizing NNI: done in 17.3267 secs using 398.1% CPU
Optimizing NNI: done in 16.3394 secs using 393.6% CPU
Optimizing NNI: done in 18.8467 secs using 398% CPU
Optimizing NNI: done in 18.621 secs using 397.4% CPU
Optimizing NNI: done in 21.1277 secs using 396.4% CPU
Optimizing NNI: done in 18.1237 secs using 396.9% CPU
Optimizing NNI: done in 23.0683 secs using 396.3% CPU
Iteration 430 / LogL: -943482.069 / Time: 2h:13m:0s (0h:22m:0s left)
Optimizing NNI: done in 16.6627 secs using 394.9% CPU
Optimizing NNI: done in 22.2715 secs using 396.5% CPU
Optimizing NNI: done in 17.4401 secs using 397.5% CPU
Optimizing NNI: done in 16.5571 secs using 394.5% CPU
Optimizing NNI: done in 13.7714 secs using 393.3% CPU
Optimizing NNI: done in 18.3896 secs using 395.6% CPU
Optimizing NNI: done in 16.2071 secs using 396.7% CPU
Optimizing NNI: done in 16.5663 secs using 395.6% CPU
Optimizing NNI: done in 15.6599 secs using 395.9% CPU
Optimizing NNI: done in 18.6745 secs using 396.3% CPU
Iteration 440 / LogL: -943482.432 / Time: 2h:15m:54s (0h:18m:52s left)
Optimizing NNI: done in 9.1822 secs using 398.1% CPU
Optimizing NNI: done in 16.4864 secs using 396.8% CPU
Optimizing NNI: done in 17.1043 secs using 397.7% CPU
Optimizing NNI: done in 19.1303 secs using 398.4% CPU
Optimizing NNI: done in 15.4081 secs using 398.3% CPU
Optimizing NNI: done in 19.3962 secs using 398.1% CPU
Optimizing NNI: done in 12.825 secs using 397.9% CPU
Optimizing NNI: done in 15.5387 secs using 398.1% CPU
Optimizing NNI: done in 18.1408 secs using 397.4% CPU
Optimizing NNI: done in 15.41 secs using 396.1% CPU
Iteration 450 / LogL: -943482.755 / Time: 2h:18m:35s (0h:15m:44s left)
Log-likelihood cutoff on original alignment: -943525.368
Optimizing NNI: done in 15.1032 secs using 398% CPU
Optimizing NNI: done in 15.8069 secs using 396.4% CPU
Optimizing NNI: done in 15.9718 secs using 395.5% CPU
Optimizing NNI: done in 15.609 secs using 397.6% CPU
Optimizing NNI: done in 16.1092 secs using 398.2% CPU
Optimizing NNI: done in 16.6862 secs using 398.4% CPU
Optimizing NNI: done in 17.2221 secs using 398.5% CPU
Optimizing NNI: done in 16.9819 secs using 398.5% CPU
Optimizing NNI: done in 16.1095 secs using 398.4% CPU
Optimizing NNI: done in 14.1021 secs using 398.4% CPU
Iteration 460 / LogL: -943482.478 / Time: 2h:21m:16s (0h:12m:37s left)
Optimizing NNI: done in 13.3068 secs using 398.3% CPU
Optimizing NNI: done in 22.0285 secs using 398.2% CPU
Optimizing NNI: done in 12.5297 secs using 398.4% CPU
Optimizing NNI: done in 18.1107 secs using 398.3% CPU
Optimizing NNI: done in 18.319 secs using 398.3% CPU
Optimizing NNI: done in 16.5061 secs using 398.2% CPU
Optimizing NNI: done in 17.2384 secs using 397.8% CPU
Optimizing NNI: done in 10.9516 secs using 398% CPU
Optimizing NNI: done in 14.9797 secs using 398.2% CPU
Optimizing NNI: done in 15.9665 secs using 398.4% CPU
Iteration 470 / LogL: -943482.972 / Time: 2h:23m:58s (0h:9m:30s left)
Optimizing NNI: done in 11.5206 secs using 398.1% CPU
Optimizing NNI: done in 16.5242 secs using 398.4% CPU
Optimizing NNI: done in 15.4913 secs using 398.3% CPU
Optimizing NNI: done in 24.6832 secs using 397.3% CPU
Optimizing NNI: done in 12.8598 secs using 398.3% CPU
Optimizing NNI: done in 16.6769 secs using 396.6% CPU
Optimizing NNI: done in 17.6057 secs using 395.7% CPU
Optimizing NNI: done in 20.5657 secs using 395.6% CPU
Optimizing NNI: done in 15.8396 secs using 395.9% CPU
Optimizing NNI: done in 18.115 secs using 397.3% CPU
Iteration 480 / LogL: -943483.056 / Time: 2h:26m:50s (0h:6m:26s left)
Optimizing NNI: done in 15.6315 secs using 395.2% CPU
Optimizing NNI: done in 19.1984 secs using 396.7% CPU
Optimizing NNI: done in 12.4624 secs using 398% CPU
Optimizing NNI: done in 15.5919 secs using 397.2% CPU
Optimizing NNI: done in 15.857 secs using 397.6% CPU
Optimizing NNI: done in 17.6091 secs using 398.2% CPU
Optimizing NNI: done in 15.2098 secs using 397.6% CPU
Optimizing NNI: done in 16.8645 secs using 398.4% CPU
Optimizing NNI: done in 18.7164 secs using 397.3% CPU
Optimizing NNI: done in 16.357 secs using 398.4% CPU
Iteration 490 / LogL: -943486.309 / Time: 2h:29m:35s (0h:3m:21s left)
Optimizing NNI: done in 16.6994 secs using 398.3% CPU
Optimizing NNI: done in 18.8968 secs using 398.6% CPU
Optimizing NNI: done in 15.9111 secs using 398.2% CPU
Optimizing NNI: done in 12.5482 secs using 398.7% CPU
Optimizing NNI: done in 12.6933 secs using 398.3% CPU
Optimizing NNI: done in 14.5077 secs using 398.7% CPU
Optimizing NNI: done in 17.8895 secs using 398.3% CPU
Optimizing NNI: done in 15.3019 secs using 398.5% CPU
Optimizing NNI: done in 12.5159 secs using 393.2% CPU
Optimizing NNI: done in 17.5162 secs using 395.4% CPU
Iteration 500 / LogL: -943482.389 / Time: 2h:32m:11s (0h:0m:18s left)
Log-likelihood cutoff on original alignment: -943525.368
NOTE: Bootstrap correlation coefficient of split occurrence frequencies: 1.000
Optimizing NNI: done in 18.6341 secs using 397.4% CPU
Optimizing NNI: done in 13.8365 secs using 397.8% CPU
TREE SEARCH COMPLETED AFTER 502 ITERATIONS / Time: 2h:32m:44s

--------------------------------------------------------------------
|                    FINALIZING TREE SEARCH                        |
--------------------------------------------------------------------
Performs final model parameters optimization
Estimate model parameters (epsilon = 0.010)
Initial log-likelihood: -943481.985
Current log-likelihood at step 1: -943481.906
Current log-likelihood at step 2: -943481.835
Current log-likelihood at step 3: -943481.775
Current log-likelihood at step 4: -943481.721
Current log-likelihood at step 5: -943481.668
Current log-likelihood at step 6: -943481.627
Current log-likelihood at step 7: -943481.584
Current log-likelihood at step 8: -943481.550
Current log-likelihood at step 9: -943481.520
Current log-likelihood at step 10: -943481.495
Current log-likelihood at step 11: -943481.467
Current log-likelihood at step 12: -943481.448
Current log-likelihood at step 13: -943481.429
Current log-likelihood at step 14: -943481.412
Current log-likelihood at step 15: -943481.396
Current log-likelihood at step 16: -943481.380
Current log-likelihood at step 17: -943481.367
Current log-likelihood at step 18: -943481.352
Current log-likelihood at step 19: -943481.339
Current log-likelihood at step 20: -943481.325
Current log-likelihood at step 21: -943481.313
Current log-likelihood at step 22: -943481.302
Current log-likelihood at step 23: -943481.293
Partition-specific rates:  0.443 1.606 0.521 0.971 0.738 1.103 1.280 0.600 0.940 0.404 0.270
Parameters optimization took 22 rounds (129.187 sec)

Partition information was printed to 03_ML_1/MLtree.best_model.nex
BEST SCORE FOUND : -943481.293
Creating bootstrap support values...
Split supports printed to NEXUS file 03_ML_1/MLtree.splits.nex
Total tree length: 12.764

Total number of iterations: 502
CPU time used for tree search: 34157.750 sec (9h:29m:17s)
Wall-clock time used for tree search: 8628.655 sec (2h:23m:48s)
Total CPU time used: 36288.919 sec (10h:4m:48s)
Total wall-clock time used: 9294.271 sec (2h:34m:54s)

Computing bootstrap consensus tree...
Reading input file 03_ML_1/MLtree.splits.nex...
31 taxa and 62 splits.
Consensus tree written to 03_ML_1/MLtree.contree
Reading input trees file 03_ML_1/MLtree.contree
Log-likelihood of consensus tree: -943481.293

---> START RUN NUMBER 2 (seed: 194268)

Create initial parsimony tree by phylogenetic likelihood library (PLL)... 0.200 seconds
Generating 1000 samples for ultrafast bootstrap (seed: 194268)...

NOTE: 728 MB RAM (0 GB) is required!
Estimate model parameters (epsilon = 0.100)
Initial log-likelihood: -962789.371
Current log-likelihood at step 1: -944634.221
Current log-likelihood at step 2: -943959.623
Current log-likelihood at step 3: -943845.206
Current log-likelihood at step 4: -943799.605
Current log-likelihood at step 5: -943774.858
Current log-likelihood at step 6: -943758.470
Current log-likelihood at step 7: -943746.798
Current log-likelihood at step 8: -943737.980
Current log-likelihood at step 9: -943730.887
Current log-likelihood at step 10: -943724.851
Current log-likelihood at step 11: -943719.560
Current log-likelihood at step 12: -943714.850
Current log-likelihood at step 13: -943710.621
Current log-likelihood at step 14: -943706.835
Current log-likelihood at step 15: -943703.423
Current log-likelihood at step 16: -943700.378
Current log-likelihood at step 17: -943697.597
Current log-likelihood at step 18: -943695.160
Current log-likelihood at step 19: -943692.988
Current log-likelihood at step 20: -943691.037
Current log-likelihood at step 21: -943689.262
Current log-likelihood at step 22: -943687.623
Current log-likelihood at step 23: -943686.054
Current log-likelihood at step 24: -943684.599
Current log-likelihood at step 25: -943683.222
Current log-likelihood at step 26: -943681.897
Current log-likelihood at step 27: -943680.612
Current log-likelihood at step 28: -943679.381
Current log-likelihood at step 29: -943678.193
Current log-likelihood at step 30: -943677.064
Current log-likelihood at step 31: -943676.011
Current log-likelihood at step 32: -943675.033
Current log-likelihood at step 33: -943674.147
Current log-likelihood at step 34: -943673.346
Current log-likelihood at step 35: -943672.636
Current log-likelihood at step 36: -943672.031
Current log-likelihood at step 37: -943671.523
Current log-likelihood at step 38: -943671.101
Current log-likelihood at step 39: -943670.763
Current log-likelihood at step 40: -943670.487
Current log-likelihood at step 41: -943670.271
Current log-likelihood at step 42: -943670.090
Current log-likelihood at step 43: -943669.942
Current log-likelihood at step 44: -943669.816
Current log-likelihood at step 45: -943669.710
Current log-likelihood at step 46: -943669.617
Partition-specific rates:  0.443 1.604 0.521 0.972 0.738 1.100 1.281 0.601 0.939 0.405 0.267
Parameters optimization took 45 rounds (408.841 sec)

Wrote distance file to... 
Computing ML distances based on estimated model parameters...
Calculating distance matrix: done in 8.97776e-05 secs
Computing ML distances took 0.000190 sec (of wall-clock time) 0.000000 sec (of CPU time)
Setting up auxiliary I and S matrices: done in 0.000319536 secs
Constructing RapidNJ tree: done in 0.00763225 secs using 41.94% CPU
Computing RapidNJ tree took 0.008007 sec (of wall-clock time) 0.003201 sec (of CPU time)
Log-likelihood of RapidNJ tree: -1047007.356
--------------------------------------------------------------------
|             INITIALIZING CANDIDATE TREE SET                      |
--------------------------------------------------------------------
Generating 98 parsimony trees... 24.023 second
Computing log-likelihood of 98 initial trees ... 90.697 seconds
Current best score: -943669.617

Do NNI search on 20 best initial trees
Optimizing NNI: done in 7.33642 secs using 393.6% CPU
Estimate model parameters (epsilon = 0.100)
Initial log-likelihood: -943483.797
Current log-likelihood at step 1: -943482.183
Current log-likelihood at step 2: -943482.074
Current log-likelihood at step 3: -943481.983
Parameters optimization took 2 rounds (25.877 sec)

BETTER TREE FOUND at iteration 1: -943481.983
Optimizing NNI: done in 14.3375 secs using 398.5% CPU
Optimizing NNI: done in 18.6207 secs using 397.3% CPU
Optimizing NNI: done in 14.4488 secs using 398.6% CPU
Optimizing NNI: done in 16.5696 secs using 398.8% CPU
Optimizing NNI: done in 13.9861 secs using 398.6% CPU
Optimizing NNI: done in 22.4776 secs using 397.2% CPU
Optimizing NNI: done in 15.3998 secs using 397.2% CPU
Optimizing NNI: done in 15.536 secs using 397.2% CPU
Optimizing NNI: done in 17.8469 secs using 397.7% CPU
Iteration 10 / LogL: -943493.337 / Time: 0h:12m:3s
Optimizing NNI: done in 20.6174 secs using 397.9% CPU
Optimizing NNI: done in 20.6154 secs using 397.8% CPU
Optimizing NNI: done in 21.0587 secs using 398.1% CPU
Optimizing NNI: done in 17.0262 secs using 398% CPU
Optimizing NNI: done in 16.0657 secs using 397.3% CPU
Optimizing NNI: done in 17.4383 secs using 397.5% CPU
Optimizing NNI: done in 15.053 secs using 397.9% CPU
Optimizing NNI: done in 15.5552 secs using 398.2% CPU
Optimizing NNI: done in 14.325 secs using 396.1% CPU
Optimizing NNI: done in 13.7318 secs using 398.1% CPU
Iteration 20 / LogL: -943578.987 / Time: 0h:14m:56s
Finish initializing candidate tree set (1)
Current best tree score: -943481.983 / CPU time: 472.130
Number of iterations: 20
--------------------------------------------------------------------
|               OPTIMIZING CANDIDATE TREE SET                      |
--------------------------------------------------------------------
Optimizing NNI: done in 14.1441 secs using 395.4% CPU
Optimizing NNI: done in 16.7375 secs using 396.7% CPU
Optimizing NNI: done in 16.7783 secs using 398.2% CPU
Optimizing NNI: done in 17.5947 secs using 397.1% CPU
Optimizing NNI: done in 17.7423 secs using 396.9% CPU
Optimizing NNI: done in 13.4153 secs using 398.5% CPU
Optimizing NNI: done in 14.3684 secs using 398.4% CPU
Optimizing NNI: done in 18.353 secs using 396.4% CPU
Optimizing NNI: done in 15.5714 secs using 398.3% CPU
Optimizing NNI: done in 11.0796 secs using 398.6% CPU
Iteration 30 / LogL: -943482.258 / Time: 0h:17m:34s (4h:45m:15s left)
Optimizing NNI: done in 18.7316 secs using 397.7% CPU
Optimizing NNI: done in 14.8645 secs using 397.5% CPU
Optimizing NNI: done in 15.0311 secs using 397.1% CPU
Optimizing NNI: done in 16.0484 secs using 394.9% CPU
Optimizing NNI: done in 17.7202 secs using 395.6% CPU
Optimizing NNI: done in 26.3258 secs using 396.8% CPU
Optimizing NNI: done in 7.68068 secs using 398.1% CPU
Optimizing NNI: done in 16.0998 secs using 397.9% CPU
Optimizing NNI: done in 20.9679 secs using 397.2% CPU
Optimizing NNI: done in 19.984 secs using 397.7% CPU
Iteration 40 / LogL: -943483.128 / Time: 0h:20m:29s (4h:2m:8s left)
Optimizing NNI: done in 13.06 secs using 395.6% CPU
Optimizing NNI: done in 15.0756 secs using 398.4% CPU
Optimizing NNI: done in 19.2613 secs using 398.3% CPU
Optimizing NNI: done in 21.3162 secs using 398.2% CPU
Optimizing NNI: done in 12.9363 secs using 397.3% CPU
Optimizing NNI: done in 18.1764 secs using 397.5% CPU
Optimizing NNI: done in 19.5255 secs using 398% CPU
Optimizing NNI: done in 15.7243 secs using 398.1% CPU
Optimizing NNI: done in 18.1583 secs using 398.4% CPU
Optimizing NNI: done in 20.8253 secs using 397.8% CPU
Iteration 50 / LogL: -943482.295 / Time: 0h:23m:25s (3h:35m:31s left)
Log-likelihood cutoff on original alignment: -943512.464
Optimizing NNI: done in 17.8083 secs using 397.5% CPU
Optimizing NNI: done in 18.1952 secs using 397.3% CPU
Optimizing NNI: done in 19.515 secs using 398.4% CPU
Optimizing NNI: done in 22.1719 secs using 398.2% CPU
Optimizing NNI: done in 20.3374 secs using 398.1% CPU
Optimizing NNI: done in 16.6883 secs using 398.1% CPU
Optimizing NNI: done in 14.1747 secs using 398% CPU
Optimizing NNI: done in 12.7034 secs using 398% CPU
Optimizing NNI: done in 13.6678 secs using 398.2% CPU
Optimizing NNI: done in 21.0606 secs using 395.6% CPU
Iteration 60 / LogL: -943482.647 / Time: 0h:26m:23s (3h:17m:13s left)
Optimizing NNI: done in 13.0722 secs using 395.6% CPU
Optimizing NNI: done in 19.4124 secs using 395.9% CPU
Optimizing NNI: done in 18.4455 secs using 393.6% CPU
Optimizing NNI: done in 14.61 secs using 396.2% CPU
Optimizing NNI: done in 14.7148 secs using 393.5% CPU
Optimizing NNI: done in 16.8873 secs using 397.7% CPU
Optimizing NNI: done in 17.5102 secs using 396.8% CPU
Optimizing NNI: done in 19.1832 secs using 397.8% CPU
Optimizing NNI: done in 10.9432 secs using 397.1% CPU
Optimizing NNI: done in 19.7583 secs using 398.2% CPU
Iteration 70 / LogL: -943482.702 / Time: 0h:29m:9s (3h:2m:8s left)
Optimizing NNI: done in 18.4722 secs using 398.2% CPU
Optimizing NNI: done in 20.1387 secs using 398.2% CPU
Optimizing NNI: done in 15.6194 secs using 398.4% CPU
Optimizing NNI: done in 21.2178 secs using 398.2% CPU
Optimizing NNI: done in 15.5714 secs using 398.4% CPU
Optimizing NNI: done in 14.1795 secs using 398.4% CPU
Optimizing NNI: done in 15.3035 secs using 398% CPU
Optimizing NNI: done in 14.7111 secs using 398.3% CPU
Optimizing NNI: done in 16.7791 secs using 398.2% CPU
Optimizing NNI: done in 16.7974 secs using 398.1% CPU
Iteration 80 / LogL: -943483.692 / Time: 0h:32m:0s (2h:50m:32s left)
Optimizing NNI: done in 15.3286 secs using 398.5% CPU
Optimizing NNI: done in 14.8477 secs using 398.4% CPU
Optimizing NNI: done in 16.9974 secs using 398.5% CPU
Optimizing NNI: done in 17.1717 secs using 397.7% CPU
Optimizing NNI: done in 18.1372 secs using 395.5% CPU
Optimizing NNI: done in 16.8853 secs using 393.6% CPU
Optimizing NNI: done in 27.0151 secs using 397.2% CPU
Optimizing NNI: done in 16.9782 secs using 396.3% CPU
Optimizing NNI: done in 13.2838 secs using 396.4% CPU
Optimizing NNI: done in 12.1843 secs using 395.2% CPU
Iteration 90 / LogL: -943483.624 / Time: 0h:34m:51s (2h:40m:55s left)
Optimizing NNI: done in 15.8294 secs using 397.9% CPU
Optimizing NNI: done in 17.8975 secs using 397.1% CPU
Optimizing NNI: done in 17.7331 secs using 398.1% CPU
Optimizing NNI: done in 16.7307 secs using 397.7% CPU
Optimizing NNI: done in 15.1589 secs using 398.7% CPU
Optimizing NNI: done in 13.8751 secs using 398.1% CPU
Optimizing NNI: done in 12.8543 secs using 398.3% CPU
Optimizing NNI: done in 14.9521 secs using 398.7% CPU
Optimizing NNI: done in 14.9042 secs using 398.6% CPU
Optimizing NNI: done in 14.7703 secs using 398% CPU
Iteration 100 / LogL: -943482.580 / Time: 0h:37m:27s (2h:31m:43s left)
Log-likelihood cutoff on original alignment: -943513.007
NOTE: Bootstrap correlation coefficient of split occurrence frequencies: 1.000
Optimizing NNI: done in 14.381 secs using 397.4% CPU
Optimizing NNI: done in 15.9711 secs using 398.6% CPU
Optimizing NNI: done in 14.8151 secs using 398.2% CPU
Optimizing NNI: done in 18.3114 secs using 398.3% CPU
Optimizing NNI: done in 11.7787 secs using 398% CPU
Optimizing NNI: done in 18.2135 secs using 397% CPU
Optimizing NNI: done in 13.6996 secs using 397.8% CPU
Optimizing NNI: done in 13.1246 secs using 398.1% CPU
Optimizing NNI: done in 16.3873 secs using 398.3% CPU
Optimizing NNI: done in 13.289 secs using 398.4% CPU
Iteration 110 / LogL: -943482.701 / Time: 0h:39m:59s (2h:23m:26s left)
Optimizing NNI: done in 20.0459 secs using 398.2% CPU
Optimizing NNI: done in 18.0153 secs using 398.4% CPU
Optimizing NNI: done in 15.884 secs using 398.3% CPU
Optimizing NNI: done in 16.515 secs using 398.3% CPU
Optimizing NNI: done in 17.2196 secs using 398.1% CPU
Optimizing NNI: done in 13.4667 secs using 398.3% CPU
Optimizing NNI: done in 17.7241 secs using 398.5% CPU
Optimizing NNI: done in 17.4049 secs using 398.7% CPU
Optimizing NNI: done in 17.3921 secs using 398.3% CPU
Optimizing NNI: done in 16.4071 secs using 397.7% CPU
Iteration 120 / LogL: -943483.480 / Time: 0h:42m:51s (2h:17m:12s left)
Optimizing NNI: done in 15.2363 secs using 396.2% CPU
Optimizing NNI: done in 20.0774 secs using 397.2% CPU
Optimizing NNI: done in 16.2125 secs using 397.6% CPU
Optimizing NNI: done in 17.5081 secs using 398.2% CPU
Optimizing NNI: done in 15.2741 secs using 398.6% CPU
Optimizing NNI: done in 13.2113 secs using 396.3% CPU
Optimizing NNI: done in 15.1455 secs using 396.9% CPU
Optimizing NNI: done in 14.6012 secs using 397.2% CPU
Optimizing NNI: done in 19.4535 secs using 398.1% CPU
Optimizing NNI: done in 17.2976 secs using 398.1% CPU
Iteration 130 / LogL: -943485.095 / Time: 0h:45m:37s (2h:11m:11s left)
Optimizing NNI: done in 19.2676 secs using 398.5% CPU
Optimizing NNI: done in 18.5858 secs using 398.1% CPU
Optimizing NNI: done in 11.1429 secs using 398.3% CPU
Optimizing NNI: done in 17.7044 secs using 398.6% CPU
Optimizing NNI: done in 18.6975 secs using 398.1% CPU
Optimizing NNI: done in 22.1105 secs using 397.8% CPU
Optimizing NNI: done in 19.501 secs using 397.2% CPU
Optimizing NNI: done in 18.7485 secs using 397.9% CPU
Optimizing NNI: done in 16.5591 secs using 394.8% CPU
Optimizing NNI: done in 18.5454 secs using 398.5% CPU
Iteration 140 / LogL: -943482.725 / Time: 0h:48m:40s (2h:6m:23s left)
Optimizing NNI: done in 16.2491 secs using 398% CPU
Optimizing NNI: done in 15.7767 secs using 396.2% CPU
Optimizing NNI: done in 15.9608 secs using 398.5% CPU
Optimizing NNI: done in 22.1476 secs using 398.5% CPU
Optimizing NNI: done in 16.8412 secs using 398.4% CPU
Optimizing NNI: done in 11.888 secs using 398.3% CPU
Optimizing NNI: done in 11.2919 secs using 398.4% CPU
Optimizing NNI: done in 24.001 secs using 397.6% CPU
Optimizing NNI: done in 18.9117 secs using 394.9% CPU
Optimizing NNI: done in 15.5488 secs using 397.7% CPU
Iteration 150 / LogL: -943483.030 / Time: 0h:51m:30s (2h:1m:19s left)
Log-likelihood cutoff on original alignment: -943513.513
Optimizing NNI: done in 17.7895 secs using 395.7% CPU
Optimizing NNI: done in 12.7454 secs using 397.5% CPU
Optimizing NNI: done in 16.8368 secs using 395.9% CPU
Optimizing NNI: done in 17.2658 secs using 396.3% CPU
Optimizing NNI: done in 14.8226 secs using 397.3% CPU
Optimizing NNI: done in 17.5706 secs using 397.1% CPU
Optimizing NNI: done in 19.5314 secs using 397.5% CPU
Optimizing NNI: done in 16.4284 secs using 397.4% CPU
Optimizing NNI: done in 18.3746 secs using 397.3% CPU
Optimizing NNI: done in 15.3173 secs using 396.7% CPU
Iteration 160 / LogL: -943487.620 / Time: 0h:54m:19s (1h:56m:29s left)
Optimizing NNI: done in 18.2649 secs using 397.7% CPU
Optimizing NNI: done in 17.3266 secs using 396% CPU
Optimizing NNI: done in 22.0133 secs using 397.7% CPU
Optimizing NNI: done in 18.4433 secs using 397.7% CPU
Optimizing NNI: done in 15.013 secs using 397.7% CPU
Optimizing NNI: done in 23.377 secs using 397.2% CPU
Optimizing NNI: done in 16.9388 secs using 397% CPU
Optimizing NNI: done in 13.4549 secs using 397.5% CPU
Optimizing NNI: done in 17.7221 secs using 397.4% CPU
Optimizing NNI: done in 11.8039 secs using 396.5% CPU
Iteration 170 / LogL: -943485.791 / Time: 0h:57m:15s (1h:52m:8s left)
Optimizing NNI: done in 15.979 secs using 392.9% CPU
Optimizing NNI: done in 13.8671 secs using 397.3% CPU
Optimizing NNI: done in 16.7588 secs using 394.6% CPU
Optimizing NNI: done in 13.2565 secs using 396% CPU
Optimizing NNI: done in 21.356 secs using 395.6% CPU
Optimizing NNI: done in 17.0766 secs using 395% CPU
Optimizing NNI: done in 24.6509 secs using 397.1% CPU
Optimizing NNI: done in 15.6049 secs using 397.1% CPU
Optimizing NNI: done in 19.1928 secs using 397% CPU
Optimizing NNI: done in 18.2723 secs using 394.8% CPU
Iteration 180 / LogL: -943482.317 / Time: 1h:0m:13s (1h:47m:59s left)
Optimizing NNI: done in 18.4182 secs using 396.7% CPU
Optimizing NNI: done in 12.9994 secs using 397.5% CPU
Optimizing NNI: done in 14.1675 secs using 398.6% CPU
Optimizing NNI: done in 15.3957 secs using 396.2% CPU
Optimizing NNI: done in 14.7597 secs using 398% CPU
Optimizing NNI: done in 21.5846 secs using 398.1% CPU
Optimizing NNI: done in 11.649 secs using 398.1% CPU
Optimizing NNI: done in 20.7624 secs using 397.2% CPU
Optimizing NNI: done in 11.6947 secs using 396.9% CPU
Optimizing NNI: done in 13.5746 secs using 397.9% CPU
Iteration 190 / LogL: -943483.275 / Time: 1h:2m:50s (1h:43m:23s left)
Optimizing NNI: done in 20.8861 secs using 398.5% CPU
Optimizing NNI: done in 14.3503 secs using 398.5% CPU
Optimizing NNI: done in 15.1614 secs using 398.6% CPU
Optimizing NNI: done in 13.366 secs using 398% CPU
Optimizing NNI: done in 11.5643 secs using 397.9% CPU
Optimizing NNI: done in 17.4594 secs using 398.2% CPU
Optimizing NNI: done in 17.6918 secs using 398% CPU
Optimizing NNI: done in 17.6312 secs using 397.5% CPU
Optimizing NNI: done in 18.8753 secs using 396.4% CPU
Optimizing NNI: done in 18.008 secs using 394.3% CPU
Iteration 200 / LogL: -943482.583 / Time: 1h:5m:37s (1h:39m:14s left)
Log-likelihood cutoff on original alignment: -943513.754
NOTE: Bootstrap correlation coefficient of split occurrence frequencies: 1.000
Optimizing NNI: done in 22.6545 secs using 397.5% CPU
Optimizing NNI: done in 25.7858 secs using 397% CPU
Optimizing NNI: done in 15.4101 secs using 396.9% CPU
Optimizing NNI: done in 15.758 secs using 396.5% CPU
Optimizing NNI: done in 19.6912 secs using 398.3% CPU
Optimizing NNI: done in 14.2635 secs using 395.5% CPU
Optimizing NNI: done in 17.3477 secs using 397.2% CPU
Optimizing NNI: done in 20.6083 secs using 396.3% CPU
Optimizing NNI: done in 18.2802 secs using 398.1% CPU
Optimizing NNI: done in 16.4087 secs using 397% CPU
Iteration 210 / LogL: -943488.013 / Time: 1h:8m:45s (1h:35m:43s left)
Optimizing NNI: done in 13.2144 secs using 397.5% CPU
Optimizing NNI: done in 15.5057 secs using 398.2% CPU
Optimizing NNI: done in 16.0931 secs using 397.7% CPU
Optimizing NNI: done in 12.2177 secs using 396.8% CPU
Optimizing NNI: done in 13.814 secs using 398.9% CPU
Optimizing NNI: done in 16.2035 secs using 397.9% CPU
Optimizing NNI: done in 13.9054 secs using 395.2% CPU
Optimizing NNI: done in 14.3634 secs using 395.1% CPU
Optimizing NNI: done in 17.1344 secs using 397.6% CPU
Optimizing NNI: done in 20.0936 secs using 396.4% CPU
Iteration 220 / LogL: -943483.591 / Time: 1h:11m:19s (1h:31m:30s left)
Optimizing NNI: done in 19.6887 secs using 397.6% CPU
Optimizing NNI: done in 18.3746 secs using 397.5% CPU
Optimizing NNI: done in 18.503 secs using 397.1% CPU
Optimizing NNI: done in 15.9573 secs using 396.5% CPU
Optimizing NNI: done in 16.6907 secs using 398% CPU
Optimizing NNI: done in 15.6055 secs using 397.5% CPU
Optimizing NNI: done in 15.5129 secs using 398.6% CPU
Optimizing NNI: done in 14.9972 secs using 398.6% CPU
Optimizing NNI: done in 22.7142 secs using 398.6% CPU
Optimizing NNI: done in 17.1952 secs using 398.7% CPU
Iteration 230 / LogL: -943482.515 / Time: 1h:14m:16s (1h:27m:53s left)
Optimizing NNI: done in 14.6231 secs using 398.5% CPU
Optimizing NNI: done in 12.8034 secs using 398.6% CPU
Optimizing NNI: done in 21.0454 secs using 398.5% CPU
Optimizing NNI: done in 19.304 secs using 398.5% CPU
Optimizing NNI: done in 18.4172 secs using 398.8% CPU
Optimizing NNI: done in 19.6016 secs using 398.6% CPU
Optimizing NNI: done in 12.9008 secs using 398.1% CPU
Optimizing NNI: done in 18.48 secs using 398.5% CPU
Optimizing NNI: done in 23.7503 secs using 397.4% CPU
Optimizing NNI: done in 13.1957 secs using 395.6% CPU
Iteration 240 / LogL: -943491.166 / Time: 1h:17m:12s (1h:24m:18s left)
Optimizing NNI: done in 17.518 secs using 397% CPU
Optimizing NNI: done in 15.6266 secs using 398.3% CPU
Optimizing NNI: done in 17.7398 secs using 395.9% CPU
Optimizing NNI: done in 12.2761 secs using 398.3% CPU
Optimizing NNI: done in 14.5415 secs using 397.7% CPU
Optimizing NNI: done in 17.9819 secs using 396.6% CPU
Optimizing NNI: done in 17.959 secs using 397.1% CPU
Optimizing NNI: done in 17.3841 secs using 396.8% CPU
Optimizing NNI: done in 16.5398 secs using 398.3% CPU
Optimizing NNI: done in 14.1199 secs using 398.3% CPU
Iteration 250 / LogL: -943483.599 / Time: 1h:19m:56s (1h:20m:34s left)
Log-likelihood cutoff on original alignment: -943514.480
Optimizing NNI: done in 14.7764 secs using 398.1% CPU
Optimizing NNI: done in 15.002 secs using 398.4% CPU
Optimizing NNI: done in 16.5221 secs using 396.5% CPU
Optimizing NNI: done in 15.2836 secs using 398.5% CPU
Optimizing NNI: done in 18.2718 secs using 395.7% CPU
Optimizing NNI: done in 12.9269 secs using 396.3% CPU
Optimizing NNI: done in 14.8417 secs using 398.6% CPU
Optimizing NNI: done in 12.4922 secs using 396.4% CPU
Optimizing NNI: done in 17.3008 secs using 397% CPU
Optimizing NNI: done in 16.2581 secs using 398.6% CPU
Iteration 260 / LogL: -943487.528 / Time: 1h:22m:31s (1h:16m:47s left)
Optimizing NNI: done in 17.0818 secs using 397.1% CPU
Optimizing NNI: done in 14.1405 secs using 394.5% CPU
Optimizing NNI: done in 17.6352 secs using 398% CPU
Optimizing NNI: done in 20.3204 secs using 397.9% CPU
Optimizing NNI: done in 15.1032 secs using 397.1% CPU
Optimizing NNI: done in 18.4843 secs using 398.4% CPU
Optimizing NNI: done in 17.7076 secs using 397.2% CPU
Optimizing NNI: done in 16.5128 secs using 398.1% CPU
Optimizing NNI: done in 15.9444 secs using 397.8% CPU
Optimizing NNI: done in 20.6235 secs using 398.3% CPU
Iteration 270 / LogL: -943483.052 / Time: 1h:25m:27s (1h:13m:22s left)
Optimizing NNI: done in 13.4733 secs using 398.6% CPU
Optimizing NNI: done in 17.5857 secs using 398.2% CPU
Optimizing NNI: done in 19.4791 secs using 396.4% CPU
Optimizing NNI: done in 20.5522 secs using 396.7% CPU
Optimizing NNI: done in 13.8113 secs using 398% CPU
Optimizing NNI: done in 18.0393 secs using 398.2% CPU
Optimizing NNI: done in 19.8385 secs using 396.7% CPU
Optimizing NNI: done in 16.8524 secs using 398% CPU
Optimizing NNI: done in 19.9501 secs using 397.3% CPU
Optimizing NNI: done in 14.8645 secs using 397.9% CPU
Iteration 280 / LogL: -943485.288 / Time: 1h:28m:23s (1h:10m:0s left)
Optimizing NNI: done in 14.1493 secs using 397.8% CPU
Optimizing NNI: done in 14.9947 secs using 398.1% CPU
Optimizing NNI: done in 21.223 secs using 398.1% CPU
Optimizing NNI: done in 17.9405 secs using 398.4% CPU
Optimizing NNI: done in 15.9003 secs using 398.3% CPU
Optimizing NNI: done in 16.062 secs using 397.2% CPU
Optimizing NNI: done in 11.6167 secs using 398.3% CPU
Optimizing NNI: done in 17.2632 secs using 398.5% CPU
Optimizing NNI: done in 16.0032 secs using 398.2% CPU
Optimizing NNI: done in 18.3939 secs using 398.2% CPU
Iteration 290 / LogL: -943482.158 / Time: 1h:31m:8s (1h:6m:32s left)
Optimizing NNI: done in 19.8993 secs using 398.7% CPU
Optimizing NNI: done in 20.8753 secs using 398.1% CPU
Optimizing NNI: done in 20.266 secs using 397.3% CPU
Optimizing NNI: done in 15.4846 secs using 397.9% CPU
Optimizing NNI: done in 21.7997 secs using 397.3% CPU
Optimizing NNI: done in 15.2575 secs using 398.1% CPU
Optimizing NNI: done in 15.9516 secs using 398.5% CPU
Optimizing NNI: done in 17.6888 secs using 398.4% CPU
Optimizing NNI: done in 15.1474 secs using 398.1% CPU
Optimizing NNI: done in 19.5714 secs using 398.3% CPU
Iteration 300 / LogL: -943484.704 / Time: 1h:34m:12s (1h:3m:19s left)
Log-likelihood cutoff on original alignment: -943515.426
NOTE: Bootstrap correlation coefficient of split occurrence frequencies: 1.000
Optimizing NNI: done in 13.7752 secs using 398.4% CPU
Optimizing NNI: done in 12.3335 secs using 398.7% CPU
Optimizing NNI: done in 12.9365 secs using 397.2% CPU
Optimizing NNI: done in 20.7142 secs using 398% CPU
Optimizing NNI: done in 9.87504 secs using 398.5% CPU
Optimizing NNI: done in 16.9571 secs using 398.7% CPU
Optimizing NNI: done in 12.9334 secs using 398% CPU
Optimizing NNI: done in 18.243 secs using 398.3% CPU
Optimizing NNI: done in 16.8766 secs using 397.9% CPU
Optimizing NNI: done in 17.5823 secs using 397.4% CPU
Iteration 310 / LogL: -943491.490 / Time: 1h:36m:46s (0h:59m:49s left)
Optimizing NNI: done in 21.4354 secs using 397.8% CPU
Optimizing NNI: done in 12.7931 secs using 396.3% CPU
Optimizing NNI: done in 15.5001 secs using 396.5% CPU
Optimizing NNI: done in 16.9928 secs using 398% CPU
Optimizing NNI: done in 15.7486 secs using 396.6% CPU
Optimizing NNI: done in 17.4998 secs using 397.7% CPU
Optimizing NNI: done in 12.7155 secs using 397.7% CPU
Optimizing NNI: done in 20.114 secs using 396.1% CPU
Optimizing NNI: done in 18.4288 secs using 397.4% CPU
Optimizing NNI: done in 25.2117 secs using 397.7% CPU
Iteration 320 / LogL: -943488.141 / Time: 1h:39m:45s (0h:56m:35s left)
Optimizing NNI: done in 14.1973 secs using 396.4% CPU
Optimizing NNI: done in 11.9999 secs using 398.3% CPU
Optimizing NNI: done in 15.2347 secs using 396.8% CPU
Optimizing NNI: done in 18.4384 secs using 398.2% CPU
Optimizing NNI: done in 16.9714 secs using 397% CPU
Optimizing NNI: done in 11.9468 secs using 397.7% CPU
Optimizing NNI: done in 13.2942 secs using 398.6% CPU
Optimizing NNI: done in 20.1636 secs using 398.3% CPU
Optimizing NNI: done in 14.9845 secs using 398.6% CPU
Optimizing NNI: done in 18.3044 secs using 398.8% CPU
Iteration 330 / LogL: -943482.191 / Time: 1h:42m:22s (0h:53m:12s left)
Optimizing NNI: done in 15.5573 secs using 398.6% CPU
Optimizing NNI: done in 12.2161 secs using 398.8% CPU
Optimizing NNI: done in 18.1561 secs using 398.5% CPU
Optimizing NNI: done in 11.127 secs using 398.9% CPU
Optimizing NNI: done in 17.4693 secs using 398.4% CPU
Optimizing NNI: done in 15.9777 secs using 398.5% CPU
Optimizing NNI: done in 16.6261 secs using 398.4% CPU
Optimizing NNI: done in 17.8789 secs using 397.8% CPU
Optimizing NNI: done in 22.3126 secs using 398.2% CPU
Optimizing NNI: done in 12.8151 secs using 398.3% CPU
Iteration 340 / LogL: -943489.272 / Time: 1h:45m:4s (0h:49m:53s left)
Optimizing NNI: done in 15.681 secs using 398.3% CPU
Optimizing NNI: done in 23.7678 secs using 398.7% CPU
Optimizing NNI: done in 17.7558 secs using 398.7% CPU
Optimizing NNI: done in 18.0157 secs using 398.3% CPU
Optimizing NNI: done in 12.2934 secs using 398.4% CPU
Optimizing NNI: done in 15.5845 secs using 398.3% CPU
Optimizing NNI: done in 18.8625 secs using 397.4% CPU
Optimizing NNI: done in 17.9728 secs using 397.2% CPU
Optimizing NNI: done in 19.1986 secs using 397.4% CPU
Optimizing NNI: done in 12.9148 secs using 396.7% CPU
Iteration 350 / LogL: -943483.614 / Time: 1h:47m:58s (0h:46m:42s left)
Log-likelihood cutoff on original alignment: -943515.505
Optimizing NNI: done in 20.1702 secs using 398.4% CPU
Optimizing NNI: done in 17.0914 secs using 398.5% CPU
Optimizing NNI: done in 11.2725 secs using 398.4% CPU
Optimizing NNI: done in 12.4333 secs using 398.4% CPU
Optimizing NNI: done in 20.5794 secs using 398.7% CPU
Optimizing NNI: done in 13.5341 secs using 398.4% CPU
Optimizing NNI: done in 16.5719 secs using 398.1% CPU
Optimizing NNI: done in 17.4152 secs using 397.6% CPU
Optimizing NNI: done in 17.3103 secs using 397.5% CPU
Optimizing NNI: done in 19.6186 secs using 398.5% CPU
Iteration 360 / LogL: -943482.182 / Time: 1h:50m:46s (0h:43m:30s left)
Optimizing NNI: done in 22.4725 secs using 397.8% CPU
Optimizing NNI: done in 17.6492 secs using 398.3% CPU
Optimizing NNI: done in 14.6404 secs using 397.8% CPU
Optimizing NNI: done in 16.4945 secs using 397.2% CPU
Optimizing NNI: done in 20.2738 secs using 397.2% CPU
Optimizing NNI: done in 18.1909 secs using 398.2% CPU
Optimizing NNI: done in 16.7849 secs using 397.1% CPU
Optimizing NNI: done in 16.2306 secs using 398.2% CPU
Optimizing NNI: done in 15.9027 secs using 398.8% CPU
Optimizing NNI: done in 15.5401 secs using 398.6% CPU
Iteration 370 / LogL: -943484.877 / Time: 1h:53m:42s (0h:40m:21s left)
Optimizing NNI: done in 23.2847 secs using 398.3% CPU
Optimizing NNI: done in 15.8737 secs using 397.7% CPU
Optimizing NNI: done in 18.4634 secs using 398.3% CPU
Optimizing NNI: done in 15.6257 secs using 398.5% CPU
Optimizing NNI: done in 16.4908 secs using 398.4% CPU
Optimizing NNI: done in 11.42 secs using 398.7% CPU
Optimizing NNI: done in 17.5638 secs using 398.5% CPU
Optimizing NNI: done in 19.1133 secs using 398.7% CPU
Optimizing NNI: done in 18.2747 secs using 398.4% CPU
Optimizing NNI: done in 18.599 secs using 398.4% CPU
Iteration 380 / LogL: -943482.616 / Time: 1h:56m:38s (0h:37m:14s left)
Optimizing NNI: done in 16.6252 secs using 398.5% CPU
Optimizing NNI: done in 13.8564 secs using 398.4% CPU
Optimizing NNI: done in 14.8854 secs using 398.3% CPU
Optimizing NNI: done in 20.0876 secs using 398.5% CPU
Optimizing NNI: done in 20.0003 secs using 398.6% CPU
Optimizing NNI: done in 16.8897 secs using 398.3% CPU
Optimizing NNI: done in 19.0706 secs using 398.4% CPU
Optimizing NNI: done in 16.0139 secs using 398.7% CPU
Optimizing NNI: done in 17.8489 secs using 398.8% CPU
Optimizing NNI: done in 17.1977 secs using 398.5% CPU
Iteration 390 / LogL: -943482.414 / Time: 1h:59m:33s (0h:34m:6s left)
Optimizing NNI: done in 13.7296 secs using 398.9% CPU
Optimizing NNI: done in 18.6878 secs using 398.8% CPU
Optimizing NNI: done in 20.4661 secs using 398.6% CPU
Optimizing NNI: done in 22.617 secs using 398.5% CPU
Optimizing NNI: done in 18.5894 secs using 398.6% CPU
Optimizing NNI: done in 17.5862 secs using 398.7% CPU
Optimizing NNI: done in 20.8499 secs using 398.4% CPU
Optimizing NNI: done in 15.33 secs using 398.9% CPU
Optimizing NNI: done in 19.9971 secs using 398.4% CPU
Optimizing NNI: done in 12.0915 secs using 398.2% CPU
Iteration 400 / LogL: -943499.556 / Time: 2h:2m:34s (0h:31m:1s left)
Log-likelihood cutoff on original alignment: -943515.505
NOTE: Bootstrap correlation coefficient of split occurrence frequencies: 1.000
Optimizing NNI: done in 12.3398 secs using 397.2% CPU
Optimizing NNI: done in 18.6152 secs using 397.2% CPU
Optimizing NNI: done in 15.375 secs using 397.3% CPU
Optimizing NNI: done in 13.4007 secs using 398.3% CPU
Optimizing NNI: done in 17.9226 secs using 398.4% CPU
Optimizing NNI: done in 13.8382 secs using 398.3% CPU
Optimizing NNI: done in 16.2558 secs using 398.5% CPU
Optimizing NNI: done in 13.0385 secs using 398.3% CPU
Optimizing NNI: done in 20.6873 secs using 398.4% CPU
Optimizing NNI: done in 10.9794 secs using 398.5% CPU
Iteration 410 / LogL: -943482.789 / Time: 2h:5m:9s (0h:27m:50s left)
Optimizing NNI: done in 15.2499 secs using 398.5% CPU
Optimizing NNI: done in 13.2383 secs using 398.2% CPU
Optimizing NNI: done in 14.3028 secs using 396.9% CPU
Optimizing NNI: done in 14.3831 secs using 396.4% CPU
Optimizing NNI: done in 17.42 secs using 397.5% CPU
Optimizing NNI: done in 24.4462 secs using 397.6% CPU
Optimizing NNI: done in 17.0477 secs using 397.9% CPU
Optimizing NNI: done in 16.8619 secs using 397.7% CPU
Optimizing NNI: done in 11.2346 secs using 396.5% CPU
Optimizing NNI: done in 15.2661 secs using 398.1% CPU
Iteration 420 / LogL: -943482.073 / Time: 2h:7m:50s (0h:24m:42s left)
Optimizing NNI: done in 22.2572 secs using 397.7% CPU
Optimizing NNI: done in 19.9593 secs using 396.4% CPU
Optimizing NNI: done in 17.9086 secs using 397.8% CPU
Optimizing NNI: done in 17.8896 secs using 397.6% CPU
Optimizing NNI: done in 16.9337 secs using 397.6% CPU
Optimizing NNI: done in 16.9746 secs using 397.8% CPU
Optimizing NNI: done in 20.2947 secs using 397.8% CPU
Optimizing NNI: done in 16.3954 secs using 397.8% CPU
Optimizing NNI: done in 16.5628 secs using 397.6% CPU
Optimizing NNI: done in 20.4975 secs using 397.6% CPU
Iteration 430 / LogL: -943488.527 / Time: 2h:10m:58s (0h:21m:40s left)
Optimizing NNI: done in 19.4285 secs using 397.8% CPU
Optimizing NNI: done in 18.0019 secs using 396.7% CPU
Optimizing NNI: done in 13.6817 secs using 397.6% CPU
Optimizing NNI: done in 16.9756 secs using 395.4% CPU
Optimizing NNI: done in 17.1673 secs using 397.9% CPU
Optimizing NNI: done in 14.563 secs using 396.2% CPU
Optimizing NNI: done in 19.9483 secs using 396.5% CPU
Optimizing NNI: done in 14.0142 secs using 398.1% CPU
Optimizing NNI: done in 17.6702 secs using 398.1% CPU
Optimizing NNI: done in 17.0252 secs using 398.4% CPU
Iteration 440 / LogL: -943487.591 / Time: 2h:13m:48s (0h:18m:35s left)
Optimizing NNI: done in 19.5305 secs using 398.5% CPU
Optimizing NNI: done in 17.6444 secs using 398.5% CPU
Optimizing NNI: done in 14.9453 secs using 397.7% CPU
Optimizing NNI: done in 20.1661 secs using 397% CPU
Optimizing NNI: done in 16.3445 secs using 397.9% CPU
Optimizing NNI: done in 17.3107 secs using 396.8% CPU
Optimizing NNI: done in 22.106 secs using 397.6% CPU
Optimizing NNI: done in 14.5809 secs using 398.5% CPU
Optimizing NNI: done in 19.1617 secs using 398.4% CPU
Optimizing NNI: done in 13.0212 secs using 398.6% CPU
Iteration 450 / LogL: -943484.510 / Time: 2h:16m:45s (0h:15m:31s left)
Log-likelihood cutoff on original alignment: -943515.505
Optimizing NNI: done in 19.4023 secs using 398.2% CPU
Optimizing NNI: done in 16.5896 secs using 398.2% CPU
Optimizing NNI: done in 17.2618 secs using 397.7% CPU
Optimizing NNI: done in 16.5583 secs using 398.6% CPU
Optimizing NNI: done in 18.1862 secs using 398.5% CPU
Optimizing NNI: done in 21.4322 secs using 398.5% CPU
Optimizing NNI: done in 15.4383 secs using 397.8% CPU
Optimizing NNI: done in 18.0765 secs using 398.2% CPU
Optimizing NNI: done in 22.4287 secs using 398.2% CPU
Optimizing NNI: done in 24.4348 secs using 398.4% CPU
Iteration 460 / LogL: -943482.367 / Time: 2h:19m:56s (0h:12m:30s left)
Optimizing NNI: done in 17.9276 secs using 398.3% CPU
Optimizing NNI: done in 20.7083 secs using 398.5% CPU
Optimizing NNI: done in 15.4656 secs using 398.6% CPU
Optimizing NNI: done in 14.8286 secs using 398.5% CPU
Optimizing NNI: done in 15.5548 secs using 398.3% CPU
Optimizing NNI: done in 16.343 secs using 398.4% CPU
Optimizing NNI: done in 11.1376 secs using 398.8% CPU
Optimizing NNI: done in 19.4224 secs using 398.4% CPU
Optimizing NNI: done in 15.5638 secs using 398.5% CPU
Optimizing NNI: done in 18.1319 secs using 398.6% CPU
Iteration 470 / LogL: -943482.263 / Time: 2h:22m:43s (0h:9m:26s left)
Optimizing NNI: done in 15.8134 secs using 398% CPU
Optimizing NNI: done in 21.9657 secs using 398.6% CPU
Optimizing NNI: done in 17.5424 secs using 398.4% CPU
Optimizing NNI: done in 11.6335 secs using 398% CPU
Optimizing NNI: done in 22.8503 secs using 397.6% CPU
Optimizing NNI: done in 15.3563 secs using 398.5% CPU
Optimizing NNI: done in 16.5813 secs using 397.5% CPU
Optimizing NNI: done in 18.9694 secs using 397.4% CPU
Optimizing NNI: done in 17.0198 secs using 397.5% CPU
Optimizing NNI: done in 18.6785 secs using 397.3% CPU
Iteration 480 / LogL: -943498.961 / Time: 2h:25m:42s (0h:6m:23s left)
Optimizing NNI: done in 9.28902 secs using 398.6% CPU
Optimizing NNI: done in 19.2439 secs using 397.6% CPU
Optimizing NNI: done in 19.4949 secs using 397.8% CPU
Optimizing NNI: done in 17.2604 secs using 398% CPU
Optimizing NNI: done in 17.4544 secs using 397.8% CPU
Optimizing NNI: done in 16.8113 secs using 397.7% CPU
Optimizing NNI: done in 16.2593 secs using 397.6% CPU
Optimizing NNI: done in 18.5243 secs using 397.8% CPU
Optimizing NNI: done in 15.4212 secs using 398.4% CPU
Optimizing NNI: done in 16.0128 secs using 398.6% CPU
Iteration 490 / LogL: -943483.134 / Time: 2h:28m:29s (0h:3m:20s left)
Optimizing NNI: done in 18.7889 secs using 398.5% CPU
Optimizing NNI: done in 14.4047 secs using 398.3% CPU
Optimizing NNI: done in 15.8777 secs using 398.1% CPU
Optimizing NNI: done in 20.688 secs using 395.5% CPU
Optimizing NNI: done in 17.4106 secs using 396.2% CPU
Optimizing NNI: done in 17.1793 secs using 398% CPU
Optimizing NNI: done in 16.3213 secs using 397.6% CPU
Optimizing NNI: done in 17.7612 secs using 397.1% CPU
Optimizing NNI: done in 16.1875 secs using 398.6% CPU
Optimizing NNI: done in 16.6259 secs using 396.8% CPU
Iteration 500 / LogL: -943510.119 / Time: 2h:31m:22s (0h:0m:18s left)
Log-likelihood cutoff on original alignment: -943516.001
NOTE: Bootstrap correlation coefficient of split occurrence frequencies: 1.000
Optimizing NNI: done in 15.6014 secs using 398.2% CPU
Optimizing NNI: done in 19.5263 secs using 396.5% CPU
TREE SEARCH COMPLETED AFTER 502 ITERATIONS / Time: 2h:31m:58s

--------------------------------------------------------------------
|                    FINALIZING TREE SEARCH                        |
--------------------------------------------------------------------
Performs final model parameters optimization
Estimate model parameters (epsilon = 0.010)
Initial log-likelihood: -943481.983
Current log-likelihood at step 1: -943481.903
Current log-likelihood at step 2: -943481.841
Current log-likelihood at step 3: -943481.777
Current log-likelihood at step 4: -943481.726
Current log-likelihood at step 5: -943481.666
Current log-likelihood at step 6: -943481.625
Current log-likelihood at step 7: -943481.588
Current log-likelihood at step 8: -943481.550
Current log-likelihood at step 9: -943481.520
Current log-likelihood at step 10: -943481.492
Current log-likelihood at step 11: -943481.467
Current log-likelihood at step 12: -943481.448
Current log-likelihood at step 13: -943481.429
Current log-likelihood at step 14: -943481.412
Current log-likelihood at step 15: -943481.394
Current log-likelihood at step 16: -943481.378
Current log-likelihood at step 17: -943481.362
Current log-likelihood at step 18: -943481.348
Current log-likelihood at step 19: -943481.335
Current log-likelihood at step 20: -943481.323
Current log-likelihood at step 21: -943481.313
Current log-likelihood at step 22: -943481.301
Current log-likelihood at step 23: -943481.292
Partition-specific rates:  0.443 1.606 0.521 0.971 0.738 1.103 1.281 0.600 0.940 0.404 0.270
Parameters optimization took 22 rounds (131.044 sec)

Partition information was printed to 03_ML_1/MLtree.best_model.nex
BEST SCORE FOUND : -943481.292
Creating bootstrap support values...
Split supports printed to NEXUS file 03_ML_1/MLtree.splits.nex
Total tree length: 12.763

Total number of iterations: 502
CPU time used for tree search: 34463.061 sec (9h:34m:23s)
Wall-clock time used for tree search: 8694.195 sec (2h:24m:54s)
Total CPU time used: 36264.521 sec (10h:4m:24s)
Total wall-clock time used: 9249.876 sec (2h:34m:9s)

Computing bootstrap consensus tree...
Reading input file 03_ML_1/MLtree.splits.nex...
31 taxa and 62 splits.
Consensus tree written to 03_ML_1/MLtree.contree
Reading input trees file 03_ML_1/MLtree.contree
Log-likelihood of consensus tree: -943481.292

---> START RUN NUMBER 3 (seed: 195268)

Create initial parsimony tree by phylogenetic likelihood library (PLL)... 0.202 seconds
Generating 1000 samples for ultrafast bootstrap (seed: 195268)...

NOTE: 728 MB RAM (0 GB) is required!
Estimate model parameters (epsilon = 0.100)
Initial log-likelihood: -962789.371
Current log-likelihood at step 1: -944634.221
Current log-likelihood at step 2: -943959.651
Current log-likelihood at step 3: -943845.225
Current log-likelihood at step 4: -943799.736
Current log-likelihood at step 5: -943774.940
Current log-likelihood at step 6: -943758.530
Current log-likelihood at step 7: -943746.835
Current log-likelihood at step 8: -943738.004
Current log-likelihood at step 9: -943730.882
Current log-likelihood at step 10: -943724.851
Current log-likelihood at step 11: -943719.555
Current log-likelihood at step 12: -943714.848
Current log-likelihood at step 13: -943710.621
Current log-likelihood at step 14: -943706.832
Current log-likelihood at step 15: -943703.411
Current log-likelihood at step 16: -943700.358
Current log-likelihood at step 17: -943697.586
Current log-likelihood at step 18: -943695.150
Current log-likelihood at step 19: -943692.979
Current log-likelihood at step 20: -943691.029
Current log-likelihood at step 21: -943689.254
Current log-likelihood at step 22: -943687.617
Current log-likelihood at step 23: -943686.053
Current log-likelihood at step 24: -943684.594
Current log-likelihood at step 25: -943683.220
Current log-likelihood at step 26: -943681.898
Current log-likelihood at step 27: -943680.619
Current log-likelihood at step 28: -943679.385
Current log-likelihood at step 29: -943678.190
Current log-likelihood at step 30: -943677.065
Current log-likelihood at step 31: -943675.998
Current log-likelihood at step 32: -943675.028
Current log-likelihood at step 33: -943674.143
Current log-likelihood at step 34: -943673.342
Current log-likelihood at step 35: -943672.637
Current log-likelihood at step 36: -943672.026
Current log-likelihood at step 37: -943671.517
Current log-likelihood at step 38: -943671.100
Current log-likelihood at step 39: -943670.759
Current log-likelihood at step 40: -943670.486
Current log-likelihood at step 41: -943670.262
Current log-likelihood at step 42: -943670.088
Current log-likelihood at step 43: -943669.939
Current log-likelihood at step 44: -943669.814
Current log-likelihood at step 45: -943669.710
Current log-likelihood at step 46: -943669.617
Partition-specific rates:  0.443 1.604 0.521 0.972 0.737 1.100 1.281 0.601 0.939 0.405 0.267
Parameters optimization took 45 rounds (415.426 sec)

Wrote distance file to... 
Computing ML distances based on estimated model parameters...
Calculating distance matrix: done in 9.23779e-05 secs using 455.7% CPU
Computing ML distances took 0.000210 sec (of wall-clock time) 0.000535 sec (of CPU time)
Setting up auxiliary I and S matrices: done in 0.000434558 secs using 293.9% CPU
Constructing RapidNJ tree: done in 0.0073932 secs using 32.48% CPU
Computing RapidNJ tree took 0.007900 sec (of wall-clock time) 0.003725 sec (of CPU time)
Log-likelihood of RapidNJ tree: -1048928.915
--------------------------------------------------------------------
|             INITIALIZING CANDIDATE TREE SET                      |
--------------------------------------------------------------------
Generating 98 parsimony trees... 25.654 second
Computing log-likelihood of 98 initial trees ... 91.907 seconds
Current best score: -943669.617

Do NNI search on 20 best initial trees
Optimizing NNI: done in 7.24566 secs using 398.3% CPU
Estimate model parameters (epsilon = 0.100)
Initial log-likelihood: -943483.795
Current log-likelihood at step 1: -943482.185
Current log-likelihood at step 2: -943482.074
Current log-likelihood at step 3: -943481.979
Parameters optimization took 2 rounds (26.917 sec)

BETTER TREE FOUND at iteration 1: -943481.979
Optimizing NNI: done in 14.151 secs using 399% CPU
Optimizing NNI: done in 16.7968 secs using 397.1% CPU
Optimizing NNI: done in 17.0821 secs using 398.5% CPU
Optimizing NNI: done in 14.4197 secs using 398.6% CPU
Optimizing NNI: done in 16.4387 secs using 398.8% CPU
Optimizing NNI: done in 14.4709 secs using 399% CPU
Optimizing NNI: done in 16.0628 secs using 399% CPU
Optimizing NNI: done in 19.9263 secs using 398.8% CPU
Optimizing NNI: done in 17.8781 secs using 398.8% CPU
Iteration 10 / LogL: -943497.455 / Time: 0h:12m:11s
Optimizing NNI: done in 17.4655 secs using 398.8% CPU
Optimizing NNI: done in 13.4051 secs using 398.8% CPU
Optimizing NNI: done in 17.393 secs using 398.9% CPU
Optimizing NNI: done in 17.9514 secs using 398.8% CPU
Optimizing NNI: done in 19.0128 secs using 397.7% CPU
Optimizing NNI: done in 21.6684 secs using 398.3% CPU
Optimizing NNI: done in 13.3488 secs using 396.7% CPU
Optimizing NNI: done in 20.3236 secs using 398.5% CPU
Optimizing NNI: done in 18.4339 secs using 395.9% CPU
Optimizing NNI: done in 19.1982 secs using 396.7% CPU
Iteration 20 / LogL: -943496.012 / Time: 0h:15m:11s
Finish initializing candidate tree set (1)
Current best tree score: -943481.979 / CPU time: 480.685
Number of iterations: 20
--------------------------------------------------------------------
|               OPTIMIZING CANDIDATE TREE SET                      |
--------------------------------------------------------------------
Optimizing NNI: done in 19.276 secs using 398.3% CPU
Optimizing NNI: done in 17.5336 secs using 398.4% CPU
Optimizing NNI: done in 15.4816 secs using 397.9% CPU
Optimizing NNI: done in 13.9491 secs using 397.8% CPU
Optimizing NNI: done in 15.6529 secs using 396.9% CPU
Optimizing NNI: done in 16.1705 secs using 397.1% CPU
Optimizing NNI: done in 14.1841 secs using 397.8% CPU
Optimizing NNI: done in 13.5775 secs using 398.6% CPU
Optimizing NNI: done in 17.2897 secs using 398.5% CPU
Optimizing NNI: done in 11.6431 secs using 398.5% CPU
Iteration 30 / LogL: -943491.787 / Time: 0h:17m:48s (4h:49m:9s left)
Optimizing NNI: done in 16.3655 secs using 398.6% CPU
Optimizing NNI: done in 19.4599 secs using 398.1% CPU
Optimizing NNI: done in 16.9142 secs using 398.3% CPU
Optimizing NNI: done in 11.873 secs using 398.3% CPU
Optimizing NNI: done in 17.1576 secs using 397.6% CPU
Optimizing NNI: done in 16.5675 secs using 398.5% CPU
Optimizing NNI: done in 19.7299 secs using 398.4% CPU
Optimizing NNI: done in 10.1793 secs using 398.6% CPU
Optimizing NNI: done in 16.8728 secs using 397.6% CPU
Optimizing NNI: done in 16.4364 secs using 398.3% CPU
Iteration 40 / LogL: -943482.345 / Time: 0h:20m:31s (4h:2m:38s left)
Optimizing NNI: done in 16.0332 secs using 398.4% CPU
Optimizing NNI: done in 15.1337 secs using 398.7% CPU
Optimizing NNI: done in 15.7704 secs using 398.7% CPU
Optimizing NNI: done in 14.3233 secs using 398.6% CPU
Optimizing NNI: done in 16.2081 secs using 398.9% CPU
Optimizing NNI: done in 18.7539 secs using 398.5% CPU
Optimizing NNI: done in 15.5719 secs using 398.6% CPU
Optimizing NNI: done in 13.3648 secs using 398.6% CPU
Optimizing NNI: done in 13.2462 secs using 398.9% CPU
Optimizing NNI: done in 15.9907 secs using 398.3% CPU
Iteration 50 / LogL: -943510.223 / Time: 0h:23m:8s (3h:32m:53s left)
Log-likelihood cutoff on original alignment: -943568.459
Optimizing NNI: done in 19.4718 secs using 398.8% CPU
Optimizing NNI: done in 13.9368 secs using 398.3% CPU
Optimizing NNI: done in 16.664 secs using 398.5% CPU
Optimizing NNI: done in 18.6638 secs using 398.8% CPU
Optimizing NNI: done in 16.0358 secs using 398.5% CPU
Optimizing NNI: done in 21.4146 secs using 398.8% CPU
Optimizing NNI: done in 13.9781 secs using 398.7% CPU
Optimizing NNI: done in 14.2662 secs using 398.3% CPU
Optimizing NNI: done in 16.6335 secs using 398.4% CPU
Optimizing NNI: done in 13.6937 secs using 397.5% CPU
Iteration 60 / LogL: -943485.711 / Time: 0h:25m:54s (3h:13m:39s left)
Optimizing NNI: done in 16.7396 secs using 398% CPU
Optimizing NNI: done in 17.0984 secs using 397.8% CPU
Optimizing NNI: done in 15.7523 secs using 396.7% CPU
Optimizing NNI: done in 17.7346 secs using 398.1% CPU
Optimizing NNI: done in 19.2029 secs using 398.3% CPU
Optimizing NNI: done in 18.0165 secs using 398.7% CPU
Optimizing NNI: done in 16.5788 secs using 398.4% CPU
Optimizing NNI: done in 17.7969 secs using 398.3% CPU
Optimizing NNI: done in 16.8157 secs using 398.3% CPU
Optimizing NNI: done in 15.752 secs using 398.1% CPU
Iteration 70 / LogL: -943488.903 / Time: 0h:28m:48s (2h:59m:53s left)
Optimizing NNI: done in 14.2588 secs using 398.5% CPU
Optimizing NNI: done in 15.667 secs using 398.4% CPU
Optimizing NNI: done in 15.5446 secs using 397.3% CPU
Optimizing NNI: done in 19.1078 secs using 396.6% CPU
Optimizing NNI: done in 13.5337 secs using 398.4% CPU
Optimizing NNI: done in 15.4193 secs using 397.9% CPU
Optimizing NNI: done in 16.3559 secs using 396.8% CPU
Optimizing NNI: done in 19.6079 secs using 398% CPU
Optimizing NNI: done in 16.7912 secs using 397.2% CPU
Optimizing NNI: done in 13.8366 secs using 398.6% CPU
Iteration 80 / LogL: -943482.468 / Time: 0h:31m:30s (2h:47m:51s left)
Optimizing NNI: done in 15.1386 secs using 397.3% CPU
Optimizing NNI: done in 11.8449 secs using 398.2% CPU
Optimizing NNI: done in 25.0898 secs using 397.9% CPU
Optimizing NNI: done in 14.9925 secs using 396.7% CPU
Optimizing NNI: done in 15.2256 secs using 397.4% CPU
Optimizing NNI: done in 13.4889 secs using 398.3% CPU
Optimizing NNI: done in 22.0531 secs using 398.6% CPU
Optimizing NNI: done in 13.5992 secs using 398.7% CPU
Optimizing NNI: done in 11.6366 secs using 398.9% CPU
Optimizing NNI: done in 16.2515 secs using 396.8% CPU
Iteration 90 / LogL: -943487.685 / Time: 0h:34m:11s (2h:37m:51s left)
Optimizing NNI: done in 14.7045 secs using 396.9% CPU
Optimizing NNI: done in 16.2578 secs using 398.8% CPU
Optimizing NNI: done in 17.9174 secs using 397% CPU
Optimizing NNI: done in 13.022 secs using 398.5% CPU
Optimizing NNI: done in 15.5408 secs using 398.7% CPU
Optimizing NNI: done in 16.4362 secs using 398.3% CPU
Optimizing NNI: done in 17.7468 secs using 397.7% CPU
Optimizing NNI: done in 15.9627 secs using 398.5% CPU
Optimizing NNI: done in 12.2643 secs using 398.7% CPU
Optimizing NNI: done in 25.1224 secs using 398.4% CPU
Iteration 100 / LogL: -943483.484 / Time: 0h:36m:58s (2h:29m:43s left)
Log-likelihood cutoff on original alignment: -943568.317
NOTE: Bootstrap correlation coefficient of split occurrence frequencies: 1.000
Optimizing NNI: done in 19.5839 secs using 398.1% CPU
Optimizing NNI: done in 14.8677 secs using 398.6% CPU
Optimizing NNI: done in 18.708 secs using 398.2% CPU
Optimizing NNI: done in 15.8654 secs using 398.4% CPU
Optimizing NNI: done in 19.4895 secs using 398.3% CPU
Optimizing NNI: done in 19.708 secs using 398.4% CPU
Optimizing NNI: done in 18.9989 secs using 398.6% CPU
Optimizing NNI: done in 19.4575 secs using 398.5% CPU
Optimizing NNI: done in 18.4542 secs using 398.4% CPU
Optimizing NNI: done in 22.5131 secs using 398.3% CPU
Iteration 110 / LogL: -943482.522 / Time: 0h:40m:7s (2h:23m:55s left)
Optimizing NNI: done in 15.8973 secs using 397.3% CPU
Optimizing NNI: done in 19.4586 secs using 398.6% CPU
Optimizing NNI: done in 17.4701 secs using 397.1% CPU
Optimizing NNI: done in 14.8846 secs using 398.8% CPU
Optimizing NNI: done in 13.0355 secs using 398.8% CPU
Optimizing NNI: done in 16.2691 secs using 396.3% CPU
Optimizing NNI: done in 16.0321 secs using 397% CPU
Optimizing NNI: done in 13.7494 secs using 398.2% CPU
Optimizing NNI: done in 16.8582 secs using 397.7% CPU
Optimizing NNI: done in 14.7946 secs using 396.9% CPU
Iteration 120 / LogL: -943482.749 / Time: 0h:42m:48s (2h:17m:1s left)
Optimizing NNI: done in 18.0416 secs using 398.2% CPU
Optimizing NNI: done in 12.2267 secs using 398.6% CPU
Optimizing NNI: done in 17.6079 secs using 397.3% CPU
Optimizing NNI: done in 14.0532 secs using 398.5% CPU
Optimizing NNI: done in 15.6002 secs using 397.9% CPU
Optimizing NNI: done in 17.019 secs using 398.6% CPU
Optimizing NNI: done in 18.1438 secs using 398.4% CPU
Optimizing NNI: done in 14.2946 secs using 398.8% CPU
Optimizing NNI: done in 17.0536 secs using 398.9% CPU
Optimizing NNI: done in 12.3479 secs using 398.6% CPU
Iteration 130 / LogL: -943517.327 / Time: 0h:45m:26s (2h:10m:39s left)
Optimizing NNI: done in 16.14 secs using 398.8% CPU
Optimizing NNI: done in 14.7794 secs using 398.7% CPU
Optimizing NNI: done in 18.9829 secs using 398.7% CPU
Optimizing NNI: done in 22.4362 secs using 398.8% CPU
Optimizing NNI: done in 15.7609 secs using 398.8% CPU
Optimizing NNI: done in 16.9476 secs using 398.7% CPU
Optimizing NNI: done in 16.9722 secs using 398.5% CPU
Optimizing NNI: done in 16.9521 secs using 398.7% CPU
Optimizing NNI: done in 15.1868 secs using 398.6% CPU
Optimizing NNI: done in 17.3694 secs using 398.4% CPU
Iteration 140 / LogL: -943482.460 / Time: 0h:48m:19s (2h:5m:29s left)
Optimizing NNI: done in 13.6474 secs using 398.6% CPU
Optimizing NNI: done in 21.9937 secs using 398.2% CPU
Optimizing NNI: done in 15.9196 secs using 398.8% CPU
Optimizing NNI: done in 17.7422 secs using 398.6% CPU
Optimizing NNI: done in 15.8977 secs using 398.5% CPU
Optimizing NNI: done in 18.6532 secs using 398.7% CPU
Optimizing NNI: done in 12.3656 secs using 398.5% CPU
Optimizing NNI: done in 20.3026 secs using 398.8% CPU
Optimizing NNI: done in 13.4626 secs using 398.6% CPU
Optimizing NNI: done in 17.4594 secs using 398.3% CPU
Iteration 150 / LogL: -943510.377 / Time: 0h:51m:8s (2h:0m:28s left)
Log-likelihood cutoff on original alignment: -943568.317
Optimizing NNI: done in 18.2755 secs using 398.6% CPU
Optimizing NNI: done in 17.0315 secs using 398.7% CPU
Optimizing NNI: done in 19.9052 secs using 398.7% CPU
Optimizing NNI: done in 19.3578 secs using 398.6% CPU
Optimizing NNI: done in 18.3359 secs using 398.9% CPU
Optimizing NNI: done in 17.5958 secs using 398.3% CPU
Optimizing NNI: done in 16.9703 secs using 398.6% CPU
Optimizing NNI: done in 11.8081 secs using 398.7% CPU
Optimizing NNI: done in 18.3076 secs using 398.4% CPU
Optimizing NNI: done in 16.6306 secs using 398.7% CPU
Iteration 160 / LogL: -943484.132 / Time: 0h:54m:5s (1h:55m:58s left)
Optimizing NNI: done in 14.4925 secs using 398.7% CPU
Optimizing NNI: done in 15.2492 secs using 398.9% CPU
Optimizing NNI: done in 19.1181 secs using 399% CPU
Optimizing NNI: done in 18.6484 secs using 396.4% CPU
Optimizing NNI: done in 18.2013 secs using 398.7% CPU
Optimizing NNI: done in 15.2143 secs using 398.5% CPU
Optimizing NNI: done in 17.6415 secs using 397.1% CPU
Optimizing NNI: done in 20.687 secs using 397.5% CPU
Optimizing NNI: done in 17.4226 secs using 397.2% CPU
Optimizing NNI: done in 19.0567 secs using 396.1% CPU
Iteration 170 / LogL: -943483.182 / Time: 0h:57m:2s (1h:51m:42s left)
Optimizing NNI: done in 13.8727 secs using 398.3% CPU
Optimizing NNI: done in 17.288 secs using 398.5% CPU
Optimizing NNI: done in 16.3973 secs using 398.9% CPU
Optimizing NNI: done in 20.959 secs using 398.6% CPU
Optimizing NNI: done in 12.2699 secs using 397.9% CPU
Optimizing NNI: done in 17.4071 secs using 398% CPU
Optimizing NNI: done in 16.5742 secs using 398.5% CPU
Optimizing NNI: done in 18.4855 secs using 398.6% CPU
Optimizing NNI: done in 11.1248 secs using 398.6% CPU
Optimizing NNI: done in 17.8379 secs using 398.5% CPU
Iteration 180 / LogL: -943482.102 / Time: 0h:59m:46s (1h:47m:11s left)
Optimizing NNI: done in 16.8476 secs using 398.7% CPU
Optimizing NNI: done in 16.6711 secs using 398.4% CPU
Optimizing NNI: done in 16.6758 secs using 398.5% CPU
Optimizing NNI: done in 18.3951 secs using 397.6% CPU
Optimizing NNI: done in 18.2757 secs using 398.6% CPU
Optimizing NNI: done in 14.1852 secs using 398.4% CPU
Optimizing NNI: done in 16.7252 secs using 397.8% CPU
Optimizing NNI: done in 15.535 secs using 397.6% CPU
Optimizing NNI: done in 17.5413 secs using 398.8% CPU
Optimizing NNI: done in 16.4566 secs using 397.1% CPU
Iteration 190 / LogL: -943482.685 / Time: 1h:2m:35s (1h:42m:59s left)
Optimizing NNI: done in 18.8894 secs using 398.5% CPU
Optimizing NNI: done in 18.1761 secs using 398.9% CPU
Optimizing NNI: done in 15.8156 secs using 398.8% CPU
Optimizing NNI: done in 14.7907 secs using 398.9% CPU
Optimizing NNI: done in 19.1636 secs using 398.4% CPU
Optimizing NNI: done in 15.3116 secs using 398.5% CPU
Optimizing NNI: done in 15.2789 secs using 397.5% CPU
Optimizing NNI: done in 16.5471 secs using 398.3% CPU
Optimizing NNI: done in 21.4425 secs using 396.4% CPU
Optimizing NNI: done in 19.3887 secs using 398.5% CPU
Iteration 200 / LogL: -943482.659 / Time: 1h:5m:32s (1h:39m:7s left)
Log-likelihood cutoff on original alignment: -943568.515
NOTE: Bootstrap correlation coefficient of split occurrence frequencies: 1.000
Optimizing NNI: done in 15.489 secs using 396.6% CPU
Optimizing NNI: done in 17.5166 secs using 396.2% CPU
Optimizing NNI: done in 19.4169 secs using 397.1% CPU
Optimizing NNI: done in 12.6933 secs using 397.2% CPU
Optimizing NNI: done in 13.0494 secs using 397.9% CPU
Optimizing NNI: done in 13.0537 secs using 398.7% CPU
Optimizing NNI: done in 15.9076 secs using 396.3% CPU
Optimizing NNI: done in 12.4357 secs using 397.9% CPU
Optimizing NNI: done in 14.4478 secs using 397.7% CPU
Optimizing NNI: done in 15.9477 secs using 398.2% CPU
Iteration 210 / LogL: -943483.504 / Time: 1h:8m:4s (1h:34m:46s left)
Optimizing NNI: done in 22.6913 secs using 397.4% CPU
Optimizing NNI: done in 18.3861 secs using 397.1% CPU
Optimizing NNI: done in 17.2598 secs using 397.6% CPU
Optimizing NNI: done in 19.7566 secs using 397.3% CPU
Optimizing NNI: done in 19.3428 secs using 395.2% CPU
Optimizing NNI: done in 19.9078 secs using 397.6% CPU
Optimizing NNI: done in 17.6324 secs using 395.7% CPU
Optimizing NNI: done in 14.4173 secs using 397.3% CPU
Optimizing NNI: done in 13.8726 secs using 398% CPU
Optimizing NNI: done in 18.0484 secs using 396.7% CPU
Iteration 220 / LogL: -943482.635 / Time: 1h:11m:7s (1h:31m:15s left)
Optimizing NNI: done in 19.1758 secs using 396.7% CPU
Optimizing NNI: done in 18.9222 secs using 397.2% CPU
Optimizing NNI: done in 15.3679 secs using 397.9% CPU
Optimizing NNI: done in 17.4776 secs using 397.9% CPU
Optimizing NNI: done in 13.9281 secs using 397.2% CPU
Optimizing NNI: done in 13.8872 secs using 397.6% CPU
Optimizing NNI: done in 13.6272 secs using 398.4% CPU
Optimizing NNI: done in 19.9253 secs using 398.3% CPU
Optimizing NNI: done in 16.5807 secs using 397.2% CPU
Optimizing NNI: done in 18.141 secs using 398.4% CPU
Iteration 230 / LogL: -943482.674 / Time: 1h:13m:56s (1h:27m:29s left)
Optimizing NNI: done in 17.9977 secs using 398.1% CPU
Optimizing NNI: done in 19.9435 secs using 397.5% CPU
Optimizing NNI: done in 15.6624 secs using 398.8% CPU
Optimizing NNI: done in 20.5607 secs using 398.5% CPU
Optimizing NNI: done in 17.8586 secs using 398.6% CPU
Optimizing NNI: done in 15.135 secs using 398.1% CPU
Optimizing NNI: done in 15.3955 secs using 397.4% CPU
Optimizing NNI: done in 20.5418 secs using 398.3% CPU
Optimizing NNI: done in 15.7143 secs using 398.6% CPU
Optimizing NNI: done in 15.0656 secs using 398.2% CPU
Iteration 240 / LogL: -943486.027 / Time: 1h:16m:52s (1h:23m:56s left)
Optimizing NNI: done in 15.4358 secs using 397.5% CPU
Optimizing NNI: done in 15.1866 secs using 398.3% CPU
Optimizing NNI: done in 18.1791 secs using 397.6% CPU
Optimizing NNI: done in 14.0387 secs using 396.5% CPU
Optimizing NNI: done in 22.5657 secs using 397.9% CPU
Optimizing NNI: done in 19.1688 secs using 397.4% CPU
Optimizing NNI: done in 22.8135 secs using 396.8% CPU
Optimizing NNI: done in 17.4946 secs using 398.8% CPU
Optimizing NNI: done in 11.4864 secs using 398.5% CPU
Optimizing NNI: done in 16.66 secs using 397.8% CPU
Iteration 250 / LogL: -943489.291 / Time: 1h:19m:47s (1h:20m:25s left)
Log-likelihood cutoff on original alignment: -943568.347
Optimizing NNI: done in 23.396 secs using 398.4% CPU
Optimizing NNI: done in 12.8872 secs using 398.6% CPU
Optimizing NNI: done in 22.1403 secs using 398.2% CPU
Optimizing NNI: done in 21.4042 secs using 398.4% CPU
Optimizing NNI: done in 13.962 secs using 398.6% CPU
Optimizing NNI: done in 17.4402 secs using 398.6% CPU
Optimizing NNI: done in 17.2271 secs using 397% CPU
Optimizing NNI: done in 16.5739 secs using 398.2% CPU
Optimizing NNI: done in 20.1056 secs using 397.6% CPU
Optimizing NNI: done in 16.5624 secs using 398.1% CPU
Iteration 260 / LogL: -943485.988 / Time: 1h:22m:50s (1h:17m:4s left)
Optimizing NNI: done in 17.0076 secs using 398.4% CPU
Optimizing NNI: done in 10.7039 secs using 396.8% CPU
Optimizing NNI: done in 16.4391 secs using 398.3% CPU
Optimizing NNI: done in 17.5736 secs using 398.1% CPU
Optimizing NNI: done in 16.7702 secs using 397.8% CPU
Optimizing NNI: done in 21.482 secs using 398.3% CPU
Optimizing NNI: done in 19.772 secs using 398.4% CPU
Optimizing NNI: done in 19.1567 secs using 398.7% CPU
Optimizing NNI: done in 15.5935 secs using 398.4% CPU
Optimizing NNI: done in 12.2857 secs using 398.6% CPU
Iteration 270 / LogL: -943507.050 / Time: 1h:25m:39s (1h:13m:33s left)
Optimizing NNI: done in 15.5676 secs using 398.3% CPU
Optimizing NNI: done in 19.2768 secs using 398.1% CPU
Optimizing NNI: done in 16.0926 secs using 398.7% CPU
Optimizing NNI: done in 11.8308 secs using 396.8% CPU
Optimizing NNI: done in 16.2695 secs using 398.5% CPU
Optimizing NNI: done in 16.7256 secs using 397.1% CPU
Optimizing NNI: done in 20.9961 secs using 397% CPU
Optimizing NNI: done in 16.0924 secs using 398.7% CPU
Optimizing NNI: done in 27.1483 secs using 398.4% CPU
Optimizing NNI: done in 15.6583 secs using 398.6% CPU
Iteration 280 / LogL: -943482.675 / Time: 1h:28m:36s (1h:10m:11s left)
Optimizing NNI: done in 18.7026 secs using 397.5% CPU
Optimizing NNI: done in 13.5707 secs using 398.3% CPU
Optimizing NNI: done in 18.8499 secs using 397.4% CPU
Optimizing NNI: done in 18.6056 secs using 398.8% CPU
Optimizing NNI: done in 17.2946 secs using 398.4% CPU
Optimizing NNI: done in 16.7758 secs using 398% CPU
Optimizing NNI: done in 19.2581 secs using 397.7% CPU
Optimizing NNI: done in 17.3414 secs using 398.4% CPU
Optimizing NNI: done in 16.2673 secs using 395.9% CPU
Optimizing NNI: done in 14.13 secs using 397.3% CPU
Iteration 290 / LogL: -943483.957 / Time: 1h:31m:29s (1h:6m:47s left)
Optimizing NNI: done in 16.0564 secs using 396.9% CPU
Optimizing NNI: done in 17.8935 secs using 396.8% CPU
Optimizing NNI: done in 16.3375 secs using 396.6% CPU
Optimizing NNI: done in 21.6518 secs using 398.6% CPU
Optimizing NNI: done in 12.7119 secs using 397.8% CPU
Optimizing NNI: done in 12.2422 secs using 398.6% CPU
Optimizing NNI: done in 16.6317 secs using 398.1% CPU
Optimizing NNI: done in 14.623 secs using 397.7% CPU
Optimizing NNI: done in 17.1488 secs using 398.6% CPU
Optimizing NNI: done in 14.9535 secs using 398.4% CPU
Iteration 300 / LogL: -943489.583 / Time: 1h:34m:11s (1h:3m:19s left)
Log-likelihood cutoff on original alignment: -943568.347
NOTE: Bootstrap correlation coefficient of split occurrence frequencies: 1.000
Optimizing NNI: done in 21.8103 secs using 398.3% CPU
Optimizing NNI: done in 15.2043 secs using 398.4% CPU
Optimizing NNI: done in 12.1771 secs using 398.8% CPU
Optimizing NNI: done in 15.239 secs using 397.8% CPU
Optimizing NNI: done in 9.55017 secs using 397.8% CPU
Optimizing NNI: done in 18.8422 secs using 397.7% CPU
Optimizing NNI: done in 14.4366 secs using 398.5% CPU
Optimizing NNI: done in 19.1021 secs using 397.3% CPU
Optimizing NNI: done in 19.0374 secs using 398.4% CPU
Optimizing NNI: done in 17.5019 secs using 398.5% CPU
Iteration 310 / LogL: -943489.857 / Time: 1h:36m:56s (0h:59m:55s left)
Optimizing NNI: done in 19.736 secs using 398.6% CPU
Optimizing NNI: done in 19.0563 secs using 397.8% CPU
Optimizing NNI: done in 17.7716 secs using 398.3% CPU
Optimizing NNI: done in 21.1942 secs using 396.5% CPU
Optimizing NNI: done in 26.3588 secs using 398.9% CPU
Optimizing NNI: done in 70.6018 secs using 180.4% CPU
Optimizing NNI: done in 93.2182 secs using 188.7% CPU
Optimizing NNI: done in 100.436 secs using 183.5% CPU
Optimizing NNI: done in 75.599 secs using 190.6% CPU
Optimizing NNI: done in 89.4495 secs using 194.9% CPU
Iteration 320 / LogL: -943482.295 / Time: 1h:45m:54s (1h:0m:5s left)
Optimizing NNI: done in 85.0551 secs using 182.2% CPU
Optimizing NNI: done in 95.0211 secs using 177.9% CPU
Optimizing NNI: done in 81.7007 secs using 185% CPU
Optimizing NNI: done in 82.18 secs using 178.6% CPU
Optimizing NNI: done in 103.504 secs using 177.6% CPU
Optimizing NNI: done in 89.5144 secs using 181.5% CPU
Optimizing NNI: done in 56.4298 secs using 193.8% CPU
Optimizing NNI: done in 78.33 secs using 185.8% CPU
Optimizing NNI: done in 99.2992 secs using 181.2% CPU
Optimizing NNI: done in 89.338 secs using 182.6% CPU
Iteration 330 / LogL: -943482.745 / Time: 2h:0m:22s (1h:2m:33s left)
Optimizing NNI: done in 108.965 secs using 180.3% CPU
Optimizing NNI: done in 74.3588 secs using 170.5% CPU
Optimizing NNI: done in 78.5713 secs using 178.9% CPU
Optimizing NNI: done in 84.5111 secs using 182.3% CPU
Optimizing NNI: done in 81.1253 secs using 175.8% CPU
Optimizing NNI: done in 84.8754 secs using 178.6% CPU
Optimizing NNI: done in 69.5784 secs using 182.5% CPU
Optimizing NNI: done in 103.049 secs using 170.7% CPU
Optimizing NNI: done in 78.6953 secs using 183.4% CPU
Optimizing NNI: done in 98.2991 secs using 166.4% CPU
Iteration 340 / LogL: -943484.507 / Time: 2h:14m:51s (1h:4m:2s left)
Optimizing NNI: done in 91.9163 secs using 177.3% CPU
Optimizing NNI: done in 124.412 secs using 177.5% CPU
Optimizing NNI: done in 96.4085 secs using 167.1% CPU
Optimizing NNI: done in 89.7058 secs using 173.7% CPU
Optimizing NNI: done in 94.1561 secs using 173.4% CPU
Optimizing NNI: done in 81.6901 secs using 179.3% CPU
Optimizing NNI: done in 88.1161 secs using 175.2% CPU
Optimizing NNI: done in 101.749 secs using 169.5% CPU
Optimizing NNI: done in 128.531 secs using 180% CPU
Optimizing NNI: done in 82.9236 secs using 182.5% CPU
Iteration 350 / LogL: -943482.167 / Time: 2h:31m:18s (1h:5m:27s left)
Log-likelihood cutoff on original alignment: -943568.588
Optimizing NNI: done in 101.244 secs using 194.8% CPU
Optimizing NNI: done in 78.9813 secs using 178% CPU
Optimizing NNI: done in 91.9958 secs using 180.2% CPU
Optimizing NNI: done in 89.4439 secs using 190.3% CPU
Optimizing NNI: done in 78.9114 secs using 181.5% CPU
Optimizing NNI: done in 75.0601 secs using 172.8% CPU
Optimizing NNI: done in 76.8741 secs using 184.1% CPU
Optimizing NNI: done in 92.8441 secs using 182% CPU
Optimizing NNI: done in 78.2751 secs using 179.5% CPU
Optimizing NNI: done in 82.0921 secs using 186.4% CPU
Iteration 360 / LogL: -943482.544 / Time: 2h:45m:32s (1h:5m:0s left)
Optimizing NNI: done in 102.662 secs using 175.9% CPU
Optimizing NNI: done in 66.9736 secs using 171.8% CPU
Optimizing NNI: done in 71.0089 secs using 182.1% CPU
Optimizing NNI: done in 82.8751 secs using 193.3% CPU
Optimizing NNI: done in 75.1107 secs using 178.4% CPU
Optimizing NNI: done in 101.173 secs using 179.4% CPU
Optimizing NNI: done in 118.663 secs using 178.8% CPU
Optimizing NNI: done in 77.6139 secs using 194.6% CPU
Optimizing NNI: done in 68.6006 secs using 187.5% CPU
Optimizing NNI: done in 99.2521 secs using 173.1% CPU
Iteration 370 / LogL: -943482.241 / Time: 3h:0m:4s (1h:3m:55s left)
Optimizing NNI: done in 99.4543 secs using 177.5% CPU
Optimizing NNI: done in 98.8487 secs using 187.3% CPU
Optimizing NNI: done in 109.99 secs using 185.7% CPU
Optimizing NNI: done in 86.652 secs using 184% CPU
Optimizing NNI: done in 76.3201 secs using 178.3% CPU
Optimizing NNI: done in 98.5481 secs using 184.1% CPU
Optimizing NNI: done in 113.848 secs using 181.2% CPU
Optimizing NNI: done in 98.2115 secs using 178.4% CPU
Optimizing NNI: done in 87.715 secs using 173.2% CPU
Optimizing NNI: done in 76.2041 secs using 178.5% CPU
Iteration 380 / LogL: -943484.193 / Time: 3h:15m:58s (1h:2m:33s left)
Optimizing NNI: done in 82.45 secs using 184.6% CPU
Optimizing NNI: done in 70.3051 secs using 186.2% CPU
Optimizing NNI: done in 118.388 secs using 180.7% CPU
Optimizing NNI: done in 78.1451 secs using 188.2% CPU
Optimizing NNI: done in 92.3225 secs using 175.7% CPU
Optimizing NNI: done in 101.026 secs using 177.9% CPU
Optimizing NNI: done in 116.703 secs using 186.2% CPU
Optimizing NNI: done in 54.8182 secs using 186.8% CPU
Optimizing NNI: done in 101.962 secs using 179.9% CPU
Optimizing NNI: done in 81.5913 secs using 179.3% CPU
Iteration 390 / LogL: -943483.015 / Time: 3h:31m:3s (1h:0m:13s left)
Optimizing NNI: done in 96.1001 secs using 178.2% CPU
Optimizing NNI: done in 88.9611 secs using 168.6% CPU
Optimizing NNI: done in 89.0759 secs using 165.2% CPU
Optimizing NNI: done in 81.1821 secs using 176.5% CPU
Optimizing NNI: done in 91.011 secs using 173.2% CPU
Optimizing NNI: done in 116.291 secs using 180.1% CPU
Optimizing NNI: done in 75.6168 secs using 169.9% CPU
Optimizing NNI: done in 103.259 secs using 180.3% CPU
Optimizing NNI: done in 82.2249 secs using 184.1% CPU
Optimizing NNI: done in 84.257 secs using 180.7% CPU
Iteration 400 / LogL: -943482.780 / Time: 3h:46m:19s (0h:57m:17s left)
Log-likelihood cutoff on original alignment: -943568.588
NOTE: Bootstrap correlation coefficient of split occurrence frequencies: 1.000
Optimizing NNI: done in 67.5081 secs using 184% CPU
Optimizing NNI: done in 101.248 secs using 175.6% CPU
Optimizing NNI: done in 98.8721 secs using 164.5% CPU
Optimizing NNI: done in 83.7252 secs using 177.3% CPU
Optimizing NNI: done in 75.1006 secs using 168.5% CPU
Optimizing NNI: done in 71.7839 secs using 188.8% CPU
Optimizing NNI: done in 98.7721 secs using 183.8% CPU
Optimizing NNI: done in 77.298 secs using 182% CPU
Optimizing NNI: done in 66.1106 secs using 181.5% CPU
Optimizing NNI: done in 77.6408 secs using 185.1% CPU
Iteration 410 / LogL: -943484.359 / Time: 4h:0m:5s (0h:53m:25s left)
Optimizing NNI: done in 91.4718 secs using 179.7% CPU
Optimizing NNI: done in 82.9097 secs using 164.3% CPU
Optimizing NNI: done in 81.4381 secs using 179% CPU
Optimizing NNI: done in 84.9905 secs using 186% CPU
Optimizing NNI: done in 69.3231 secs using 175.2% CPU
Optimizing NNI: done in 85.6331 secs using 167.3% CPU
Optimizing NNI: done in 99.2828 secs using 165.9% CPU
Optimizing NNI: done in 100.361 secs using 184.9% CPU
Optimizing NNI: done in 85.9426 secs using 160.7% CPU
Optimizing NNI: done in 74.9709 secs using 173.7% CPU
Iteration 420 / LogL: -943482.482 / Time: 4h:14m:29s (0h:49m:11s left)
Optimizing NNI: done in 84.425 secs using 174.9% CPU
Optimizing NNI: done in 92.5699 secs using 178.4% CPU
Optimizing NNI: done in 79.6827 secs using 174.2% CPU
Optimizing NNI: done in 77.7561 secs using 173.3% CPU
Optimizing NNI: done in 125.036 secs using 175.4% CPU
Optimizing NNI: done in 132.077 secs using 168% CPU
Optimizing NNI: done in 73.909 secs using 170.3% CPU
Optimizing NNI: done in 86.3168 secs using 173.2% CPU
Optimizing NNI: done in 118.066 secs using 152.7% CPU
Optimizing NNI: done in 99.7996 secs using 167.9% CPU
Iteration 430 / LogL: -943482.780 / Time: 4h:30m:47s (0h:44m:48s left)
Optimizing NNI: done in 95.9881 secs using 175.1% CPU
Optimizing NNI: done in 89.8987 secs using 175.5% CPU
Optimizing NNI: done in 102.377 secs using 172.9% CPU
Optimizing NNI: done in 71.3993 secs using 171.4% CPU
Optimizing NNI: done in 100.617 secs using 170% CPU
Optimizing NNI: done in 114.263 secs using 176.8% CPU
Optimizing NNI: done in 110.095 secs using 167.4% CPU
Optimizing NNI: done in 124.137 secs using 169.2% CPU
Optimizing NNI: done in 91.009 secs using 169% CPU
Optimizing NNI: done in 93.1928 secs using 180.8% CPU
Iteration 440 / LogL: -943482.191 / Time: 4h:47m:29s (0h:39m:56s left)
Optimizing NNI: done in 100.875 secs using 164.1% CPU
Optimizing NNI: done in 74.0302 secs using 172.2% CPU
Optimizing NNI: done in 77.409 secs using 170.3% CPU
Optimizing NNI: done in 91.3247 secs using 187.9% CPU
Optimizing NNI: done in 101.846 secs using 177.1% CPU
Optimizing NNI: done in 108.794 secs using 165.4% CPU
Optimizing NNI: done in 80.5602 secs using 171.5% CPU
Optimizing NNI: done in 106.661 secs using 183.7% CPU
Optimizing NNI: done in 126.272 secs using 164.3% CPU
Optimizing NNI: done in 124.442 secs using 169.5% CPU
Iteration 450 / LogL: -943482.114 / Time: 5h:4m:10s (0h:34m:32s left)
Log-likelihood cutoff on original alignment: -943568.588
Optimizing NNI: done in 118.435 secs using 174.8% CPU
Optimizing NNI: done in 90.3642 secs using 176.9% CPU
Optimizing NNI: done in 97.591 secs using 177.4% CPU
Optimizing NNI: done in 88.089 secs using 169.4% CPU
Optimizing NNI: done in 113.122 secs using 170.7% CPU
Optimizing NNI: done in 96.5097 secs using 176% CPU
Optimizing NNI: done in 100.915 secs using 171.3% CPU
Optimizing NNI: done in 90.9851 secs using 152.6% CPU
Optimizing NNI: done in 91.3811 secs using 181.1% CPU
Optimizing NNI: done in 105.865 secs using 184% CPU
Iteration 460 / LogL: -943484.774 / Time: 5h:20m:52s (0h:28m:39s left)
Optimizing NNI: done in 109.823 secs using 167.9% CPU
Optimizing NNI: done in 99.9952 secs using 168.7% CPU
Optimizing NNI: done in 76.5756 secs using 159.4% CPU
Optimizing NNI: done in 118.515 secs using 174.4% CPU
Optimizing NNI: done in 99.3151 secs using 173.7% CPU
Optimizing NNI: done in 70.6001 secs using 186.8% CPU
Optimizing NNI: done in 94.1364 secs using 179.3% CPU
Optimizing NNI: done in 72.5421 secs using 196.6% CPU
Optimizing NNI: done in 79.8706 secs using 194.6% CPU
Optimizing NNI: done in 77.4044 secs using 203% CPU
Iteration 470 / LogL: -943482.794 / Time: 5h:35m:58s (0h:22m:12s left)
Optimizing NNI: done in 117.148 secs using 184.2% CPU
Optimizing NNI: done in 94.5161 secs using 174.3% CPU
Optimizing NNI: done in 77.5759 secs using 175.1% CPU
Optimizing NNI: done in 90.8559 secs using 183.6% CPU
Optimizing NNI: done in 121.466 secs using 141% CPU
Optimizing NNI: done in 114.375 secs using 137.7% CPU
Optimizing NNI: done in 104.588 secs using 170.2% CPU
Optimizing NNI: done in 83.0261 secs using 168.2% CPU
Optimizing NNI: done in 79.6746 secs using 168.2% CPU
Optimizing NNI: done in 117.866 secs using 160.7% CPU
Iteration 480 / LogL: -943482.512 / Time: 5h:52m:47s (0h:15m:27s left)
Optimizing NNI: done in 89.139 secs using 179.8% CPU
Optimizing NNI: done in 104.265 secs using 165.1% CPU
Optimizing NNI: done in 82.9782 secs using 178.1% CPU
Optimizing NNI: done in 64.6626 secs using 166% CPU
Optimizing NNI: done in 20.8987 secs using 386.9% CPU
Optimizing NNI: done in 15.8695 secs using 396.3% CPU
Optimizing NNI: done in 75.1066 secs using 170.2% CPU
Optimizing NNI: done in 97.1691 secs using 177% CPU
Optimizing NNI: done in 88.8913 secs using 179% CPU
Optimizing NNI: done in 103.498 secs using 180% CPU
Iteration 490 / LogL: -943482.770 / Time: 6h:5m:15s (0h:8m:12s left)
Optimizing NNI: done in 72.8456 secs using 184.6% CPU
Optimizing NNI: done in 90.147 secs using 178% CPU
Optimizing NNI: done in 90.8501 secs using 187% CPU
Optimizing NNI: done in 76.9767 secs using 183.5% CPU
Optimizing NNI: done in 95.0011 secs using 175% CPU
Optimizing NNI: done in 66.2147 secs using 183.4% CPU
Optimizing NNI: done in 89.1791 secs using 185.4% CPU
Optimizing NNI: done in 100.161 secs using 177% CPU
Optimizing NNI: done in 92.9021 secs using 175% CPU
Optimizing NNI: done in 85.9667 secs using 176.9% CPU
Iteration 500 / LogL: -943482.710 / Time: 6h:19m:43s (0h:0m:45s left)
Log-likelihood cutoff on original alignment: -943568.588
NOTE: Bootstrap correlation coefficient of split occurrence frequencies: 1.000
Optimizing NNI: done in 115.99 secs using 174.6% CPU
Optimizing NNI: done in 93.5041 secs using 178.6% CPU
TREE SEARCH COMPLETED AFTER 502 ITERATIONS / Time: 6h:23m:14s

--------------------------------------------------------------------
|                    FINALIZING TREE SEARCH                        |
--------------------------------------------------------------------
Performs final model parameters optimization
Estimate model parameters (epsilon = 0.010)
Initial log-likelihood: -943481.979
Current log-likelihood at step 1: -943481.903
Current log-likelihood at step 2: -943481.832
Current log-likelihood at step 3: -943481.775
Current log-likelihood at step 4: -943481.711
Current log-likelihood at step 5: -943481.662
Current log-likelihood at step 6: -943481.612
Current log-likelihood at step 7: -943481.571
Current log-likelihood at step 8: -943481.540
Current log-likelihood at step 9: -943481.510
Current log-likelihood at step 10: -943481.485
Current log-likelihood at step 11: -943481.460
Current log-likelihood at step 12: -943481.440
Current log-likelihood at step 13: -943481.423
Current log-likelihood at step 14: -943481.406
Current log-likelihood at step 15: -943481.388
Current log-likelihood at step 16: -943481.374
Current log-likelihood at step 17: -943481.359
Current log-likelihood at step 18: -943481.346
Current log-likelihood at step 19: -943481.333
Current log-likelihood at step 20: -943481.322
Current log-likelihood at step 21: -943481.311
Current log-likelihood at step 22: -943481.299
Current log-likelihood at step 23: -943481.290
Partition-specific rates:  0.443 1.607 0.521 0.971 0.737 1.102 1.280 0.600 0.939 0.404 0.270
Parameters optimization took 22 rounds (503.334 sec)

Partition information was printed to 03_ML_1/MLtree.best_model.nex
BEST SCORE FOUND : -943481.290
Creating bootstrap support values...
Split supports printed to NEXUS file 03_ML_1/MLtree.splits.nex
Total tree length: 12.766

Total number of iterations: 502
CPU time used for tree search: 52002.350 sec (14h:26m:42s)
Wall-clock time used for tree search: 22563.091 sec (6h:16m:3s)
Total CPU time used: 54253.753 sec (15h:4m:13s)
Total wall-clock time used: 23498.575 sec (6h:31m:38s)

Computing bootstrap consensus tree...
Reading input file 03_ML_1/MLtree.splits.nex...
31 taxa and 64 splits.
Consensus tree written to 03_ML_1/MLtree.contree
Reading input trees file 03_ML_1/MLtree.contree
Log-likelihood of consensus tree: -943481.290

---> SUMMARIZE RESULTS FROM 3 RUNS

Run 3 gave best log-likelihood: -943481.290
Split supports printed to NEXUS file 03_ML_1/MLtree.splits.nex
Consensus tree written to 03_ML_1/MLtree.contree
Total CPU time for 3 runs: 126973.644 seconds.
Total wall-clock time for 3 runs: 42112.156 seconds.


Analysis results written to: 
  IQ-TREE report:                03_ML_1/MLtree.iqtree
  Maximum-likelihood tree:       03_ML_1/MLtree.treefile
  Trees from independent runs:   03_ML_1/MLtree.runtrees
  Likelihood distances:          03_ML_1/MLtree.mldist
  Best partitioning scheme:      03_ML_1/MLtree.best_scheme.nex

Ultrafast bootstrap approximation results written to:
  Split support values:          03_ML_1/MLtree.splits.nex
  Consensus tree:                03_ML_1/MLtree.contree
  Screen log file:               03_ML_1/MLtree.log

ALISIM COMMAND
--------------
--alisim simulated_MSA -t 03_ML_1/MLtree.treefile -p 03_ML_1/fasta_files_aligned_trimmed.best_model.nex

Date and Time: Fri Oct 17 14:47:50 2025
